event_id,latitude,longitude,acq_date,acq_time_utc,satellite,instrument,confidence,daynight,brightness,bright_t31_k,frp_mw,scan,track,version,detection_datetime,source_id,persistence_score,persistent_flag,persistence_category,previous_frp_mw,frp_change_mw,cumulative_detections,first_detection,days_since_first_detection,previous_detection,hours_since_previous_detection
FIRMS_000001,20.79575,85.25475,2026-08-19,07:14,N20,VIIRS,n,D,342.63,292.68,8.12,0.39,0.44,2.0NRT,2026-08-19 00:00:00+00:00,SOURCE_0001,0.31830694159009576,True,MEDIUM,,,1,2026-08-19 00:00:00+00:00,0.0,,
FIRMS_000002,20.79179,85.25556,2026-08-19,07:14,N20,VIIRS,n,D,332.73,292.92,4.96,0.39,0.44,2.0NRT,2026-08-19 00:00:00+00:00,SOURCE_0001,0.31830694159009576,True,MEDIUM,8.12,-3.1599999999999993,2,2026-08-19 00:00:00+00:00,0.0,2026-08-19 00:00:00+00:00,0.0
FIRMS_000023,20.79609,85.25515,2026-08-19,19:45,N20,VIIRS,n,N,330.5,290.42,3.51,0.53,0.42,2.0NRT,2026-08-19 00:00:00+00:00,SOURCE_0001,0.31830694159009576,True,MEDIUM,4.96,-1.4500000000000002,3,2026-08-19 00:00:00+00:00,0.0,2026-08-19 00:00:00+00:00,0.0
FIRMS_000069,20.79224,85.25455,2026-08-19,19:45,N20,VIIRS,n,N,310.53,290.39,3.51,0.53,0.42,2.0NRT,2026-08-19 00:00:00+00:00,SOURCE_0001,0.31830694159009576,True,MEDIUM,3.51,0.0,4,2026-08-19 00:00:00+00:00,0.0,2026-08-19 00:00:00+00:00,0.0
FIRMS_000749,20.79439,85.25645,2026-08-19,20:29,N21,VIIRS,n,N,326.47,288.69,5.71,0.58,0.52,2.0NRT,2026-08-19 00:00:00+00:00,SOURCE_0001,0.31830694159009576,True,MEDIUM,3.51,2.2,5,2026-08-19 00:00:00+00:00,0.0,2026-08-19 00:00:00+00:00,0.0
FIRMS_000750,20.79549,85.25102,2026-08-19,20:29,N21,VIIRS,n,N,317.46,288.47,5.71,0.57,0.52,2.0NRT,2026-08-19 00:00:00+00:00,SOURCE_0001,0.31830694159009576,True,MEDIUM,5.71,0.0,6,2026-08-19 00:00:00+00:00,0.0,2026-08-19 00:00:00+00:00,0.0
FIRMS_000813,20.79548,85.25578,2026-08-20,07:41,N21,VIIRS,n,D,335.11,296.34,11.08,0.43,0.38,2.0NRT,2026-08-20 00:00:00+00:00,SOURCE_0001,0.31830694159009576,True,MEDIUM,5.71,5.37,7,2026-08-19 00:00:00+00:00,1.0,2026-08-19 00:00:00+00:00,24.0
FIRMS_000003,22.36498,87.30222,2026-08-19,07:16,N20,VIIRS,n,D,339.31,297.24,8.62,0.44,0.38,2.0NRT,2026-08-19 00:00:00+00:00,SOURCE_0002,0.22087291869041425,False,LOW,,,1,2026-08-19 00:00:00+00:00,0.0,,
FIRMS_000108,22.3664,87.29961,2026-08-19,19:45,N20,VIIRS,n,N,318.07,289.19,3.15,0.44,0.39,2.0NRT,2026-08-19 00:00:00+00:00,SOURCE_0002,0.22087291869041425,False,LOW,8.62,-5.469999999999999,2,2026-08-19 00:00:00+00:00,0.0,2026-08-19 00:00:00+00:00,0.0
FIRMS_000714,22.3643,87.30159,2026-08-19,20:27,N21,VIIRS,n,N,313.09,285.95,3.31,0.36,0.57,2.0NRT,2026-08-19 00:00:00+00:00,SOURCE_0002,0.22087291869041425,False,LOW,3.15,0.16000000000000014,3,2026-08-19 00:00:00+00:00,0.0,2026-08-19 00:00:00+00:00,0.0
FIRMS_000717,22.36413,87.29903,2026-08-19,20:27,N21,VIIRS,n,N,304.74,285.95,1.58,0.36,0.57,2.0NRT,2026-08-19 00:00:00+00:00,SOURCE_0002,0.22087291869041425,False,LOW,3.31,-1.73,4,2026-08-19 00:00:00+00:00,0.0,2026-08-19 00:00:00+00:00,0.0
FIRMS_000718,22.3634,87.30245,2026-08-19,20:27,N21,VIIRS,n,N,307.18,285.56,1.58,0.36,0.57,2.0NRT,2026-08-19 00:00:00+00:00,SOURCE_0002,0.22087291869041425,False,LOW,1.58,0.0,5,2026-08-19 00:00:00+00:00,0.0,2026-08-19 00:00:00+00:00,0.0
FIRMS_000004,10.95563,78.40146,2026-08-19,08:52,N20,VIIRS,n,D,332.42,292.47,4.21,0.48,0.65,2.0NRT,2026-08-19 00:00:00+00:00,SOURCE_0003,0.129241536692149,False,LOW,,,1,2026-08-19 00:00:00+00:00,0.0,,
FIRMS_000005,8.74034,77.6055,2026-08-19,08:52,N20,VIIRS,n,D,340.56,293.6,239.09,0.4,0.6,2.0NRT,2026-08-19 00:00:00+00:00,SOURCE_0004,0.6946516669970405,True,HIGH,,,1,2026-08-19 00:00:00+00:00,0.0,,
FIRMS_000118,8.74219,77.60104,2026-08-19,19:47,N20,VIIRS,n,N,353.29,291.75,11.51,0.38,0.59,2.0NRT,2026-08-19 00:00:00+00:00,SOURCE_0004,0.6946516669970405,True,HIGH,239.09,-227.58,2,2026-08-19 00:00:00+00:00,0.0,2026-08-19 00:00:00+00:00,0.0
FIRMS_000119,8.74267,77.59756,2026-08-19,19:47,N20,VIIRS,h,N,367.0,286.78,11.51,0.38,0.59,2.0NRT,2026-08-19 00:00:00+00:00,SOURCE_0004,0.6946516669970405,True,HIGH,11.51,0.0,3,2026-08-19 00:00:00+00:00,0.0,2026-08-19 00:00:00+00:00,0.0
FIRMS_000123,8.7441,77.60194,2026-08-19,19:49,N20,VIIRS,n,N,322.96,286.54,3.12,0.38,0.59,2.0NRT,2026-08-19 00:00:00+00:00,SOURCE_0004,0.6946516669970405,True,HIGH,11.51,-8.39,4,2026-08-19 00:00:00+00:00,0.0,2026-08-19 00:00:00+00:00,0.0
FIRMS_000124,8.74455,77.59845,2026-08-19,19:49,N20,VIIRS,n,N,334.36,285.6,3.12,0.38,0.59,2.0NRT,2026-08-19 00:00:00+00:00,SOURCE_0004,0.6946516669970405,True,HIGH,3.12,0.0,5,2026-08-19 00:00:00+00:00,0.0,2026-08-19 00:00:00+00:00,0.0
FIRMS_000791,8.74104,77.59702,2026-08-19,20:32,N21,VIIRS,n,N,330.52,295.83,17.22,0.47,0.39,2.0NRT,2026-08-19 00:00:00+00:00,SOURCE_0004,0.6946516669970405,True,HIGH,3.12,14.099999999999998,6,2026-08-19 00:00:00+00:00,0.0,2026-08-19 00:00:00+00:00,0.0
FIRMS_000792,8.74035,77.6012,2026-08-19,20:32,N21,VIIRS,n,N,344.45,305.11,27.52,0.47,0.39,2.0NRT,2026-08-19 00:00:00+00:00,SOURCE_0004,0.6946516669970405,True,HIGH,17.22,10.3,7,2026-08-19 00:00:00+00:00,0.0,2026-08-19 00:00:00+00:00,0.0
FIRMS_000793,8.73967,77.60538,2026-08-19,20:32,N21,VIIRS,n,N,317.62,294.05,27.52,0.47,0.39,2.0NRT,2026-08-19 00:00:00+00:00,SOURCE_0004,0.6946516669970405,True,HIGH,27.52,0.0,8,2026-08-19 00:00:00+00:00,0.0,2026-08-19 00:00:00+00:00,0.0
FIRMS_000794,8.73676,77.60059,2026-08-19,20:32,N21,VIIRS,n,N,314.17,295.12,3.34,0.47,0.39,2.0NRT,2026-08-19 00:00:00+00:00,SOURCE_0004,0.6946516669970405,True,HIGH,27.52,-24.18,9,2026-08-19 00:00:00+00:00,0.0,2026-08-19 00:00:00+00:00,0.0
FIRMS_000141,8.73847,77.60493,2026-08-20,08:35,N20,VIIRS,n,D,351.61,295.21,5.83,0.38,0.43,2.0NRT,2026-08-20 00:00:00+00:00,SOURCE_0004,0.6946516669970405,True,HIGH,3.34,2.49,10,2026-08-19 00:00:00+00:00,1.0,2026-08-19 00:00:00+00:00,24.0
FIRMS_000142,8.73786,77.60059,2026-08-20,08:35,N20,VIIRS,n,D,352.24,298.64,15.4,0.57,0.43,2.0NRT,2026-08-20 00:00:00+00:00,SOURCE_0004,0.6946516669970405,True,HIGH,5.83,9.57,11,2026-08-19 00:00:00+00:00,1.0,2026-08-20 00:00:00+00:00,0.0
FIRMS_000143,8.74184,77.60004,2026-08-20,08:35,N20,VIIRS,n,D,340.6,294.04,15.4,0.57,0.43,2.0NRT,2026-08-20 00:00:00+00:00,SOURCE_0004,0.6946516669970405,True,HIGH,15.4,0.0,12,2026-08-19 00:00:00+00:00,1.0,2026-08-20 00:00:00+00:00,0.0
FIRMS_000796,8.74019,77.60567,2026-08-20,07:37,N21,VIIRS,n,D,330.51,281.6,8.25,0.61,0.53,2.0NRT,2026-08-20 00:00:00+00:00,SOURCE_0004,0.6946516669970405,True,HIGH,15.4,-7.15,13,2026-08-19 00:00:00+00:00,1.0,2026-08-20 00:00:00+00:00,0.0
FIRMS_000801,8.73922,77.60026,2026-08-20,07:37,N21,VIIRS,n,D,352.24,282.23,8.25,0.61,0.53,2.0NRT,2026-08-20 00:00:00+00:00,SOURCE_0004,0.6946516669970405,True,HIGH,8.25,0.0,14,2026-08-19 00:00:00+00:00,1.0,2026-08-20 00:00:00+00:00,0.0
FIRMS_000935,8.74207,77.59879,2026-08-20,20:14,N21,VIIRS,n,N,303.05,270.13,1.11,0.4,0.37,2.0NRT,2026-08-20 00:00:00+00:00,SOURCE_0004,0.6946516669970405,True,HIGH,8.25,-7.14,15,2026-08-19 00:00:00+00:00,1.0,2026-08-20 00:00:00+00:00,0.0
FIRMS_000936,8.73869,77.59828,2026-08-20,20:14,N21,VIIRS,n,N,315.6,272.63,1.11,0.4,0.37,2.0NRT,2026-08-20 00:00:00+00:00,SOURCE_0004,0.6946516669970405,True,HIGH,1.11,0.0,16,2026-08-19 00:00:00+00:00,1.0,2026-08-20 00:00:00+00:00,0.0
FIRMS_000937,8.73815,77.60192,2026-08-20,20:14,N21,VIIRS,n,N,305.13,271.98,1.11,0.4,0.37,2.0NRT,2026-08-20 00:00:00+00:00,SOURCE_0004,0.6946516669970405,True,HIGH,1.11,0.0,17,2026-08-19 00:00:00+00:00,1.0,2026-08-20 00:00:00+00:00,0.0
FIRMS_000940,8.74152,77.60243,2026-08-20,20:14,N21,VIIRS,n,N,299.08,268.76,1.11,0.4,0.37,2.0NRT,2026-08-20 00:00:00+00:00,SOURCE_0004,0.6946516669970405,True,HIGH,1.11,0.0,18,2026-08-19 00:00:00+00:00,1.0,2026-08-20 00:00:00+00:00,0.0
FIRMS_000408,8.74148,77.59866,2026-08-21,20:51,N20,VIIRS,n,N,313.01,287.05,2.36,0.48,0.48,2.0NRT,2026-08-21 00:00:00+00:00,SOURCE_0004,0.6946516669970405,True,HIGH,1.11,1.2499999999999998,19,2026-08-19 00:00:00+00:00,2.0,2026-08-20 00:00:00+00:00,24.0
FIRMS_000514,8.74051,77.59778,2026-08-22,20:32,N20,VIIRS,n,N,296.69,268.68,0.78,0.41,0.37,2.0NRT,2026-08-22 00:00:00+00:00,SOURCE_0004,0.6946516669970405,True,HIGH,2.36,-1.5799999999999998,20,2026-08-19 00:00:00+00:00,3.0,2026-08-21 00:00:00+00:00,24.0
FIRMS_001172,8.73994,77.59967,2026-08-23,08:22,N21,VIIRS,n,D,336.65,302.47,3.45,0.47,0.39,2.0NRT,2026-08-23 00:00:00+00:00,SOURCE_0004,0.6946516669970405,True,HIGH,0.78,2.67,21,2026-08-19 00:00:00+00:00,4.0,2026-08-22 00:00:00+00:00,24.0
FIRMS_000006,10.74717,78.63906,2026-08-19,08:52,N20,VIIRS,n,D,334.31,290.91,5.39,0.5,0.66,2.0NRT,2026-08-19 00:00:00+00:00,SOURCE_0005,0.129241536692149,False,LOW,,,1,2026-08-19 00:00:00+00:00,0.0,,
FIRMS_000007,10.93393,78.49468,2026-08-19,08:52,N20,VIIRS,n,D,330.44,292.35,1.95,0.49,0.65,2.0NRT,2026-08-19 00:00:00+00:00,SOURCE_0006,0.129241536692149,False,LOW,,,1,2026-08-19 00:00:00+00:00,0.0,,
FIRMS_000008,8.64316,77.89857,2026-08-19,08:52,N20,VIIRS,n,D,330.82,293.39,3.76,0.42,0.61,2.0NRT,2026-08-19 00:00:00+00:00,SOURCE_0007,0.20566611972281934,False,LOW,,,1,2026-08-19 00:00:00+00:00,0.0,,
FIRMS_000010,8.63992,77.90443,2026-08-19,08:52,N20,VIIRS,n,D,337.42,293.8,6.22,0.42,0.61,2.0NRT,2026-08-19 00:00:00+00:00,SOURCE_0007,0.20566611972281934,False,LOW,3.76,2.46,2,2026-08-19 00:00:00+00:00,0.0,2026-08-19 00:00:00+00:00,0.0
FIRMS_000011,8.63941,77.90063,2026-08-19,08:52,N20,VIIRS,n,D,339.32,294.71,6.62,0.42,0.61,2.0NRT,2026-08-19 00:00:00+00:00,SOURCE_0007,0.20566611972281934,False,LOW,6.22,0.40000000000000036,3,2026-08-19 00:00:00+00:00,0.0,2026-08-19 00:00:00+00:00,0.0
FIRMS_000012,8.64364,77.90237,2026-08-19,08:52,N20,VIIRS,n,D,344.29,293.68,4.95,0.42,0.61,2.0NRT,2026-08-19 00:00:00+00:00,SOURCE_0007,0.20566611972281934,False,LOW,6.62,-1.67,4,2026-08-19 00:00:00+00:00,0.0,2026-08-19 00:00:00+00:00,0.0
FIRMS_000009,9.52572,78.76215,2026-08-19,08:52,N20,VIIRS,n,D,341.98,285.98,5.93,0.49,0.65,2.0NRT,2026-08-19 00:00:00+00:00,SOURCE_0008,0.129241536692149,False,LOW,,,1,2026-08-19 00:00:00+00:00,0.0,,
FIRMS_000013,21.10254,72.63605,2026-08-19,08:56,N20,VIIRS,n,D,333.38,287.38,4.28,0.54,0.51,2.0NRT,2026-08-19 00:00:00+00:00,SOURCE_0009,0.2692817258878132,True,LOW,,,1,2026-08-19 00:00:00+00:00,0.0,,
FIRMS_000156,21.10136,72.63664,2026-08-20,08:37,N20,VIIRS,n,D,343.8,296.92,7.25,0.44,0.38,2.0NRT,2026-08-20 00:00:00+00:00,SOURCE_0009,0.2692817258878132,True,LOW,4.28,2.9699999999999998,2,2026-08-19 00:00:00+00:00,1.0,2026-08-19 00:00:00+00:00,24.0
FIRMS_000811,21.10167,72.6348,2026-08-20,07:41,N21,VIIRS,n,D,336.17,292.3,7.3,0.38,0.59,2.0NRT,2026-08-20 00:00:00+00:00,SOURCE_0009,0.2692817258878132,True,LOW,7.25,0.04999999999999982,3,2026-08-19 00:00:00+00:00,1.0,2026-08-20 00:00:00+00:00,0.0
FIRMS_000014,27.31678,95.26754,2026-08-19,19:42,N20,VIIRS,n,N,311.22,289.96,2.63,0.47,0.4,2.0NRT,2026-08-19 00:00:00+00:00,SOURCE_0010,0.25067010812072044,True,LOW,,,1,2026-08-19 00:00:00+00:00,0.0,,
FIRMS_000834,27.31682,95.26463,2026-08-20,20:08,N21,VIIRS,n,N,306.24,285.46,1.25,0.45,0.63,2.0NRT,2026-08-20 00:00:00+00:00,SOURCE_0010,0.25067010812072044,True,LOW,2.63,-1.38,2,2026-08-19 00:00:00+00:00,1.0,2026-08-19 00:00:00+00:00,24.0
FIRMS_000015,23.75207,86.41506,2026-08-19,19:45,N20,VIIRS,n,N,302.77,270.27,0.91,0.5,0.41,2.0NRT,2026-08-19 00:00:00+00:00,SOURCE_0011,0.2844885248554081,True,LOW,,,1,2026-08-19 00:00:00+00:00,0.0,,
FIRMS_000187,23.75368,86.41745,2026-08-20,19:23,N20,VIIRS,n,N,310.67,286.97,1.64,0.32,0.55,2.0NRT,2026-08-20 00:00:00+00:00,SOURCE_0011,0.2844885248554081,True,LOW,0.91,0.7299999999999999,2,2026-08-19 00:00:00+00:00,1.0,2026-08-19 00:00:00+00:00,24.0
FIRMS_000197,23.75455,86.41599,2026-08-20,19:23,N20,VIIRS,n,N,312.07,287.02,1.02,0.32,0.55,2.0NRT,2026-08-20 00:00:00+00:00,SOURCE_0011,0.2844885248554081,True,LOW,1.64,-0.6199999999999999,3,2026-08-19 00:00:00+00:00,1.0,2026-08-20 00:00:00+00:00,0.0
FIRMS_000198,23.7492,86.41847,2026-08-20,19:23,N20,VIIRS,n,N,304.39,286.59,1.02,0.32,0.55,2.0NRT,2026-08-20 00:00:00+00:00,SOURCE_0011,0.2844885248554081,True,LOW,1.02,0.0,4,2026-08-19 00:00:00+00:00,1.0,2026-08-20 00:00:00+00:00,0.0
FIRMS_000016,23.73835,86.43285,2026-08-19,19:45,N20,VIIRS,n,N,309.16,269.96,1.3,0.5,0.41,2.0NRT,2026-08-19 00:00:00+00:00,SOURCE_0012,0.697799454843405,True,HIGH,,,1,2026-08-19 00:00:00+00:00,0.0,,
FIRMS_000017,23.73741,86.43033,2026-08-19,19:45,N20,VIIRS,n,N,302.84,269.96,1.1,0.5,0.41,2.0NRT,2026-08-19 00:00:00+00:00,SOURCE_0012,0.697799454843405,True,HIGH,1.3,-0.19999999999999996,2,2026-08-19 00:00:00+00:00,0.0,2026-08-19 00:00:00+00:00,0.0
FIRMS_000018,23.73676,86.4352,2026-08-19,19:45,N20,VIIRS,n,N,303.04,271.82,1.1,0.5,0.41,2.0NRT,2026-08-19 00:00:00+00:00,SOURCE_0012,0.697799454843405,True,HIGH,1.1,0.0,3,2026-08-19 00:00:00+00:00,0.0,2026-08-19 00:00:00+00:00,0.0
FIRMS_000699,23.73811,86.43312,2026-08-19,20:27,N21,VIIRS,n,N,312.99,283.7,6.07,0.6,0.53,2.0NRT,2026-08-19 00:00:00+00:00,SOURCE_0012,0.697799454843405,True,HIGH,1.1,4.970000000000001,4,2026-08-19 00:00:00+00:00,0.0,2026-08-19 00:00:00+00:00,0.0
FIRMS_000131,23.73539,86.43382,2026-08-20,06:57,N20,VIIRS,n,D,330.07,293.01,4.75,0.56,0.52,2.0NRT,2026-08-20 00:00:00+00:00,SOURCE_0012,0.697799454843405,True,HIGH,6.07,-1.3200000000000003,5,2026-08-19 00:00:00+00:00,1.0,2026-08-19 00:00:00+00:00,24.0
FIRMS_000199,23.73754,86.43292,2026-08-20,19:23,N20,VIIRS,n,N,331.81,287.6,3.64,0.32,0.55,2.0NRT,2026-08-20 00:00:00+00:00,SOURCE_0012,0.697799454843405,True,HIGH,4.75,-1.1099999999999999,6,2026-08-19 00:00:00+00:00,1.0,2026-08-20 00:00:00+00:00,0.0
FIRMS_000200,23.73785,86.42977,2026-08-20,19:23,N20,VIIRS,n,N,305.94,286.92,1.76,0.32,0.55,2.0NRT,2026-08-20 00:00:00+00:00,SOURCE_0012,0.697799454843405,True,HIGH,3.64,-1.8800000000000001,7,2026-08-19 00:00:00+00:00,1.0,2026-08-20 00:00:00+00:00,0.0
FIRMS_000859,23.73705,86.43478,2026-08-20,20:10,N21,VIIRS,n,N,312.29,287.16,2.89,0.48,0.4,2.0NRT,2026-08-20 00:00:00+00:00,SOURCE_0012,0.697799454843405,True,HIGH,1.76,1.1300000000000001,8,2026-08-19 00:00:00+00:00,1.0,2026-08-20 00:00:00+00:00,0.0
FIRMS_000997,23.73866,86.43509,2026-08-21,19:49,N21,VIIRS,n,N,306.43,264.86,1.37,0.39,0.36,2.0NRT,2026-08-21 00:00:00+00:00,SOURCE_0012,0.697799454843405,True,HIGH,2.89,-1.52,9,2026-08-19 00:00:00+00:00,2.0,2026-08-20 00:00:00+00:00,24.0
FIRMS_000998,23.73534,86.4345,2026-08-21,19:49,N21,VIIRS,n,N,304.61,270.0,1.37,0.39,0.36,2.0NRT,2026-08-21 00:00:00+00:00,SOURCE_0012,0.697799454843405,True,HIGH,1.37,0.0,10,2026-08-19 00:00:00+00:00,2.0,2026-08-21 00:00:00+00:00,0.0
FIRMS_000464,23.73578,86.4348,2026-08-22,20:27,N20,VIIRS,n,N,298.59,263.15,2.34,0.48,0.48,2.0NRT,2026-08-22 00:00:00+00:00,SOURCE_0012,0.697799454843405,True,HIGH,1.37,0.9699999999999998,11,2026-08-19 00:00:00+00:00,3.0,2026-08-21 00:00:00+00:00,24.0
FIRMS_000465,23.74022,86.43286,2026-08-22,20:27,N20,VIIRS,n,N,298.64,261.79,2.53,0.48,0.48,2.0NRT,2026-08-22 00:00:00+00:00,SOURCE_0012,0.697799454843405,True,HIGH,2.34,0.18999999999999995,12,2026-08-19 00:00:00+00:00,3.0,2026-08-22 00:00:00+00:00,0.0
FIRMS_001092,23.73801,86.43526,2026-08-22,19:32,N21,VIIRS,n,N,321.21,282.21,1.76,0.41,0.45,2.0NRT,2026-08-22 00:00:00+00:00,SOURCE_0012,0.697799454843405,True,HIGH,2.53,-0.7699999999999998,13,2026-08-19 00:00:00+00:00,3.0,2026-08-22 00:00:00+00:00,0.0
FIRMS_001093,23.73849,86.43127,2026-08-22,19:32,N21,VIIRS,n,N,305.03,281.43,1.76,0.41,0.45,2.0NRT,2026-08-22 00:00:00+00:00,SOURCE_0012,0.697799454843405,True,HIGH,1.76,0.0,14,2026-08-19 00:00:00+00:00,3.0,2026-08-22 00:00:00+00:00,0.0
FIRMS_001094,23.73438,86.43067,2026-08-22,19:32,N21,VIIRS,n,N,304.46,281.98,1.76,0.41,0.45,2.0NRT,2026-08-22 00:00:00+00:00,SOURCE_0012,0.697799454843405,True,HIGH,1.76,0.0,15,2026-08-19 00:00:00+00:00,3.0,2026-08-22 00:00:00+00:00,0.0
FIRMS_001095,23.73342,86.43871,2026-08-22,19:32,N21,VIIRS,n,N,304.54,282.81,1.14,0.41,0.45,2.0NRT,2026-08-22 00:00:00+00:00,SOURCE_0012,0.697799454843405,True,HIGH,1.76,-0.6200000000000001,16,2026-08-19 00:00:00+00:00,3.0,2026-08-22 00:00:00+00:00,0.0
FIRMS_000531,23.73584,86.43473,2026-08-23,07:39,N20,VIIRS,n,D,337.91,294.67,6.75,0.45,0.39,2.0NRT,2026-08-23 00:00:00+00:00,SOURCE_0012,0.697799454843405,True,HIGH,1.14,5.61,17,2026-08-19 00:00:00+00:00,4.0,2026-08-22 00:00:00+00:00,24.0
FIRMS_000552,23.73815,86.43221,2026-08-23,20:08,N20,VIIRS,n,N,314.1,282.38,1.32,0.42,0.37,2.0NRT,2026-08-23 00:00:00+00:00,SOURCE_0012,0.697799454843405,True,HIGH,6.75,-5.43,18,2026-08-19 00:00:00+00:00,4.0,2026-08-23 00:00:00+00:00,0.0
FIRMS_000553,23.73746,86.43626,2026-08-23,20:08,N20,VIIRS,n,N,305.19,280.63,1.32,0.42,0.37,2.0NRT,2026-08-23 00:00:00+00:00,SOURCE_0012,0.697799454843405,True,HIGH,1.32,0.0,19,2026-08-19 00:00:00+00:00,4.0,2026-08-23 00:00:00+00:00,0.0
FIRMS_001216,23.73973,86.43378,2026-08-23,19:13,N21,VIIRS,n,N,308.15,281.62,1.43,0.41,0.61,2.0NRT,2026-08-23 00:00:00+00:00,SOURCE_0012,0.697799454843405,True,HIGH,1.32,0.10999999999999988,20,2026-08-19 00:00:00+00:00,4.0,2026-08-23 00:00:00+00:00,0.0
FIRMS_001217,23.73451,86.42915,2026-08-23,19:13,N21,VIIRS,n,N,300.72,279.93,1.86,0.41,0.61,2.0NRT,2026-08-23 00:00:00+00:00,SOURCE_0012,0.697799454843405,True,HIGH,1.43,0.43000000000000016,21,2026-08-19 00:00:00+00:00,4.0,2026-08-23 00:00:00+00:00,0.0
FIRMS_001218,23.73416,86.43314,2026-08-23,19:13,N21,VIIRS,n,N,310.8,280.59,2.99,0.41,0.61,2.0NRT,2026-08-23 00:00:00+00:00,SOURCE_0012,0.697799454843405,True,HIGH,1.86,1.1300000000000001,22,2026-08-19 00:00:00+00:00,4.0,2026-08-23 00:00:00+00:00,0.0
FIRMS_000019,23.71062,86.43102,2026-08-19,19:45,N20,VIIRS,n,N,299.96,270.53,1.47,0.5,0.41,2.0NRT,2026-08-19 00:00:00+00:00,SOURCE_0013,0.129241536692149,False,LOW,,,1,2026-08-19 00:00:00+00:00,0.0,,
FIRMS_000020,23.6914,86.40305,2026-08-19,19:45,N20,VIIRS,n,N,301.88,270.52,0.98,0.5,0.41,2.0NRT,2026-08-19 00:00:00+00:00,SOURCE_0014,0.129241536692149,False,LOW,,,1,2026-08-19 00:00:00+00:00,0.0,,
FIRMS_000021,23.68521,86.392,2026-08-19,19:45,N20,VIIRS,n,N,303.69,268.94,0.81,0.5,0.41,2.0NRT,2026-08-19 00:00:00+00:00,SOURCE_0015,0.7475083340315088,True,HIGH,,,1,2026-08-19 00:00:00+00:00,0.0,,
FIRMS_000022,23.68456,86.39696,2026-08-19,19:45,N20,VIIRS,n,N,296.71,268.16,0.81,0.5,0.41,2.0NRT,2026-08-19 00:00:00+00:00,SOURCE_0015,0.7475083340315088,True,HIGH,0.81,0.0,2,2026-08-19 00:00:00+00:00,0.0,2026-08-19 00:00:00+00:00,0.0
FIRMS_000073,23.68082,86.39635,2026-08-19,19:45,N20,VIIRS,n,N,299.78,270.74,0.81,0.5,0.41,2.0NRT,2026-08-19 00:00:00+00:00,SOURCE_0015,0.7475083340315088,True,HIGH,0.81,0.0,3,2026-08-19 00:00:00+00:00,0.0,2026-08-19 00:00:00+00:00,0.0
FIRMS_000074,23.67708,86.39573,2026-08-19,19:45,N20,VIIRS,n,N,302.66,269.27,0.95,0.5,0.41,2.0NRT,2026-08-19 00:00:00+00:00,SOURCE_0015,0.7475083340315088,True,HIGH,0.81,0.1399999999999999,4,2026-08-19 00:00:00+00:00,0.0,2026-08-19 00:00:00+00:00,0.0
FIRMS_000075,23.67645,86.40062,2026-08-19,19:45,N20,VIIRS,n,N,306.32,273.12,1.88,0.5,0.41,2.0NRT,2026-08-19 00:00:00+00:00,SOURCE_0015,0.7475083340315088,True,HIGH,0.95,0.9299999999999999,5,2026-08-19 00:00:00+00:00,0.0,2026-08-19 00:00:00+00:00,0.0
FIRMS_000212,23.69101,86.38829,2026-08-20,19:23,N20,VIIRS,n,N,322.7,286.84,1.89,0.32,0.55,2.0NRT,2026-08-20 00:00:00+00:00,SOURCE_0015,0.7475083340315088,True,HIGH,1.88,0.010000000000000009,6,2026-08-19 00:00:00+00:00,1.0,2026-08-19 00:00:00+00:00,24.0
FIRMS_000213,23.68566,86.39085,2026-08-20,19:23,N20,VIIRS,n,N,311.86,287.04,1.82,0.32,0.55,2.0NRT,2026-08-20 00:00:00+00:00,SOURCE_0015,0.7475083340315088,True,HIGH,1.89,-0.06999999999999984,7,2026-08-19 00:00:00+00:00,1.0,2026-08-20 00:00:00+00:00,0.0
FIRMS_000214,23.68534,86.39413,2026-08-20,19:23,N20,VIIRS,n,N,313.52,287.08,1.83,0.32,0.55,2.0NRT,2026-08-20 00:00:00+00:00,SOURCE_0015,0.7475083340315088,True,HIGH,1.82,0.010000000000000009,8,2026-08-19 00:00:00+00:00,1.0,2026-08-20 00:00:00+00:00,0.0
FIRMS_000215,23.67999,86.39662,2026-08-20,19:23,N20,VIIRS,n,N,313.66,286.93,1.83,0.32,0.55,2.0NRT,2026-08-20 00:00:00+00:00,SOURCE_0015,0.7475083340315088,True,HIGH,1.83,0.0,9,2026-08-19 00:00:00+00:00,1.0,2026-08-20 00:00:00+00:00,0.0
FIRMS_000216,23.67969,86.39977,2026-08-20,19:23,N20,VIIRS,n,N,311.24,287.24,1.8,0.32,0.55,2.0NRT,2026-08-20 00:00:00+00:00,SOURCE_0015,0.7475083340315088,True,HIGH,1.83,-0.030000000000000027,10,2026-08-19 00:00:00+00:00,1.0,2026-08-20 00:00:00+00:00,0.0
FIRMS_000865,23.6886,86.39101,2026-08-20,20:10,N21,VIIRS,n,N,315.84,290.84,2.54,0.48,0.4,2.0NRT,2026-08-20 00:00:00+00:00,SOURCE_0015,0.7475083340315088,True,HIGH,1.8,0.74,11,2026-08-19 00:00:00+00:00,1.0,2026-08-20 00:00:00+00:00,0.0
FIRMS_000867,23.68499,86.39027,2026-08-20,20:10,N21,VIIRS,n,N,305.18,288.39,2.54,0.48,0.4,2.0NRT,2026-08-20 00:00:00+00:00,SOURCE_0015,0.7475083340315088,True,HIGH,2.54,0.0,12,2026-08-19 00:00:00+00:00,1.0,2026-08-20 00:00:00+00:00,0.0
FIRMS_000868,23.68416,86.39481,2026-08-20,20:10,N21,VIIRS,n,N,311.34,288.93,3.11,0.48,0.4,2.0NRT,2026-08-20 00:00:00+00:00,SOURCE_0015,0.7475083340315088,True,HIGH,2.54,0.5699999999999998,13,2026-08-19 00:00:00+00:00,1.0,2026-08-20 00:00:00+00:00,0.0
FIRMS_000869,23.67692,86.39332,2026-08-20,20:10,N21,VIIRS,n,N,305.64,287.99,1.94,0.48,0.4,2.0NRT,2026-08-20 00:00:00+00:00,SOURCE_0015,0.7475083340315088,True,HIGH,3.11,-1.17,14,2026-08-19 00:00:00+00:00,1.0,2026-08-20 00:00:00+00:00,0.0
FIRMS_000870,23.67608,86.39792,2026-08-20,20:10,N21,VIIRS,n,N,306.97,288.01,1.94,0.48,0.4,2.0NRT,2026-08-20 00:00:00+00:00,SOURCE_0015,0.7475083340315088,True,HIGH,1.94,0.0,15,2026-08-19 00:00:00+00:00,1.0,2026-08-20 00:00:00+00:00,0.0
FIRMS_000979,23.67512,86.4021,2026-08-21,07:22,N21,VIIRS,n,D,330.3,296.81,5.73,0.38,0.36,2.0NRT,2026-08-21 00:00:00+00:00,SOURCE_0015,0.7475083340315088,True,HIGH,1.94,3.7900000000000005,16,2026-08-19 00:00:00+00:00,2.0,2026-08-20 00:00:00+00:00,24.0
FIRMS_000980,23.67783,86.39777,2026-08-21,07:22,N21,VIIRS,n,D,338.05,296.2,8.01,0.38,0.36,2.0NRT,2026-08-21 00:00:00+00:00,SOURCE_0015,0.7475083340315088,True,HIGH,5.73,2.2799999999999994,17,2026-08-19 00:00:00+00:00,2.0,2026-08-21 00:00:00+00:00,0.0
FIRMS_000981,23.68382,86.39285,2026-08-21,07:22,N21,VIIRS,n,D,330.91,292.82,5.77,0.38,0.36,2.0NRT,2026-08-21 00:00:00+00:00,SOURCE_0015,0.7475083340315088,True,HIGH,8.01,-2.24,18,2026-08-19 00:00:00+00:00,2.0,2026-08-21 00:00:00+00:00,0.0
FIRMS_001002,23.68358,86.39426,2026-08-21,19:49,N21,VIIRS,n,N,309.69,287.44,2.39,0.39,0.36,2.0NRT,2026-08-21 00:00:00+00:00,SOURCE_0015,0.7475083340315088,True,HIGH,5.77,-3.3799999999999994,19,2026-08-19 00:00:00+00:00,2.0,2026-08-21 00:00:00+00:00,0.0
FIRMS_000468,23.68413,86.39545,2026-08-22,20:27,N20,VIIRS,n,N,295.78,256.81,0.66,0.48,0.48,2.0NRT,2026-08-22 00:00:00+00:00,SOURCE_0015,0.7475083340315088,True,HIGH,2.39,-1.73,20,2026-08-19 00:00:00+00:00,3.0,2026-08-21 00:00:00+00:00,24.0
FIRMS_000469,23.67979,86.39445,2026-08-22,20:27,N20,VIIRS,n,N,296.27,257.0,0.66,0.48,0.48,2.0NRT,2026-08-22 00:00:00+00:00,SOURCE_0015,0.7475083340315088,True,HIGH,0.66,0.0,21,2026-08-19 00:00:00+00:00,3.0,2026-08-22 00:00:00+00:00,0.0
FIRMS_001062,23.67692,86.3983,2026-08-22,07:03,N21,VIIRS,n,D,332.68,294.29,7.84,0.56,0.43,2.0NRT,2026-08-22 00:00:00+00:00,SOURCE_0015,0.7475083340315088,True,HIGH,0.66,7.18,22,2026-08-19 00:00:00+00:00,3.0,2026-08-22 00:00:00+00:00,0.0
FIRMS_001105,23.68464,86.39088,2026-08-22,19:32,N21,VIIRS,n,N,309.15,280.8,1.83,0.41,0.45,2.0NRT,2026-08-22 00:00:00+00:00,SOURCE_0015,0.7475083340315088,True,HIGH,7.84,-6.01,23,2026-08-19 00:00:00+00:00,3.0,2026-08-22 00:00:00+00:00,0.0
FIRMS_001127,23.68417,86.39498,2026-08-22,19:32,N21,VIIRS,n,N,313.06,280.8,1.83,0.41,0.45,2.0NRT,2026-08-22 00:00:00+00:00,SOURCE_0015,0.7475083340315088,True,HIGH,1.83,0.0,24,2026-08-19 00:00:00+00:00,3.0,2026-08-22 00:00:00+00:00,0.0
FIRMS_001128,23.67959,86.3984,2026-08-22,19:32,N21,VIIRS,n,N,306.08,278.54,1.17,0.41,0.45,2.0NRT,2026-08-22 00:00:00+00:00,SOURCE_0015,0.7475083340315088,True,HIGH,1.83,-0.6600000000000001,25,2026-08-19 00:00:00+00:00,3.0,2026-08-22 00:00:00+00:00,0.0
FIRMS_001129,23.67594,86.39375,2026-08-22,19:32,N21,VIIRS,n,N,300.5,277.19,0.43,0.41,0.45,2.0NRT,2026-08-22 00:00:00+00:00,SOURCE_0015,0.7475083340315088,True,HIGH,1.17,-0.74,26,2026-08-19 00:00:00+00:00,3.0,2026-08-22 00:00:00+00:00,0.0
FIRMS_001130,23.67548,86.39777,2026-08-22,19:32,N21,VIIRS,n,N,310.03,277.49,1.28,0.41,0.45,2.0NRT,2026-08-22 00:00:00+00:00,SOURCE_0015,0.7475083340315088,True,HIGH,0.43,0.8500000000000001,27,2026-08-19 00:00:00+00:00,3.0,2026-08-22 00:00:00+00:00,0.0
FIRMS_001131,23.67502,86.40179,2026-08-22,19:32,N21,VIIRS,n,N,305.32,276.58,1.28,0.41,0.45,2.0NRT,2026-08-22 00:00:00+00:00,SOURCE_0015,0.7475083340315088,True,HIGH,1.28,0.0,28,2026-08-19 00:00:00+00:00,3.0,2026-08-22 00:00:00+00:00,0.0
FIRMS_001132,23.67658,86.39794,2026-08-22,19:32,N21,VIIRS,n,N,313.83,277.05,1.76,0.41,0.45,2.0NRT,2026-08-22 00:00:00+00:00,SOURCE_0015,0.7475083340315088,True,HIGH,1.28,0.48,29,2026-08-19 00:00:00+00:00,3.0,2026-08-22 00:00:00+00:00,0.0
FIRMS_001133,23.67609,86.40195,2026-08-22,19:32,N21,VIIRS,n,N,304.23,275.82,1.76,0.41,0.45,2.0NRT,2026-08-22 00:00:00+00:00,SOURCE_0015,0.7475083340315088,True,HIGH,1.76,0.0,30,2026-08-19 00:00:00+00:00,3.0,2026-08-22 00:00:00+00:00,0.0
FIRMS_000524,23.68365,86.39413,2026-08-23,07:39,N20,VIIRS,n,D,342.21,297.15,4.46,0.44,0.39,2.0NRT,2026-08-23 00:00:00+00:00,SOURCE_0015,0.7475083340315088,True,HIGH,1.76,2.7,31,2026-08-19 00:00:00+00:00,4.0,2026-08-22 00:00:00+00:00,24.0
FIRMS_000528,23.67718,86.3996,2026-08-23,07:39,N20,VIIRS,n,D,334.56,296.72,8.98,0.44,0.39,2.0NRT,2026-08-23 00:00:00+00:00,SOURCE_0015,0.7475083340315088,True,HIGH,4.46,4.5200000000000005,32,2026-08-19 00:00:00+00:00,4.0,2026-08-23 00:00:00+00:00,0.0
FIRMS_000529,23.68718,86.39358,2026-08-23,07:39,N20,VIIRS,n,D,330.24,296.19,4.46,0.44,0.39,2.0NRT,2026-08-23 00:00:00+00:00,SOURCE_0015,0.7475083340315088,True,HIGH,8.98,-4.5200000000000005,33,2026-08-19 00:00:00+00:00,4.0,2026-08-23 00:00:00+00:00,0.0
FIRMS_000554,23.68035,86.39971,2026-08-23,20:08,N20,VIIRS,n,N,304.64,286.73,1.7,0.42,0.37,2.0NRT,2026-08-23 00:00:00+00:00,SOURCE_0015,0.7475083340315088,True,HIGH,4.46,-2.76,34,2026-08-19 00:00:00+00:00,4.0,2026-08-23 00:00:00+00:00,0.0
FIRMS_000555,23.67764,86.39501,2026-08-23,20:08,N20,VIIRS,n,N,317.98,288.05,1.7,0.42,0.37,2.0NRT,2026-08-23 00:00:00+00:00,SOURCE_0015,0.7475083340315088,True,HIGH,1.7,0.0,35,2026-08-19 00:00:00+00:00,4.0,2026-08-23 00:00:00+00:00,0.0
FIRMS_000556,23.67694,86.39905,2026-08-23,20:08,N20,VIIRS,n,N,319.92,288.69,1.7,0.42,0.37,2.0NRT,2026-08-23 00:00:00+00:00,SOURCE_0015,0.7475083340315088,True,HIGH,1.7,0.0,36,2026-08-19 00:00:00+00:00,4.0,2026-08-23 00:00:00+00:00,0.0
FIRMS_000557,23.67624,86.40308,2026-08-23,20:08,N20,VIIRS,n,N,309.51,288.18,1.53,0.42,0.37,2.0NRT,2026-08-23 00:00:00+00:00,SOURCE_0015,0.7475083340315088,True,HIGH,1.7,-0.16999999999999993,37,2026-08-19 00:00:00+00:00,4.0,2026-08-23 00:00:00+00:00,0.0
FIRMS_001225,23.68113,86.39481,2026-08-23,19:13,N21,VIIRS,n,N,304.32,281.36,1.89,0.41,0.61,2.0NRT,2026-08-23 00:00:00+00:00,SOURCE_0015,0.7475083340315088,True,HIGH,1.53,0.3599999999999999,38,2026-08-19 00:00:00+00:00,4.0,2026-08-23 00:00:00+00:00,0.0
FIRMS_001226,23.67522,86.39812,2026-08-23,19:13,N21,VIIRS,n,N,310.65,282.19,1.89,0.41,0.61,2.0NRT,2026-08-23 00:00:00+00:00,SOURCE_0015,0.7475083340315088,True,HIGH,1.89,0.0,39,2026-08-19 00:00:00+00:00,4.0,2026-08-23 00:00:00+00:00,0.0
FIRMS_001229,23.68246,86.39201,2026-08-23,19:13,N21,VIIRS,n,N,301.55,280.19,2.7,0.41,0.61,2.0NRT,2026-08-23 00:00:00+00:00,SOURCE_0015,0.7475083340315088,True,HIGH,1.89,0.8100000000000003,40,2026-08-19 00:00:00+00:00,4.0,2026-08-23 00:00:00+00:00,0.0
FIRMS_001230,23.68209,86.39613,2026-08-23,19:13,N21,VIIRS,n,N,302.18,280.93,1.68,0.41,0.61,2.0NRT,2026-08-23 00:00:00+00:00,SOURCE_0015,0.7475083340315088,True,HIGH,2.7,-1.0200000000000002,41,2026-08-19 00:00:00+00:00,4.0,2026-08-23 00:00:00+00:00,0.0
FIRMS_001231,23.67651,86.39543,2026-08-23,19:13,N21,VIIRS,n,N,302.59,281.37,1.87,0.41,0.61,2.0NRT,2026-08-23 00:00:00+00:00,SOURCE_0015,0.7475083340315088,True,HIGH,1.68,0.19000000000000017,42,2026-08-19 00:00:00+00:00,4.0,2026-08-23 00:00:00+00:00,0.0
FIRMS_001232,23.67615,86.39944,2026-08-23,19:13,N21,VIIRS,n,N,309.56,281.61,1.87,0.41,0.61,2.0NRT,2026-08-23 00:00:00+00:00,SOURCE_0015,0.7475083340315088,True,HIGH,1.87,0.0,43,2026-08-19 00:00:00+00:00,4.0,2026-08-23 00:00:00+00:00,0.0
FIRMS_001250,23.67958,86.39573,2026-08-23,20:55,N21,VIIRS,n,N,302.14,272.16,4.46,0.74,0.76,2.0NRT,2026-08-23 00:00:00+00:00,SOURCE_0015,0.7475083340315088,True,HIGH,1.87,2.59,44,2026-08-19 00:00:00+00:00,4.0,2026-08-23 00:00:00+00:00,0.0
FIRMS_000024,24.92421,84.15677,2026-08-19,19:45,N20,VIIRS,n,N,303.69,286.72,1.67,0.46,0.47,2.0NRT,2026-08-19 00:00:00+00:00,SOURCE_0016,0.25067010812072044,True,LOW,,,1,2026-08-19 00:00:00+00:00,0.0,,
FIRMS_000841,24.92358,84.15446,2026-08-20,20:10,N21,VIIRS,n,N,309.65,291.57,2.59,0.39,0.36,2.0NRT,2026-08-20 00:00:00+00:00,SOURCE_0016,0.25067010812072044,True,LOW,1.67,0.9199999999999999,2,2026-08-19 00:00:00+00:00,1.0,2026-08-19 00:00:00+00:00,24.0
FIRMS_000025,23.69281,87.12199,2026-08-19,19:45,N20,VIIRS,n,N,307.96,289.14,2.81,0.46,0.39,2.0NRT,2026-08-19 00:00:00+00:00,SOURCE_0017,0.3551586554485926,True,MEDIUM,,,1,2026-08-19 00:00:00+00:00,0.0,,
FIRMS_000026,23.6892,87.12139,2026-08-19,19:45,N20,VIIRS,n,N,312.33,290.5,3.81,0.46,0.39,2.0NRT,2026-08-19 00:00:00+00:00,SOURCE_0017,0.3551586554485926,True,MEDIUM,2.81,1.0,2,2026-08-19 00:00:00+00:00,0.0,2026-08-19 00:00:00+00:00,0.0
FIRMS_000180,23.69589,87.10812,2026-08-20,19:23,N20,VIIRS,n,N,307.9,286.25,1.59,0.58,0.52,2.0NRT,2026-08-20 00:00:00+00:00,SOURCE_0017,0.3551586554485926,True,MEDIUM,3.81,-2.2199999999999998,3,2026-08-19 00:00:00+00:00,1.0,2026-08-19 00:00:00+00:00,24.0
FIRMS_000181,23.69531,87.11382,2026-08-20,19:23,N20,VIIRS,n,N,304.39,285.56,1.59,0.58,0.52,2.0NRT,2026-08-20 00:00:00+00:00,SOURCE_0017,0.3551586554485926,True,MEDIUM,1.59,0.0,4,2026-08-19 00:00:00+00:00,1.0,2026-08-20 00:00:00+00:00,0.0
FIRMS_000182,23.69474,87.11948,2026-08-20,19:23,N20,VIIRS,n,N,307.93,284.63,3.13,0.58,0.52,2.0NRT,2026-08-20 00:00:00+00:00,SOURCE_0017,0.3551586554485926,True,MEDIUM,1.59,1.5399999999999998,5,2026-08-19 00:00:00+00:00,1.0,2026-08-20 00:00:00+00:00,0.0
FIRMS_000185,23.68993,87.11884,2026-08-20,19:23,N20,VIIRS,n,N,307.32,285.0,2.71,0.58,0.52,2.0NRT,2026-08-20 00:00:00+00:00,SOURCE_0017,0.3551586554485926,True,MEDIUM,3.13,-0.41999999999999993,6,2026-08-19 00:00:00+00:00,1.0,2026-08-20 00:00:00+00:00,0.0
FIRMS_000189,23.69527,87.12024,2026-08-20,19:23,N20,VIIRS,n,N,308.66,285.29,3.67,0.58,0.52,2.0NRT,2026-08-20 00:00:00+00:00,SOURCE_0017,0.3551586554485926,True,MEDIUM,2.71,0.96,7,2026-08-19 00:00:00+00:00,1.0,2026-08-20 00:00:00+00:00,0.0
FIRMS_000193,23.69046,87.1196,2026-08-20,19:23,N20,VIIRS,n,N,308.55,285.35,2.91,0.58,0.52,2.0NRT,2026-08-20 00:00:00+00:00,SOURCE_0017,0.3551586554485926,True,MEDIUM,3.67,-0.7599999999999998,8,2026-08-19 00:00:00+00:00,1.0,2026-08-20 00:00:00+00:00,0.0
FIRMS_000843,23.69402,87.10461,2026-08-20,20:10,N21,VIIRS,n,N,310.53,289.83,2.63,0.52,0.41,2.0NRT,2026-08-20 00:00:00+00:00,SOURCE_0017,0.3551586554485926,True,MEDIUM,2.91,-0.28000000000000025,9,2026-08-19 00:00:00+00:00,1.0,2026-08-20 00:00:00+00:00,0.0
FIRMS_000844,23.69309,87.10959,2026-08-20,20:10,N21,VIIRS,n,N,306.56,289.73,1.5,0.52,0.41,2.0NRT,2026-08-20 00:00:00+00:00,SOURCE_0017,0.3551586554485926,True,MEDIUM,2.63,-1.13,10,2026-08-19 00:00:00+00:00,1.0,2026-08-20 00:00:00+00:00,0.0
FIRMS_000845,23.69217,87.11459,2026-08-20,20:10,N21,VIIRS,n,N,308.03,289.97,1.5,0.52,0.41,2.0NRT,2026-08-20 00:00:00+00:00,SOURCE_0017,0.3551586554485926,True,MEDIUM,1.5,0.0,11,2026-08-19 00:00:00+00:00,1.0,2026-08-20 00:00:00+00:00,0.0
FIRMS_000847,23.68657,87.12376,2026-08-20,20:10,N21,VIIRS,n,N,306.1,289.56,2.0,0.52,0.41,2.0NRT,2026-08-20 00:00:00+00:00,SOURCE_0017,0.3551586554485926,True,MEDIUM,1.5,0.5,12,2026-08-19 00:00:00+00:00,1.0,2026-08-20 00:00:00+00:00,0.0
FIRMS_000027,23.78208,86.3897,2026-08-19,19:45,N20,VIIRS,n,N,300.95,263.78,0.83,0.5,0.41,2.0NRT,2026-08-19 00:00:00+00:00,SOURCE_0018,0.6807182741121869,True,HIGH,,,1,2026-08-19 00:00:00+00:00,0.0,,
FIRMS_000029,23.77833,86.3891,2026-08-19,19:45,N20,VIIRS,n,N,307.41,261.36,1.39,0.5,0.41,2.0NRT,2026-08-19 00:00:00+00:00,SOURCE_0018,0.6807182741121869,True,HIGH,0.83,0.5599999999999999,2,2026-08-19 00:00:00+00:00,0.0,2026-08-19 00:00:00+00:00,0.0
FIRMS_000167,23.78193,86.38895,2026-08-20,19:23,N20,VIIRS,n,N,322.21,287.21,1.56,0.32,0.55,2.0NRT,2026-08-20 00:00:00+00:00,SOURCE_0018,0.6807182741121869,True,HIGH,1.39,0.17000000000000015,3,2026-08-19 00:00:00+00:00,1.0,2026-08-19 00:00:00+00:00,24.0
FIRMS_000168,23.78163,86.39211,2026-08-20,19:23,N20,VIIRS,n,N,307.42,286.59,1.87,0.32,0.55,2.0NRT,2026-08-20 00:00:00+00:00,SOURCE_0018,0.6807182741121869,True,HIGH,1.56,0.31000000000000005,4,2026-08-19 00:00:00+00:00,1.0,2026-08-20 00:00:00+00:00,0.0
FIRMS_000169,23.77689,86.38827,2026-08-20,19:23,N20,VIIRS,n,N,321.22,287.64,1.56,0.32,0.55,2.0NRT,2026-08-20 00:00:00+00:00,SOURCE_0018,0.6807182741121869,True,HIGH,1.87,-0.31000000000000005,5,2026-08-19 00:00:00+00:00,1.0,2026-08-20 00:00:00+00:00,0.0
FIRMS_000171,23.7772,86.38509,2026-08-20,19:23,N20,VIIRS,n,N,312.07,287.29,1.56,0.32,0.55,2.0NRT,2026-08-20 00:00:00+00:00,SOURCE_0018,0.6807182741121869,True,HIGH,1.56,0.0,6,2026-08-19 00:00:00+00:00,1.0,2026-08-20 00:00:00+00:00,0.0
FIRMS_000986,23.77894,86.39065,2026-08-21,07:22,N21,VIIRS,n,D,339.02,293.0,5.67,0.38,0.36,2.0NRT,2026-08-21 00:00:00+00:00,SOURCE_0018,0.6807182741121869,True,HIGH,1.56,4.109999999999999,7,2026-08-19 00:00:00+00:00,2.0,2026-08-20 00:00:00+00:00,24.0
FIRMS_001113,23.77953,86.39101,2026-08-22,19:32,N21,VIIRS,n,N,321.81,283.06,2.34,0.41,0.45,2.0NRT,2026-08-22 00:00:00+00:00,SOURCE_0018,0.6807182741121869,True,HIGH,5.67,-3.33,8,2026-08-19 00:00:00+00:00,3.0,2026-08-21 00:00:00+00:00,24.0
FIRMS_001114,23.77999,86.38698,2026-08-22,19:32,N21,VIIRS,n,N,305.25,282.07,2.34,0.41,0.45,2.0NRT,2026-08-22 00:00:00+00:00,SOURCE_0018,0.6807182741121869,True,HIGH,2.34,0.0,9,2026-08-19 00:00:00+00:00,3.0,2026-08-22 00:00:00+00:00,0.0
FIRMS_001115,23.78133,86.38822,2026-08-22,19:32,N21,VIIRS,n,N,307.36,282.54,1.36,0.41,0.45,2.0NRT,2026-08-22 00:00:00+00:00,SOURCE_0018,0.6807182741121869,True,HIGH,2.34,-0.9799999999999998,10,2026-08-19 00:00:00+00:00,3.0,2026-08-22 00:00:00+00:00,0.0
FIRMS_001116,23.78085,86.39223,2026-08-22,19:32,N21,VIIRS,n,N,312.07,283.04,1.36,0.41,0.45,2.0NRT,2026-08-22 00:00:00+00:00,SOURCE_0018,0.6807182741121869,True,HIGH,1.36,0.0,11,2026-08-19 00:00:00+00:00,3.0,2026-08-22 00:00:00+00:00,0.0
FIRMS_001117,23.77721,86.38763,2026-08-22,19:32,N21,VIIRS,n,N,321.98,283.63,2.26,0.41,0.45,2.0NRT,2026-08-22 00:00:00+00:00,SOURCE_0018,0.6807182741121869,True,HIGH,1.36,0.8999999999999997,12,2026-08-19 00:00:00+00:00,3.0,2026-08-22 00:00:00+00:00,0.0
FIRMS_001119,23.77673,86.39163,2026-08-22,19:32,N21,VIIRS,n,N,304.84,283.2,2.26,0.41,0.45,2.0NRT,2026-08-22 00:00:00+00:00,SOURCE_0018,0.6807182741121869,True,HIGH,2.26,0.0,13,2026-08-19 00:00:00+00:00,3.0,2026-08-22 00:00:00+00:00,0.0
FIRMS_001208,23.78184,86.38814,2026-08-23,19:13,N21,VIIRS,n,N,296.29,281.44,1.27,0.41,0.61,2.0NRT,2026-08-23 00:00:00+00:00,SOURCE_0018,0.6807182741121869,True,HIGH,2.26,-0.9899999999999998,14,2026-08-19 00:00:00+00:00,4.0,2026-08-22 00:00:00+00:00,24.0
FIRMS_001209,23.7815,86.39215,2026-08-23,19:13,N21,VIIRS,n,N,302.41,282.18,1.27,0.41,0.61,2.0NRT,2026-08-23 00:00:00+00:00,SOURCE_0018,0.6807182741121869,True,HIGH,1.27,0.0,15,2026-08-19 00:00:00+00:00,4.0,2026-08-23 00:00:00+00:00,0.0
FIRMS_001210,23.77752,86.38899,2026-08-23,19:13,N21,VIIRS,n,N,314.19,281.5,1.9,0.41,0.61,2.0NRT,2026-08-23 00:00:00+00:00,SOURCE_0018,0.6807182741121869,True,HIGH,1.27,0.6299999999999999,16,2026-08-19 00:00:00+00:00,4.0,2026-08-23 00:00:00+00:00,0.0
FIRMS_001211,23.77716,86.39299,2026-08-23,19:13,N21,VIIRS,n,N,300.96,280.75,1.9,0.41,0.61,2.0NRT,2026-08-23 00:00:00+00:00,SOURCE_0018,0.6807182741121869,True,HIGH,1.9,0.0,17,2026-08-19 00:00:00+00:00,4.0,2026-08-23 00:00:00+00:00,0.0
FIRMS_000028,23.68438,87.12988,2026-08-19,19:45,N20,VIIRS,n,N,307.68,290.51,2.41,0.46,0.39,2.0NRT,2026-08-19 00:00:00+00:00,SOURCE_0019,0.2692817258878132,True,LOW,,,1,2026-08-19 00:00:00+00:00,0.0,,
FIRMS_000188,23.68398,87.12962,2026-08-20,19:23,N20,VIIRS,n,N,301.02,282.41,0.58,0.58,0.52,2.0NRT,2026-08-20 00:00:00+00:00,SOURCE_0019,0.2692817258878132,True,LOW,2.41,-1.83,2,2026-08-19 00:00:00+00:00,1.0,2026-08-19 00:00:00+00:00,24.0
FIRMS_000848,23.6819,87.12791,2026-08-20,20:10,N21,VIIRS,n,N,309.82,289.81,1.37,0.52,0.41,2.0NRT,2026-08-20 00:00:00+00:00,SOURCE_0019,0.2692817258878132,True,LOW,0.58,0.7900000000000001,3,2026-08-19 00:00:00+00:00,1.0,2026-08-20 00:00:00+00:00,0.0
FIRMS_000030,23.76894,86.40264,2026-08-19,19:45,N20,VIIRS,n,N,303.97,264.25,0.8,0.5,0.41,2.0NRT,2026-08-19 00:00:00+00:00,SOURCE_0020,0.7571428571428571,True,HIGH,,,1,2026-08-19 00:00:00+00:00,0.0,,
FIRMS_000031,23.76519,86.40205,2026-08-19,19:45,N20,VIIRS,n,N,300.36,264.7,0.8,0.5,0.41,2.0NRT,2026-08-19 00:00:00+00:00,SOURCE_0020,0.7571428571428571,True,HIGH,0.8,0.0,2,2026-08-19 00:00:00+00:00,0.0,2026-08-19 00:00:00+00:00,0.0
FIRMS_000032,23.76455,86.40701,2026-08-19,19:45,N20,VIIRS,n,N,301.0,269.02,0.8,0.5,0.41,2.0NRT,2026-08-19 00:00:00+00:00,SOURCE_0020,0.7571428571428571,True,HIGH,0.8,0.0,3,2026-08-19 00:00:00+00:00,0.0,2026-08-19 00:00:00+00:00,0.0
FIRMS_000033,23.76145,86.40147,2026-08-19,19:45,N20,VIIRS,n,N,302.7,265.64,1.01,0.5,0.41,2.0NRT,2026-08-19 00:00:00+00:00,SOURCE_0020,0.7571428571428571,True,HIGH,0.8,0.20999999999999996,4,2026-08-19 00:00:00+00:00,0.0,2026-08-19 00:00:00+00:00,0.0
FIRMS_000035,23.75834,86.3959,2026-08-19,19:45,N20,VIIRS,n,N,295.73,263.94,0.45,0.5,0.41,2.0NRT,2026-08-19 00:00:00+00:00,SOURCE_0020,0.7571428571428571,True,HIGH,1.01,-0.56,5,2026-08-19 00:00:00+00:00,0.0,2026-08-19 00:00:00+00:00,0.0
FIRMS_000036,23.75707,86.40581,2026-08-19,19:45,N20,VIIRS,n,N,300.21,269.31,1.01,0.5,0.41,2.0NRT,2026-08-19 00:00:00+00:00,SOURCE_0020,0.7571428571428571,True,HIGH,0.45,0.56,6,2026-08-19 00:00:00+00:00,0.0,2026-08-19 00:00:00+00:00,0.0
FIRMS_000697,23.76431,86.40368,2026-08-19,20:27,N21,VIIRS,n,N,308.02,280.76,2.48,0.59,0.53,2.0NRT,2026-08-19 00:00:00+00:00,SOURCE_0020,0.7571428571428571,True,HIGH,1.01,1.47,7,2026-08-19 00:00:00+00:00,0.0,2026-08-19 00:00:00+00:00,0.0
FIRMS_000698,23.75956,86.40249,2026-08-19,20:27,N21,VIIRS,n,N,309.02,281.88,2.48,0.59,0.53,2.0NRT,2026-08-19 00:00:00+00:00,SOURCE_0020,0.7571428571428571,True,HIGH,2.48,0.0,8,2026-08-19 00:00:00+00:00,0.0,2026-08-19 00:00:00+00:00,0.0
FIRMS_000730,23.76379,86.40408,2026-08-19,20:27,N21,VIIRS,n,N,307.13,280.81,4.33,0.59,0.53,2.0NRT,2026-08-19 00:00:00+00:00,SOURCE_0020,0.7571428571428571,True,HIGH,2.48,1.85,9,2026-08-19 00:00:00+00:00,0.0,2026-08-19 00:00:00+00:00,0.0
FIRMS_000731,23.75904,86.40292,2026-08-19,20:27,N21,VIIRS,n,N,310.23,280.91,4.33,0.59,0.53,2.0NRT,2026-08-19 00:00:00+00:00,SOURCE_0020,0.7571428571428571,True,HIGH,4.33,0.0,10,2026-08-19 00:00:00+00:00,0.0,2026-08-19 00:00:00+00:00,0.0
FIRMS_000174,23.77032,86.40342,2026-08-20,19:23,N20,VIIRS,n,N,316.13,287.46,1.68,0.32,0.55,2.0NRT,2026-08-20 00:00:00+00:00,SOURCE_0020,0.7571428571428571,True,HIGH,4.33,-2.6500000000000004,11,2026-08-19 00:00:00+00:00,1.0,2026-08-19 00:00:00+00:00,24.0
FIRMS_000175,23.76528,86.40279,2026-08-20,19:23,N20,VIIRS,n,N,322.87,287.55,1.68,0.32,0.55,2.0NRT,2026-08-20 00:00:00+00:00,SOURCE_0020,0.7571428571428571,True,HIGH,1.68,0.0,12,2026-08-19 00:00:00+00:00,1.0,2026-08-20 00:00:00+00:00,0.0
FIRMS_000178,23.76559,86.39957,2026-08-20,19:23,N20,VIIRS,n,N,304.72,286.97,2.87,0.32,0.55,2.0NRT,2026-08-20 00:00:00+00:00,SOURCE_0020,0.7571428571428571,True,HIGH,1.68,1.1900000000000002,13,2026-08-19 00:00:00+00:00,1.0,2026-08-20 00:00:00+00:00,0.0
FIRMS_000179,23.76497,86.40604,2026-08-20,19:23,N20,VIIRS,n,N,316.25,287.06,1.68,0.32,0.55,2.0NRT,2026-08-20 00:00:00+00:00,SOURCE_0020,0.7571428571428571,True,HIGH,2.87,-1.1900000000000002,14,2026-08-19 00:00:00+00:00,1.0,2026-08-20 00:00:00+00:00,0.0
FIRMS_000183,23.76055,86.39892,2026-08-20,19:23,N20,VIIRS,n,N,317.79,287.23,1.49,0.32,0.55,2.0NRT,2026-08-20 00:00:00+00:00,SOURCE_0020,0.7571428571428571,True,HIGH,1.68,-0.18999999999999995,15,2026-08-19 00:00:00+00:00,1.0,2026-08-20 00:00:00+00:00,0.0
FIRMS_000184,23.76024,86.40215,2026-08-20,19:23,N20,VIIRS,n,N,311.01,287.21,2.3,0.32,0.55,2.0NRT,2026-08-20 00:00:00+00:00,SOURCE_0020,0.7571428571428571,True,HIGH,1.49,0.8099999999999998,16,2026-08-19 00:00:00+00:00,1.0,2026-08-20 00:00:00+00:00,0.0
FIRMS_000186,23.75582,86.395,2026-08-20,19:23,N20,VIIRS,n,N,309.07,287.25,1.49,0.32,0.55,2.0NRT,2026-08-20 00:00:00+00:00,SOURCE_0020,0.7571428571428571,True,HIGH,2.3,-0.8099999999999998,17,2026-08-19 00:00:00+00:00,1.0,2026-08-20 00:00:00+00:00,0.0
FIRMS_000190,23.76594,86.40452,2026-08-20,19:23,N20,VIIRS,n,N,331.77,287.55,2.4,0.32,0.55,2.0NRT,2026-08-20 00:00:00+00:00,SOURCE_0020,0.7571428571428571,True,HIGH,1.49,0.9099999999999999,18,2026-08-19 00:00:00+00:00,1.0,2026-08-20 00:00:00+00:00,0.0
FIRMS_000192,23.76627,86.40129,2026-08-20,19:23,N20,VIIRS,n,N,312.34,286.92,2.07,0.32,0.55,2.0NRT,2026-08-20 00:00:00+00:00,SOURCE_0020,0.7571428571428571,True,HIGH,2.4,-0.33000000000000007,19,2026-08-19 00:00:00+00:00,1.0,2026-08-20 00:00:00+00:00,0.0
FIRMS_000194,23.76123,86.40065,2026-08-20,19:23,N20,VIIRS,n,N,315.37,287.07,2.07,0.32,0.55,2.0NRT,2026-08-20 00:00:00+00:00,SOURCE_0020,0.7571428571428571,True,HIGH,2.07,0.0,20,2026-08-19 00:00:00+00:00,1.0,2026-08-20 00:00:00+00:00,0.0
FIRMS_000195,23.75686,86.39356,2026-08-20,19:23,N20,VIIRS,n,N,305.28,286.76,0.75,0.32,0.55,2.0NRT,2026-08-20 00:00:00+00:00,SOURCE_0020,0.7571428571428571,True,HIGH,2.07,-1.3199999999999998,21,2026-08-19 00:00:00+00:00,1.0,2026-08-20 00:00:00+00:00,0.0
FIRMS_000196,23.75653,86.39675,2026-08-20,19:23,N20,VIIRS,n,N,309.74,287.44,1.41,0.32,0.55,2.0NRT,2026-08-20 00:00:00+00:00,SOURCE_0020,0.7571428571428571,True,HIGH,0.75,0.6599999999999999,22,2026-08-19 00:00:00+00:00,1.0,2026-08-20 00:00:00+00:00,0.0
FIRMS_000250,23.7609,86.40388,2026-08-20,19:23,N20,VIIRS,n,N,311.13,287.22,2.4,0.32,0.55,2.0NRT,2026-08-20 00:00:00+00:00,SOURCE_0020,0.7571428571428571,True,HIGH,1.41,0.99,23,2026-08-19 00:00:00+00:00,1.0,2026-08-20 00:00:00+00:00,0.0
FIRMS_000853,23.76533,86.40251,2026-08-20,20:10,N21,VIIRS,n,N,309.3,287.56,2.34,0.48,0.4,2.0NRT,2026-08-20 00:00:00+00:00,SOURCE_0020,0.7571428571428571,True,HIGH,2.4,-0.06000000000000005,24,2026-08-19 00:00:00+00:00,1.0,2026-08-20 00:00:00+00:00,0.0
FIRMS_000854,23.76171,86.40175,2026-08-20,20:10,N21,VIIRS,n,N,326.99,289.94,2.4,0.48,0.4,2.0NRT,2026-08-20 00:00:00+00:00,SOURCE_0020,0.7571428571428571,True,HIGH,2.34,0.06000000000000005,25,2026-08-19 00:00:00+00:00,1.0,2026-08-20 00:00:00+00:00,0.0
FIRMS_000855,23.7609,86.40632,2026-08-20,20:10,N21,VIIRS,n,N,302.07,285.87,2.4,0.48,0.4,2.0NRT,2026-08-20 00:00:00+00:00,SOURCE_0020,0.7571428571428571,True,HIGH,2.4,0.0,26,2026-08-19 00:00:00+00:00,1.0,2026-08-20 00:00:00+00:00,0.0
FIRMS_000856,23.7581,86.40099,2026-08-20,20:10,N21,VIIRS,n,N,314.97,290.15,2.4,0.48,0.4,2.0NRT,2026-08-20 00:00:00+00:00,SOURCE_0020,0.7571428571428571,True,HIGH,2.4,0.0,27,2026-08-19 00:00:00+00:00,1.0,2026-08-20 00:00:00+00:00,0.0
FIRMS_000857,23.75729,86.40557,2026-08-20,20:10,N21,VIIRS,n,N,315.89,287.86,2.4,0.48,0.4,2.0NRT,2026-08-20 00:00:00+00:00,SOURCE_0020,0.7571428571428571,True,HIGH,2.4,0.0,28,2026-08-19 00:00:00+00:00,1.0,2026-08-20 00:00:00+00:00,0.0
FIRMS_000983,23.7604,86.4017,2026-08-21,07:22,N21,VIIRS,n,D,335.74,293.96,5.92,0.38,0.36,2.0NRT,2026-08-21 00:00:00+00:00,SOURCE_0020,0.7571428571428571,True,HIGH,2.4,3.52,29,2026-08-19 00:00:00+00:00,2.0,2026-08-20 00:00:00+00:00,24.0
FIRMS_000984,23.76426,86.40483,2026-08-21,07:22,N21,VIIRS,n,D,342.4,294.13,5.37,0.38,0.36,2.0NRT,2026-08-21 00:00:00+00:00,SOURCE_0020,0.7571428571428571,True,HIGH,5.92,-0.5499999999999998,30,2026-08-19 00:00:00+00:00,2.0,2026-08-21 00:00:00+00:00,0.0
FIRMS_000985,23.76754,86.40423,2026-08-21,07:22,N21,VIIRS,n,D,332.34,293.08,2.7,0.38,0.36,2.0NRT,2026-08-21 00:00:00+00:00,SOURCE_0020,0.7571428571428571,True,HIGH,5.37,-2.67,31,2026-08-19 00:00:00+00:00,2.0,2026-08-21 00:00:00+00:00,0.0
FIRMS_000460,23.76508,86.40316,2026-08-22,20:27,N20,VIIRS,n,N,303.43,258.66,1.05,0.48,0.48,2.0NRT,2026-08-22 00:00:00+00:00,SOURCE_0020,0.7571428571428571,True,HIGH,2.7,-1.6500000000000001,32,2026-08-19 00:00:00+00:00,3.0,2026-08-21 00:00:00+00:00,24.0
FIRMS_000462,23.76075,86.40213,2026-08-22,20:27,N20,VIIRS,n,N,300.03,257.5,1.05,0.48,0.48,2.0NRT,2026-08-22 00:00:00+00:00,SOURCE_0020,0.7571428571428571,True,HIGH,1.05,0.0,33,2026-08-19 00:00:00+00:00,3.0,2026-08-22 00:00:00+00:00,0.0
FIRMS_001084,23.76291,86.40199,2026-08-22,19:32,N21,VIIRS,n,N,314.31,283.6,1.81,0.41,0.45,2.0NRT,2026-08-22 00:00:00+00:00,SOURCE_0020,0.7571428571428571,True,HIGH,1.05,0.76,34,2026-08-19 00:00:00+00:00,3.0,2026-08-22 00:00:00+00:00,0.0
FIRMS_001085,23.76242,86.40607,2026-08-22,19:32,N21,VIIRS,n,N,310.94,283.46,1.81,0.41,0.45,2.0NRT,2026-08-22 00:00:00+00:00,SOURCE_0020,0.7571428571428571,True,HIGH,1.81,0.0,35,2026-08-19 00:00:00+00:00,3.0,2026-08-22 00:00:00+00:00,0.0
FIRMS_001087,23.75879,86.40139,2026-08-22,19:32,N21,VIIRS,n,N,311.84,283.66,1.76,0.41,0.45,2.0NRT,2026-08-22 00:00:00+00:00,SOURCE_0020,0.7571428571428571,True,HIGH,1.81,-0.050000000000000044,36,2026-08-19 00:00:00+00:00,3.0,2026-08-22 00:00:00+00:00,0.0
FIRMS_001088,23.7583,86.40547,2026-08-22,19:32,N21,VIIRS,n,N,308.8,283.33,1.76,0.41,0.45,2.0NRT,2026-08-22 00:00:00+00:00,SOURCE_0020,0.7571428571428571,True,HIGH,1.76,0.0,37,2026-08-19 00:00:00+00:00,3.0,2026-08-22 00:00:00+00:00,0.0
FIRMS_001090,23.75516,86.39672,2026-08-22,19:32,N21,VIIRS,n,N,306.59,283.74,2.24,0.41,0.45,2.0NRT,2026-08-22 00:00:00+00:00,SOURCE_0020,0.7571428571428571,True,HIGH,1.76,0.4800000000000002,38,2026-08-19 00:00:00+00:00,3.0,2026-08-22 00:00:00+00:00,0.0
FIRMS_001124,23.76703,86.40255,2026-08-22,19:32,N21,VIIRS,n,N,317.39,283.71,1.81,0.41,0.45,2.0NRT,2026-08-22 00:00:00+00:00,SOURCE_0020,0.7571428571428571,True,HIGH,2.24,-0.43000000000000016,39,2026-08-19 00:00:00+00:00,3.0,2026-08-22 00:00:00+00:00,0.0
FIRMS_001125,23.76654,86.40663,2026-08-22,19:32,N21,VIIRS,n,N,314.25,283.42,1.81,0.41,0.45,2.0NRT,2026-08-22 00:00:00+00:00,SOURCE_0020,0.7571428571428571,True,HIGH,1.81,0.0,40,2026-08-19 00:00:00+00:00,3.0,2026-08-22 00:00:00+00:00,0.0
FIRMS_000532,23.75711,86.40475,2026-08-23,07:39,N20,VIIRS,n,D,335.49,296.25,5.23,0.44,0.39,2.0NRT,2026-08-23 00:00:00+00:00,SOURCE_0020,0.7571428571428571,True,HIGH,1.81,3.4200000000000004,41,2026-08-19 00:00:00+00:00,4.0,2026-08-22 00:00:00+00:00,24.0
FIRMS_000533,23.76064,86.4042,2026-08-23,07:39,N20,VIIRS,n,D,333.93,294.65,5.23,0.44,0.39,2.0NRT,2026-08-23 00:00:00+00:00,SOURCE_0020,0.7571428571428571,True,HIGH,5.23,0.0,42,2026-08-19 00:00:00+00:00,4.0,2026-08-23 00:00:00+00:00,0.0
FIRMS_000546,23.76136,86.39938,2026-08-23,20:08,N20,VIIRS,n,N,305.61,283.78,1.31,0.42,0.37,2.0NRT,2026-08-23 00:00:00+00:00,SOURCE_0020,0.7571428571428571,True,HIGH,5.23,-3.9200000000000004,43,2026-08-19 00:00:00+00:00,4.0,2026-08-23 00:00:00+00:00,0.0
FIRMS_000547,23.76068,86.4034,2026-08-23,20:08,N20,VIIRS,n,N,312.84,283.52,1.63,0.42,0.37,2.0NRT,2026-08-23 00:00:00+00:00,SOURCE_0020,0.7571428571428571,True,HIGH,1.31,0.31999999999999984,44,2026-08-19 00:00:00+00:00,4.0,2026-08-23 00:00:00+00:00,0.0
FIRMS_000548,23.75728,86.40272,2026-08-23,20:08,N20,VIIRS,n,N,319.82,286.0,1.89,0.42,0.37,2.0NRT,2026-08-23 00:00:00+00:00,SOURCE_0020,0.7571428571428571,True,HIGH,1.63,0.26,45,2026-08-19 00:00:00+00:00,4.0,2026-08-23 00:00:00+00:00,0.0
FIRMS_000549,23.75659,86.40674,2026-08-23,20:08,N20,VIIRS,n,N,302.49,285.35,1.89,0.42,0.37,2.0NRT,2026-08-23 00:00:00+00:00,SOURCE_0020,0.7571428571428571,True,HIGH,1.89,0.0,46,2026-08-19 00:00:00+00:00,4.0,2026-08-23 00:00:00+00:00,0.0
FIRMS_000550,23.75456,86.39803,2026-08-23,20:08,N20,VIIRS,n,N,305.9,286.4,2.74,0.42,0.37,2.0NRT,2026-08-23 00:00:00+00:00,SOURCE_0020,0.7571428571428571,True,HIGH,1.89,0.8500000000000003,47,2026-08-19 00:00:00+00:00,4.0,2026-08-23 00:00:00+00:00,0.0
FIRMS_001213,23.7649,86.40394,2026-08-23,19:13,N21,VIIRS,n,N,305.66,281.22,0.73,0.41,0.61,2.0NRT,2026-08-23 00:00:00+00:00,SOURCE_0020,0.7571428571428571,True,HIGH,2.74,-2.0100000000000002,48,2026-08-19 00:00:00+00:00,4.0,2026-08-23 00:00:00+00:00,0.0
FIRMS_001214,23.7541,86.39857,2026-08-23,19:13,N21,VIIRS,n,N,300.5,281.19,1.4,0.41,0.61,2.0NRT,2026-08-23 00:00:00+00:00,SOURCE_0020,0.7571428571428571,True,HIGH,0.73,0.6699999999999999,49,2026-08-19 00:00:00+00:00,4.0,2026-08-23 00:00:00+00:00,0.0
FIRMS_001248,23.76575,86.40074,2026-08-23,20:55,N21,VIIRS,n,N,300.08,268.31,2.42,0.74,0.76,2.0NRT,2026-08-23 00:00:00+00:00,SOURCE_0020,0.7571428571428571,True,HIGH,1.4,1.02,50,2026-08-19 00:00:00+00:00,4.0,2026-08-23 00:00:00+00:00,0.0
FIRMS_001249,23.75898,86.39871,2026-08-23,20:55,N21,VIIRS,n,N,299.33,268.99,2.42,0.74,0.76,2.0NRT,2026-08-23 00:00:00+00:00,SOURCE_0020,0.7571428571428571,True,HIGH,2.42,0.0,51,2026-08-19 00:00:00+00:00,4.0,2026-08-23 00:00:00+00:00,0.0
FIRMS_001257,23.76476,86.40518,2026-08-23,20:55,N21,VIIRS,n,N,301.18,267.33,2.22,0.74,0.76,2.0NRT,2026-08-23 00:00:00+00:00,SOURCE_0020,0.7571428571428571,True,HIGH,2.42,-0.19999999999999973,52,2026-08-19 00:00:00+00:00,4.0,2026-08-23 00:00:00+00:00,0.0
FIRMS_000034,23.66273,87.15408,2026-08-19,19:45,N20,VIIRS,n,N,308.91,287.34,2.05,0.46,0.39,2.0NRT,2026-08-19 00:00:00+00:00,SOURCE_0021,0.5459572854796437,True,MEDIUM,,,1,2026-08-19 00:00:00+00:00,0.0,,
FIRMS_000727,23.66281,87.15319,2026-08-19,20:27,N21,VIIRS,n,N,302.53,283.34,1.14,0.33,0.55,2.0NRT,2026-08-19 00:00:00+00:00,SOURCE_0021,0.5459572854796437,True,MEDIUM,2.05,-0.9099999999999999,2,2026-08-19 00:00:00+00:00,0.0,2026-08-19 00:00:00+00:00,0.0
FIRMS_000201,23.6622,87.15623,2026-08-20,19:23,N20,VIIRS,n,N,310.78,284.22,2.8,0.58,0.52,2.0NRT,2026-08-20 00:00:00+00:00,SOURCE_0021,0.5459572854796437,True,MEDIUM,1.14,1.66,3,2026-08-19 00:00:00+00:00,1.0,2026-08-19 00:00:00+00:00,24.0
FIRMS_000849,23.66505,87.15543,2026-08-20,20:10,N21,VIIRS,n,N,308.46,290.54,1.8,0.52,0.41,2.0NRT,2026-08-20 00:00:00+00:00,SOURCE_0021,0.5459572854796437,True,MEDIUM,2.8,-0.9999999999999998,4,2026-08-19 00:00:00+00:00,1.0,2026-08-20 00:00:00+00:00,0.0
FIRMS_000850,23.66412,87.16042,2026-08-20,20:10,N21,VIIRS,n,N,311.05,290.0,1.8,0.52,0.41,2.0NRT,2026-08-20 00:00:00+00:00,SOURCE_0021,0.5459572854796437,True,MEDIUM,1.8,0.0,5,2026-08-19 00:00:00+00:00,1.0,2026-08-20 00:00:00+00:00,0.0
FIRMS_000851,23.6613,87.1546,2026-08-20,20:10,N21,VIIRS,n,N,318.36,290.45,1.8,0.52,0.41,2.0NRT,2026-08-20 00:00:00+00:00,SOURCE_0021,0.5459572854796437,True,MEDIUM,1.8,0.0,6,2026-08-19 00:00:00+00:00,1.0,2026-08-20 00:00:00+00:00,0.0
FIRMS_000391,23.66717,87.15483,2026-08-21,20:46,N20,VIIRS,n,N,301.16,271.52,1.35,0.53,0.67,2.0NRT,2026-08-21 00:00:00+00:00,SOURCE_0021,0.5459572854796437,True,MEDIUM,1.8,-0.44999999999999996,7,2026-08-19 00:00:00+00:00,2.0,2026-08-20 00:00:00+00:00,24.0
FIRMS_000392,23.66597,87.15978,2026-08-21,20:46,N20,VIIRS,n,N,298.35,271.36,1.35,0.53,0.67,2.0NRT,2026-08-21 00:00:00+00:00,SOURCE_0021,0.5459572854796437,True,MEDIUM,1.35,0.0,8,2026-08-19 00:00:00+00:00,2.0,2026-08-21 00:00:00+00:00,0.0
FIRMS_000978,23.66353,87.1547,2026-08-21,07:22,N21,VIIRS,n,D,340.74,298.79,6.18,0.39,0.36,2.0NRT,2026-08-21 00:00:00+00:00,SOURCE_0021,0.5459572854796437,True,MEDIUM,1.35,4.83,9,2026-08-19 00:00:00+00:00,2.0,2026-08-21 00:00:00+00:00,0.0
FIRMS_001066,23.66378,87.15511,2026-08-22,07:03,N21,VIIRS,n,D,333.81,295.92,6.29,0.51,0.41,2.0NRT,2026-08-22 00:00:00+00:00,SOURCE_0021,0.5459572854796437,True,MEDIUM,6.18,0.11000000000000032,10,2026-08-19 00:00:00+00:00,3.0,2026-08-21 00:00:00+00:00,24.0
FIRMS_001067,23.66538,87.15651,2026-08-22,07:03,N21,VIIRS,n,D,332.25,296.03,4.52,0.51,0.41,2.0NRT,2026-08-22 00:00:00+00:00,SOURCE_0021,0.5459572854796437,True,MEDIUM,6.29,-1.7700000000000005,11,2026-08-19 00:00:00+00:00,3.0,2026-08-22 00:00:00+00:00,0.0
FIRMS_000037,22.13304,85.38209,2026-08-19,19:45,N20,VIIRS,n,N,304.05,289.31,1.02,0.54,0.42,2.0NRT,2026-08-19 00:00:00+00:00,SOURCE_0022,0.129241536692149,False,LOW,,,1,2026-08-19 00:00:00+00:00,0.0,,
FIRMS_000038,22.05502,85.46635,2026-08-19,19:45,N20,VIIRS,n,N,301.37,287.23,0.59,0.54,0.42,2.0NRT,2026-08-19 00:00:00+00:00,SOURCE_0023,0.129241536692149,False,LOW,,,1,2026-08-19 00:00:00+00:00,0.0,,
FIRMS_000039,20.9997,86.02561,2026-08-19,19:45,N20,VIIRS,n,N,309.19,290.71,1.79,0.49,0.4,2.0NRT,2026-08-19 00:00:00+00:00,SOURCE_0024,0.18705450195572657,False,LOW,,,1,2026-08-19 00:00:00+00:00,0.0,,
FIRMS_000752,21.00181,86.02744,2026-08-19,20:29,N21,VIIRS,n,N,304.39,288.32,1.87,0.32,0.54,2.0NRT,2026-08-19 00:00:00+00:00,SOURCE_0024,0.18705450195572657,False,LOW,1.79,0.08000000000000007,2,2026-08-19 00:00:00+00:00,0.0,2026-08-19 00:00:00+00:00,0.0
FIRMS_000754,21.00072,86.02725,2026-08-19,20:29,N21,VIIRS,n,N,305.34,288.28,0.72,0.32,0.55,2.0NRT,2026-08-19 00:00:00+00:00,SOURCE_0024,0.18705450195572657,False,LOW,1.87,-1.1500000000000001,3,2026-08-19 00:00:00+00:00,0.0,2026-08-19 00:00:00+00:00,0.0
FIRMS_000040,20.99724,86.01566,2026-08-19,19:45,N20,VIIRS,n,N,322.16,290.98,2.25,0.49,0.4,2.0NRT,2026-08-19 00:00:00+00:00,SOURCE_0025,0.20566611972281934,False,LOW,,,1,2026-08-19 00:00:00+00:00,0.0,,
FIRMS_000753,20.99883,86.01723,2026-08-19,20:29,N21,VIIRS,n,N,303.7,288.47,1.16,0.32,0.54,2.0NRT,2026-08-19 00:00:00+00:00,SOURCE_0025,0.20566611972281934,False,LOW,2.25,-1.09,2,2026-08-19 00:00:00+00:00,0.0,2026-08-19 00:00:00+00:00,0.0
FIRMS_000755,20.99829,86.01398,2026-08-19,20:29,N21,VIIRS,n,N,312.3,288.23,1.72,0.32,0.54,2.0NRT,2026-08-19 00:00:00+00:00,SOURCE_0025,0.20566611972281934,False,LOW,1.16,0.56,3,2026-08-19 00:00:00+00:00,0.0,2026-08-19 00:00:00+00:00,0.0
FIRMS_000756,20.99767,86.017,2026-08-19,20:29,N21,VIIRS,n,N,304.18,288.34,1.18,0.32,0.54,2.0NRT,2026-08-19 00:00:00+00:00,SOURCE_0025,0.20566611972281934,False,LOW,1.72,-0.54,4,2026-08-19 00:00:00+00:00,0.0,2026-08-19 00:00:00+00:00,0.0
FIRMS_000041,20.97369,86.00464,2026-08-19,19:45,N20,VIIRS,n,N,317.65,291.47,2.78,0.49,0.4,2.0NRT,2026-08-19 00:00:00+00:00,SOURCE_0026,0.2844885248554081,True,LOW,,,1,2026-08-19 00:00:00+00:00,0.0,,
FIRMS_000042,20.96999,86.00407,2026-08-19,19:45,N20,VIIRS,n,N,327.37,291.15,2.78,0.49,0.4,2.0NRT,2026-08-19 00:00:00+00:00,SOURCE_0026,0.2844885248554081,True,LOW,2.78,0.0,2,2026-08-19 00:00:00+00:00,0.0,2026-08-19 00:00:00+00:00,0.0
FIRMS_000758,20.9695,86.00383,2026-08-19,20:29,N21,VIIRS,n,N,305.74,288.9,0.97,0.32,0.54,2.0NRT,2026-08-19 00:00:00+00:00,SOURCE_0026,0.2844885248554081,True,LOW,2.78,-1.8099999999999998,3,2026-08-19 00:00:00+00:00,0.0,2026-08-19 00:00:00+00:00,0.0
FIRMS_000903,20.97016,86.00092,2026-08-20,20:10,N21,VIIRS,n,N,312.49,283.12,2.74,0.5,0.41,2.0NRT,2026-08-20 00:00:00+00:00,SOURCE_0026,0.2844885248554081,True,LOW,0.97,1.7700000000000002,4,2026-08-19 00:00:00+00:00,1.0,2026-08-19 00:00:00+00:00,24.0
FIRMS_000043,20.96871,86.01344,2026-08-19,19:45,N20,VIIRS,n,N,307.98,291.67,2.98,0.49,0.4,2.0NRT,2026-08-19 00:00:00+00:00,SOURCE_0027,0.16305995342683668,False,LOW,,,1,2026-08-19 00:00:00+00:00,0.0,,
FIRMS_000757,20.96764,86.01283,2026-08-19,20:29,N21,VIIRS,n,N,341.73,289.2,2.99,0.32,0.54,2.0NRT,2026-08-19 00:00:00+00:00,SOURCE_0027,0.16305995342683668,False,LOW,2.98,0.010000000000000231,2,2026-08-19 00:00:00+00:00,0.0,2026-08-19 00:00:00+00:00,0.0
FIRMS_000044,20.96358,86.05087,2026-08-19,19:45,N20,VIIRS,n,N,315.65,290.81,2.26,0.49,0.4,2.0NRT,2026-08-19 00:00:00+00:00,SOURCE_0028,0.129241536692149,False,LOW,,,1,2026-08-19 00:00:00+00:00,0.0,,
FIRMS_000045,20.95314,86.04453,2026-08-19,19:45,N20,VIIRS,n,N,320.25,290.81,4.28,0.49,0.4,2.0NRT,2026-08-19 00:00:00+00:00,SOURCE_0029,0.3270946911513908,True,MEDIUM,,,1,2026-08-19 00:00:00+00:00,0.0,,
FIRMS_000046,20.95251,86.04915,2026-08-19,19:45,N20,VIIRS,n,N,314.27,291.37,2.38,0.49,0.4,2.0NRT,2026-08-19 00:00:00+00:00,SOURCE_0029,0.3270946911513908,True,MEDIUM,4.28,-1.9000000000000004,2,2026-08-19 00:00:00+00:00,0.0,2026-08-19 00:00:00+00:00,0.0
FIRMS_000047,20.94882,86.04855,2026-08-19,19:45,N20,VIIRS,n,N,324.64,290.86,2.38,0.49,0.4,2.0NRT,2026-08-19 00:00:00+00:00,SOURCE_0029,0.3270946911513908,True,MEDIUM,2.38,0.0,3,2026-08-19 00:00:00+00:00,0.0,2026-08-19 00:00:00+00:00,0.0
FIRMS_000762,20.95094,86.0435,2026-08-19,20:29,N21,VIIRS,n,N,319.75,288.39,2.18,0.32,0.55,2.0NRT,2026-08-19 00:00:00+00:00,SOURCE_0029,0.3270946911513908,True,MEDIUM,2.38,-0.19999999999999973,4,2026-08-19 00:00:00+00:00,0.0,2026-08-19 00:00:00+00:00,0.0
FIRMS_000763,20.95032,86.04649,2026-08-19,20:29,N21,VIIRS,n,N,314.01,288.43,2.18,0.32,0.55,2.0NRT,2026-08-19 00:00:00+00:00,SOURCE_0029,0.3270946911513908,True,MEDIUM,2.18,0.0,5,2026-08-19 00:00:00+00:00,0.0,2026-08-19 00:00:00+00:00,0.0
FIRMS_000764,20.94967,86.04959,2026-08-19,20:29,N21,VIIRS,n,N,307.92,288.26,1.72,0.32,0.55,2.0NRT,2026-08-19 00:00:00+00:00,SOURCE_0029,0.3270946911513908,True,MEDIUM,2.18,-0.4600000000000002,6,2026-08-19 00:00:00+00:00,0.0,2026-08-19 00:00:00+00:00,0.0
FIRMS_000904,20.95068,86.04578,2026-08-20,20:10,N21,VIIRS,n,N,300.59,270.61,1.14,0.5,0.41,2.0NRT,2026-08-20 00:00:00+00:00,SOURCE_0029,0.3270946911513908,True,MEDIUM,1.72,-0.5800000000000001,7,2026-08-19 00:00:00+00:00,1.0,2026-08-19 00:00:00+00:00,24.0
FIRMS_000905,20.94982,86.05055,2026-08-20,20:10,N21,VIIRS,n,N,299.85,268.88,0.86,0.5,0.41,2.0NRT,2026-08-20 00:00:00+00:00,SOURCE_0029,0.3270946911513908,True,MEDIUM,1.14,-0.2799999999999999,8,2026-08-19 00:00:00+00:00,1.0,2026-08-20 00:00:00+00:00,0.0
FIRMS_000048,21.07996,85.03458,2026-08-19,19:45,N20,VIIRS,n,N,307.48,290.37,2.71,0.55,0.43,2.0NRT,2026-08-19 00:00:00+00:00,SOURCE_0030,0.129241536692149,False,LOW,,,1,2026-08-19 00:00:00+00:00,0.0,,
FIRMS_000049,21.07927,85.03988,2026-08-19,19:45,N20,VIIRS,n,N,310.25,290.19,2.71,0.55,0.43,2.0NRT,2026-08-19 00:00:00+00:00,SOURCE_0031,0.129241536692149,False,LOW,,,1,2026-08-19 00:00:00+00:00,0.0,,
FIRMS_000050,21.07858,85.04521,2026-08-19,19:45,N20,VIIRS,n,N,309.08,289.5,1.56,0.55,0.43,2.0NRT,2026-08-19 00:00:00+00:00,SOURCE_0032,0.16305995342683668,False,LOW,,,1,2026-08-19 00:00:00+00:00,0.0,,
FIRMS_000051,21.07466,85.04465,2026-08-19,19:45,N20,VIIRS,n,N,304.62,289.46,1.56,0.55,0.43,2.0NRT,2026-08-19 00:00:00+00:00,SOURCE_0032,0.16305995342683668,False,LOW,1.56,0.0,2,2026-08-19 00:00:00+00:00,0.0,2026-08-19 00:00:00+00:00,0.0
FIRMS_000052,20.98905,85.12326,2026-08-19,19:45,N20,VIIRS,n,N,304.83,289.36,1.05,0.55,0.42,2.0NRT,2026-08-19 00:00:00+00:00,SOURCE_0033,0.129241536692149,False,LOW,,,1,2026-08-19 00:00:00+00:00,0.0,,
FIRMS_000053,20.97853,85.16805,2026-08-19,19:45,N20,VIIRS,n,N,305.89,289.28,1.58,0.54,0.42,2.0NRT,2026-08-19 00:00:00+00:00,SOURCE_0034,0.16305995342683668,False,LOW,,,1,2026-08-19 00:00:00+00:00,0.0,,
FIRMS_000765,20.97748,85.16819,2026-08-19,20:29,N21,VIIRS,n,N,307.85,288.09,2.25,0.56,0.52,2.0NRT,2026-08-19 00:00:00+00:00,SOURCE_0034,0.16305995342683668,False,LOW,1.58,0.6699999999999999,2,2026-08-19 00:00:00+00:00,0.0,2026-08-19 00:00:00+00:00,0.0
FIRMS_000054,20.97784,85.17326,2026-08-19,19:45,N20,VIIRS,n,N,306.79,289.69,2.69,0.54,0.42,2.0NRT,2026-08-19 00:00:00+00:00,SOURCE_0035,0.16305995342683668,False,LOW,,,1,2026-08-19 00:00:00+00:00,0.0,,
FIRMS_000766,20.97639,85.17344,2026-08-19,20:29,N21,VIIRS,n,N,307.23,287.96,1.88,0.56,0.52,2.0NRT,2026-08-19 00:00:00+00:00,SOURCE_0035,0.16305995342683668,False,LOW,2.69,-0.81,2,2026-08-19 00:00:00+00:00,0.0,2026-08-19 00:00:00+00:00,0.0
FIRMS_000055,20.97878,85.13621,2026-08-19,19:45,N20,VIIRS,n,N,305.9,289.72,3.01,0.54,0.42,2.0NRT,2026-08-19 00:00:00+00:00,SOURCE_0036,0.18705450195572657,False,LOW,,,1,2026-08-19 00:00:00+00:00,0.0,,
FIRMS_000767,20.97935,85.13543,2026-08-19,20:29,N21,VIIRS,n,N,313.09,288.38,5.2,0.56,0.51,2.0NRT,2026-08-19 00:00:00+00:00,SOURCE_0036,0.18705450195572657,False,LOW,3.01,2.1900000000000004,2,2026-08-19 00:00:00+00:00,0.0,2026-08-19 00:00:00+00:00,0.0
FIRMS_000777,20.97758,85.13268,2026-08-19,20:29,N21,VIIRS,n,N,312.39,288.76,3.66,0.56,0.52,2.0NRT,2026-08-19 00:00:00+00:00,SOURCE_0036,0.18705450195572657,False,LOW,5.2,-1.54,3,2026-08-19 00:00:00+00:00,0.0,2026-08-19 00:00:00+00:00,0.0
FIRMS_000056,20.96938,85.17738,2026-08-19,19:45,N20,VIIRS,n,N,324.77,289.99,2.88,0.54,0.42,2.0NRT,2026-08-19 00:00:00+00:00,SOURCE_0037,0.3849076564149684,True,MEDIUM,,,1,2026-08-19 00:00:00+00:00,0.0,,
FIRMS_000057,20.97007,85.17216,2026-08-19,19:45,N20,VIIRS,n,N,318.33,289.7,2.88,0.54,0.42,2.0NRT,2026-08-19 00:00:00+00:00,SOURCE_0037,0.3849076564149684,True,MEDIUM,2.88,0.0,2,2026-08-19 00:00:00+00:00,0.0,2026-08-19 00:00:00+00:00,0.0
FIRMS_000059,20.96688,85.16637,2026-08-19,19:45,N20,VIIRS,n,N,309.23,289.76,3.25,0.54,0.42,2.0NRT,2026-08-19 00:00:00+00:00,SOURCE_0037,0.3849076564149684,True,MEDIUM,2.88,0.3700000000000001,3,2026-08-19 00:00:00+00:00,0.0,2026-08-19 00:00:00+00:00,0.0
FIRMS_000060,20.96619,85.17161,2026-08-19,19:45,N20,VIIRS,n,N,317.35,289.82,2.88,0.54,0.42,2.0NRT,2026-08-19 00:00:00+00:00,SOURCE_0037,0.3849076564149684,True,MEDIUM,3.25,-0.3700000000000001,4,2026-08-19 00:00:00+00:00,0.0,2026-08-19 00:00:00+00:00,0.0
FIRMS_000062,20.96231,85.17104,2026-08-19,19:45,N20,VIIRS,n,N,314.77,289.68,1.87,0.54,0.42,2.0NRT,2026-08-19 00:00:00+00:00,SOURCE_0037,0.3849076564149684,True,MEDIUM,2.88,-1.0099999999999998,5,2026-08-19 00:00:00+00:00,0.0,2026-08-19 00:00:00+00:00,0.0
FIRMS_000063,20.96163,85.17625,2026-08-19,19:45,N20,VIIRS,n,N,306.18,290.12,1.87,0.54,0.42,2.0NRT,2026-08-19 00:00:00+00:00,SOURCE_0037,0.3849076564149684,True,MEDIUM,1.87,0.0,6,2026-08-19 00:00:00+00:00,0.0,2026-08-19 00:00:00+00:00,0.0
FIRMS_000768,20.97175,85.17229,2026-08-19,20:29,N21,VIIRS,n,N,315.94,288.47,3.41,0.56,0.52,2.0NRT,2026-08-19 00:00:00+00:00,SOURCE_0037,0.3849076564149684,True,MEDIUM,1.87,1.54,7,2026-08-19 00:00:00+00:00,0.0,2026-08-19 00:00:00+00:00,0.0
FIRMS_000769,20.97067,85.17754,2026-08-19,20:29,N21,VIIRS,n,N,312.37,288.16,3.41,0.56,0.52,2.0NRT,2026-08-19 00:00:00+00:00,SOURCE_0037,0.3849076564149684,True,MEDIUM,3.41,0.0,8,2026-08-19 00:00:00+00:00,0.0,2026-08-19 00:00:00+00:00,0.0
FIRMS_000770,20.96711,85.17114,2026-08-19,20:29,N21,VIIRS,n,N,328.2,288.78,3.41,0.56,0.52,2.0NRT,2026-08-19 00:00:00+00:00,SOURCE_0037,0.3849076564149684,True,MEDIUM,3.41,0.0,9,2026-08-19 00:00:00+00:00,0.0,2026-08-19 00:00:00+00:00,0.0
FIRMS_000772,20.96602,85.1764,2026-08-19,20:29,N21,VIIRS,n,N,309.77,288.43,3.41,0.56,0.52,2.0NRT,2026-08-19 00:00:00+00:00,SOURCE_0037,0.3849076564149684,True,MEDIUM,3.41,0.0,10,2026-08-19 00:00:00+00:00,0.0,2026-08-19 00:00:00+00:00,0.0
FIRMS_000774,20.96356,85.16472,2026-08-19,20:29,N21,VIIRS,n,N,323.89,288.95,4.4,0.56,0.52,2.0NRT,2026-08-19 00:00:00+00:00,SOURCE_0037,0.3849076564149684,True,MEDIUM,3.41,0.9900000000000002,11,2026-08-19 00:00:00+00:00,0.0,2026-08-19 00:00:00+00:00,0.0
FIRMS_000775,20.96247,85.17,2026-08-19,20:29,N21,VIIRS,n,N,313.47,288.86,5.18,0.56,0.52,2.0NRT,2026-08-19 00:00:00+00:00,SOURCE_0037,0.3849076564149684,True,MEDIUM,4.4,0.7799999999999994,12,2026-08-19 00:00:00+00:00,0.0,2026-08-19 00:00:00+00:00,0.0
FIRMS_000776,20.96918,85.17496,2026-08-19,20:29,N21,VIIRS,n,N,342.47,289.12,5.96,0.56,0.52,2.0NRT,2026-08-19 00:00:00+00:00,SOURCE_0037,0.3849076564149684,True,MEDIUM,5.18,0.7800000000000002,13,2026-08-19 00:00:00+00:00,0.0,2026-08-19 00:00:00+00:00,0.0
FIRMS_000778,20.96558,85.16853,2026-08-19,20:29,N21,VIIRS,n,N,323.35,288.44,8.27,0.56,0.52,2.0NRT,2026-08-19 00:00:00+00:00,SOURCE_0037,0.3849076564149684,True,MEDIUM,5.96,2.3099999999999996,14,2026-08-19 00:00:00+00:00,0.0,2026-08-19 00:00:00+00:00,0.0
FIRMS_000781,20.96453,85.1738,2026-08-19,20:29,N21,VIIRS,n,N,310.19,288.44,5.96,0.56,0.52,2.0NRT,2026-08-19 00:00:00+00:00,SOURCE_0037,0.3849076564149684,True,MEDIUM,8.27,-2.3099999999999996,15,2026-08-19 00:00:00+00:00,0.0,2026-08-19 00:00:00+00:00,0.0
FIRMS_000783,20.96094,85.16736,2026-08-19,20:29,N21,VIIRS,n,N,308.04,288.57,2.2,0.56,0.52,2.0NRT,2026-08-19 00:00:00+00:00,SOURCE_0037,0.3849076564149684,True,MEDIUM,5.96,-3.76,16,2026-08-19 00:00:00+00:00,0.0,2026-08-19 00:00:00+00:00,0.0
FIRMS_000784,20.95988,85.17266,2026-08-19,20:29,N21,VIIRS,n,N,304.86,288.3,1.71,0.56,0.52,2.0NRT,2026-08-19 00:00:00+00:00,SOURCE_0037,0.3849076564149684,True,MEDIUM,2.2,-0.4900000000000002,17,2026-08-19 00:00:00+00:00,0.0,2026-08-19 00:00:00+00:00,0.0
FIRMS_000815,20.9649,85.1677,2026-08-20,07:41,N21,VIIRS,n,D,334.74,289.33,4.19,0.43,0.38,2.0NRT,2026-08-20 00:00:00+00:00,SOURCE_0037,0.3849076564149684,True,MEDIUM,1.71,2.4800000000000004,18,2026-08-19 00:00:00+00:00,1.0,2026-08-19 00:00:00+00:00,24.0
FIRMS_000058,20.96414,85.18718,2026-08-19,19:45,N20,VIIRS,n,N,329.26,290.15,2.68,0.54,0.42,2.0NRT,2026-08-19 00:00:00+00:00,SOURCE_0038,0.2337300840200212,True,LOW,,,1,2026-08-19 00:00:00+00:00,0.0,,
FIRMS_000061,20.96482,85.182,2026-08-19,19:45,N20,VIIRS,n,N,307.27,289.82,2.68,0.54,0.42,2.0NRT,2026-08-19 00:00:00+00:00,SOURCE_0038,0.2337300840200212,True,LOW,2.68,0.0,2,2026-08-19 00:00:00+00:00,0.0,2026-08-19 00:00:00+00:00,0.0
FIRMS_000771,20.96382,85.18706,2026-08-19,20:29,N21,VIIRS,n,N,330.59,288.87,4.67,0.56,0.52,2.0NRT,2026-08-19 00:00:00+00:00,SOURCE_0038,0.2337300840200212,True,LOW,2.68,1.9899999999999998,3,2026-08-19 00:00:00+00:00,0.0,2026-08-19 00:00:00+00:00,0.0
FIRMS_000773,20.96493,85.1817,2026-08-19,20:29,N21,VIIRS,n,N,310.11,288.39,4.67,0.56,0.52,2.0NRT,2026-08-19 00:00:00+00:00,SOURCE_0038,0.2337300840200212,True,LOW,4.67,0.0,4,2026-08-19 00:00:00+00:00,0.0,2026-08-19 00:00:00+00:00,0.0
FIRMS_000779,20.96241,85.18444,2026-08-19,20:29,N21,VIIRS,n,N,327.9,288.8,4.95,0.57,0.52,2.0NRT,2026-08-19 00:00:00+00:00,SOURCE_0038,0.2337300840200212,True,LOW,4.67,0.28000000000000025,5,2026-08-19 00:00:00+00:00,0.0,2026-08-19 00:00:00+00:00,0.0
FIRMS_000782,20.96134,85.18983,2026-08-19,20:29,N21,VIIRS,n,N,314.1,288.67,4.95,0.57,0.52,2.0NRT,2026-08-19 00:00:00+00:00,SOURCE_0038,0.2337300840200212,True,LOW,4.95,0.0,6,2026-08-19 00:00:00+00:00,0.0,2026-08-19 00:00:00+00:00,0.0
FIRMS_000064,20.89102,84.9829,2026-08-19,19:45,N20,VIIRS,n,N,305.86,288.06,1.05,0.55,0.43,2.0NRT,2026-08-19 00:00:00+00:00,SOURCE_0039,0.2448674672193041,True,LOW,,,1,2026-08-19 00:00:00+00:00,0.0,,
FIRMS_000065,20.8871,84.98233,2026-08-19,19:45,N20,VIIRS,n,N,342.42,289.76,7.56,0.55,0.43,2.0NRT,2026-08-19 00:00:00+00:00,SOURCE_0039,0.2448674672193041,True,LOW,1.05,6.51,2,2026-08-19 00:00:00+00:00,0.0,2026-08-19 00:00:00+00:00,0.0
FIRMS_000785,20.88644,84.98445,2026-08-19,20:29,N21,VIIRS,n,N,330.03,288.59,4.04,0.55,0.51,2.0NRT,2026-08-19 00:00:00+00:00,SOURCE_0039,0.2448674672193041,True,LOW,7.56,-3.5199999999999996,3,2026-08-19 00:00:00+00:00,0.0,2026-08-19 00:00:00+00:00,0.0
FIRMS_000786,20.88752,84.97923,2026-08-19,20:29,N21,VIIRS,n,N,317.33,288.37,4.04,0.55,0.51,2.0NRT,2026-08-19 00:00:00+00:00,SOURCE_0039,0.2448674672193041,True,LOW,4.04,0.0,4,2026-08-19 00:00:00+00:00,0.0,2026-08-19 00:00:00+00:00,0.0
FIRMS_000787,20.88902,84.97868,2026-08-19,20:29,N21,VIIRS,n,N,309.65,288.05,2.75,0.55,0.51,2.0NRT,2026-08-19 00:00:00+00:00,SOURCE_0039,0.2448674672193041,True,LOW,4.04,-1.29,5,2026-08-19 00:00:00+00:00,0.0,2026-08-19 00:00:00+00:00,0.0
FIRMS_000788,20.88798,84.98393,2026-08-19,20:29,N21,VIIRS,n,N,318.63,288.05,3.33,0.55,0.51,2.0NRT,2026-08-19 00:00:00+00:00,SOURCE_0039,0.2448674672193041,True,LOW,2.75,0.5800000000000001,6,2026-08-19 00:00:00+00:00,0.0,2026-08-19 00:00:00+00:00,0.0
FIRMS_000789,20.8834,84.98273,2026-08-19,20:29,N21,VIIRS,n,N,312.96,288.69,3.33,0.55,0.51,2.0NRT,2026-08-19 00:00:00+00:00,SOURCE_0039,0.2448674672193041,True,LOW,3.33,0.0,7,2026-08-19 00:00:00+00:00,0.0,2026-08-19 00:00:00+00:00,0.0
FIRMS_000066,20.86612,84.99014,2026-08-19,19:45,N20,VIIRS,n,N,316.88,289.6,3.47,0.55,0.43,2.0NRT,2026-08-19 00:00:00+00:00,SOURCE_0040,0.16305995342683668,False,LOW,,,1,2026-08-19 00:00:00+00:00,0.0,,
FIRMS_000747,20.8629,84.98873,2026-08-19,20:29,N21,VIIRS,n,N,316.21,288.47,2.61,0.55,0.51,2.0NRT,2026-08-19 00:00:00+00:00,SOURCE_0040,0.16305995342683668,False,LOW,3.47,-0.8600000000000003,2,2026-08-19 00:00:00+00:00,0.0,2026-08-19 00:00:00+00:00,0.0
FIRMS_000067,20.86544,84.99534,2026-08-19,19:45,N20,VIIRS,n,N,319.0,289.71,3.47,0.55,0.43,2.0NRT,2026-08-19 00:00:00+00:00,SOURCE_0041,0.18705450195572657,False,LOW,,,1,2026-08-19 00:00:00+00:00,0.0,,
FIRMS_000746,20.86646,84.99509,2026-08-19,20:29,N21,VIIRS,n,N,307.84,288.79,2.61,0.55,0.51,2.0NRT,2026-08-19 00:00:00+00:00,SOURCE_0041,0.18705450195572657,False,LOW,3.47,-0.8600000000000003,2,2026-08-19 00:00:00+00:00,0.0,2026-08-19 00:00:00+00:00,0.0
FIRMS_000748,20.86184,84.99403,2026-08-19,20:29,N21,VIIRS,n,N,314.66,288.24,2.61,0.55,0.51,2.0NRT,2026-08-19 00:00:00+00:00,SOURCE_0041,0.18705450195572657,False,LOW,2.61,0.0,3,2026-08-19 00:00:00+00:00,0.0,2026-08-19 00:00:00+00:00,0.0
FIRMS_000068,20.79929,85.26081,2026-08-19,19:45,N20,VIIRS,n,N,304.96,289.47,1.91,0.53,0.42,2.0NRT,2026-08-19 00:00:00+00:00,SOURCE_0042,0.25067010812072044,True,LOW,,,1,2026-08-19 00:00:00+00:00,0.0,,
FIRMS_000814,20.79951,85.25935,2026-08-20,07:41,N21,VIIRS,n,D,331.28,296.26,5.42,0.43,0.38,2.0NRT,2026-08-20 00:00:00+00:00,SOURCE_0042,0.25067010812072044,True,LOW,1.91,3.51,2,2026-08-19 00:00:00+00:00,1.0,2026-08-19 00:00:00+00:00,24.0
FIRMS_000070,20.7594,85.29646,2026-08-19,19:45,N20,VIIRS,n,N,312.84,289.64,2.8,0.53,0.42,2.0NRT,2026-08-19 00:00:00+00:00,SOURCE_0043,0.29734569018501505,True,LOW,,,1,2026-08-19 00:00:00+00:00,0.0,,
FIRMS_000071,20.76146,85.29501,2026-08-19,19:45,N20,VIIRS,n,N,304.74,289.06,1.39,0.53,0.42,2.0NRT,2026-08-19 00:00:00+00:00,SOURCE_0043,0.29734569018501505,True,LOW,2.8,-1.41,2,2026-08-19 00:00:00+00:00,0.0,2026-08-19 00:00:00+00:00,0.0
FIRMS_000072,20.76076,85.30016,2026-08-19,19:45,N20,VIIRS,n,N,309.2,289.65,1.39,0.53,0.42,2.0NRT,2026-08-19 00:00:00+00:00,SOURCE_0043,0.29734569018501505,True,LOW,1.39,0.0,3,2026-08-19 00:00:00+00:00,0.0,2026-08-19 00:00:00+00:00,0.0
FIRMS_000738,20.76206,85.29421,2026-08-19,20:29,N21,VIIRS,n,N,309.18,288.7,2.32,0.58,0.52,2.0NRT,2026-08-19 00:00:00+00:00,SOURCE_0043,0.29734569018501505,True,LOW,1.39,0.9299999999999999,4,2026-08-19 00:00:00+00:00,0.0,2026-08-19 00:00:00+00:00,0.0
FIRMS_000812,20.75885,85.29925,2026-08-20,07:41,N21,VIIRS,n,D,332.16,295.81,5.65,0.43,0.38,2.0NRT,2026-08-20 00:00:00+00:00,SOURCE_0043,0.29734569018501505,True,LOW,2.32,3.3300000000000005,5,2026-08-19 00:00:00+00:00,1.0,2026-08-19 00:00:00+00:00,24.0
FIRMS_000076,23.69857,86.07803,2026-08-19,19:45,N20,VIIRS,n,N,310.92,266.58,0.86,0.52,0.42,2.0NRT,2026-08-19 00:00:00+00:00,SOURCE_0044,0.18705450195572657,False,LOW,,,1,2026-08-19 00:00:00+00:00,0.0,,
FIRMS_000077,23.69476,86.07745,2026-08-19,19:45,N20,VIIRS,n,N,306.39,267.71,0.95,0.52,0.42,2.0NRT,2026-08-19 00:00:00+00:00,SOURCE_0044,0.18705450195572657,False,LOW,0.86,0.08999999999999997,2,2026-08-19 00:00:00+00:00,0.0,2026-08-19 00:00:00+00:00,0.0
FIRMS_000704,23.69736,86.07976,2026-08-19,20:27,N21,VIIRS,n,N,299.58,269.38,1.08,0.57,0.52,2.0NRT,2026-08-19 00:00:00+00:00,SOURCE_0044,0.18705450195572657,False,LOW,0.95,0.13000000000000012,3,2026-08-19 00:00:00+00:00,0.0,2026-08-19 00:00:00+00:00,0.0
FIRMS_000078,23.68269,86.08083,2026-08-19,19:45,N20,VIIRS,n,N,317.23,274.19,1.35,0.52,0.42,2.0NRT,2026-08-19 00:00:00+00:00,SOURCE_0045,0.5513402162414409,True,MEDIUM,,,1,2026-08-19 00:00:00+00:00,0.0,,
FIRMS_000081,23.67823,86.08537,2026-08-19,19:45,N20,VIIRS,n,N,303.17,276.29,1.22,0.52,0.42,2.0NRT,2026-08-19 00:00:00+00:00,SOURCE_0045,0.5513402162414409,True,MEDIUM,1.35,-0.13000000000000012,2,2026-08-19 00:00:00+00:00,0.0,2026-08-19 00:00:00+00:00,0.0
FIRMS_000083,23.67935,86.08384,2026-08-19,19:45,N20,VIIRS,n,N,303.33,277.48,0.83,0.52,0.42,2.0NRT,2026-08-19 00:00:00+00:00,SOURCE_0045,0.5513402162414409,True,MEDIUM,1.22,-0.39,3,2026-08-19 00:00:00+00:00,0.0,2026-08-19 00:00:00+00:00,0.0
FIRMS_000221,23.68428,86.08263,2026-08-20,19:23,N20,VIIRS,n,N,314.32,285.75,2.63,0.34,0.56,2.0NRT,2026-08-20 00:00:00+00:00,SOURCE_0045,0.5513402162414409,True,MEDIUM,0.83,1.7999999999999998,4,2026-08-19 00:00:00+00:00,1.0,2026-08-19 00:00:00+00:00,24.0
FIRMS_000225,23.67882,86.0854,2026-08-20,19:23,N20,VIIRS,n,N,310.11,287.15,3.31,0.34,0.56,2.0NRT,2026-08-20 00:00:00+00:00,SOURCE_0045,0.5513402162414409,True,MEDIUM,2.63,0.6800000000000002,5,2026-08-19 00:00:00+00:00,1.0,2026-08-20 00:00:00+00:00,0.0
FIRMS_000228,23.68715,86.08223,2026-08-20,19:23,N20,VIIRS,n,N,309.67,283.56,0.85,0.34,0.56,2.0NRT,2026-08-20 00:00:00+00:00,SOURCE_0045,0.5513402162414409,True,MEDIUM,3.31,-2.46,6,2026-08-19 00:00:00+00:00,1.0,2026-08-20 00:00:00+00:00,0.0
FIRMS_000231,23.682,86.08169,2026-08-20,19:23,N20,VIIRS,n,N,305.22,286.21,1.24,0.34,0.56,2.0NRT,2026-08-20 00:00:00+00:00,SOURCE_0045,0.5513402162414409,True,MEDIUM,0.85,0.39,7,2026-08-19 00:00:00+00:00,1.0,2026-08-20 00:00:00+00:00,0.0
FIRMS_000236,23.67652,86.08445,2026-08-20,19:23,N20,VIIRS,n,N,310.09,286.43,2.58,0.34,0.56,2.0NRT,2026-08-20 00:00:00+00:00,SOURCE_0045,0.5513402162414409,True,MEDIUM,1.24,1.34,8,2026-08-19 00:00:00+00:00,1.0,2026-08-20 00:00:00+00:00,0.0
FIRMS_001004,23.68155,86.08361,2026-08-21,19:49,N21,VIIRS,n,N,333.34,289.93,3.81,0.4,0.37,2.0NRT,2026-08-21 00:00:00+00:00,SOURCE_0045,0.5513402162414409,True,MEDIUM,2.58,1.23,9,2026-08-19 00:00:00+00:00,2.0,2026-08-20 00:00:00+00:00,24.0
FIRMS_001006,23.67765,86.08691,2026-08-21,19:49,N21,VIIRS,n,N,310.23,290.24,3.81,0.4,0.37,2.0NRT,2026-08-21 00:00:00+00:00,SOURCE_0045,0.5513402162414409,True,MEDIUM,3.81,0.0,10,2026-08-19 00:00:00+00:00,2.0,2026-08-21 00:00:00+00:00,0.0
FIRMS_001007,23.67513,86.08725,2026-08-21,19:49,N21,VIIRS,n,N,315.89,290.53,4.09,0.4,0.37,2.0NRT,2026-08-21 00:00:00+00:00,SOURCE_0045,0.5513402162414409,True,MEDIUM,3.81,0.2799999999999998,11,2026-08-19 00:00:00+00:00,2.0,2026-08-21 00:00:00+00:00,0.0
FIRMS_001136,23.67586,86.08545,2026-08-22,19:32,N21,VIIRS,n,N,305.7,282.55,1.83,0.43,0.46,2.0NRT,2026-08-22 00:00:00+00:00,SOURCE_0045,0.5513402162414409,True,MEDIUM,4.09,-2.26,12,2026-08-19 00:00:00+00:00,3.0,2026-08-21 00:00:00+00:00,24.0
FIRMS_000079,23.6814,86.09103,2026-08-19,19:45,N20,VIIRS,n,N,302.15,275.0,2.21,0.52,0.42,2.0NRT,2026-08-19 00:00:00+00:00,SOURCE_0046,0.42265433228744903,True,MEDIUM,,,1,2026-08-19 00:00:00+00:00,0.0,,
FIRMS_000080,23.68076,86.09612,2026-08-19,19:45,N20,VIIRS,n,N,301.17,275.59,0.68,0.52,0.42,2.0NRT,2026-08-19 00:00:00+00:00,SOURCE_0046,0.42265433228744903,True,MEDIUM,2.21,-1.5299999999999998,2,2026-08-19 00:00:00+00:00,0.0,2026-08-19 00:00:00+00:00,0.0
FIRMS_000222,23.68335,86.0926,2026-08-20,19:23,N20,VIIRS,n,N,316.53,286.62,2.0,0.34,0.56,2.0NRT,2026-08-20 00:00:00+00:00,SOURCE_0046,0.42265433228744903,True,MEDIUM,0.68,1.3199999999999998,3,2026-08-19 00:00:00+00:00,1.0,2026-08-19 00:00:00+00:00,24.0
FIRMS_000223,23.68304,86.09592,2026-08-20,19:23,N20,VIIRS,n,N,304.76,286.85,2.0,0.34,0.56,2.0NRT,2026-08-20 00:00:00+00:00,SOURCE_0046,0.42265433228744903,True,MEDIUM,2.0,0.0,4,2026-08-19 00:00:00+00:00,1.0,2026-08-20 00:00:00+00:00,0.0
FIRMS_000232,23.681,86.09164,2026-08-20,19:23,N20,VIIRS,n,N,306.58,286.78,1.34,0.34,0.56,2.0NRT,2026-08-20 00:00:00+00:00,SOURCE_0046,0.42265433228744903,True,MEDIUM,2.0,-0.6599999999999999,5,2026-08-19 00:00:00+00:00,1.0,2026-08-20 00:00:00+00:00,0.0
FIRMS_000233,23.68066,86.09496,2026-08-20,19:23,N20,VIIRS,n,N,313.73,286.74,1.34,0.34,0.56,2.0NRT,2026-08-20 00:00:00+00:00,SOURCE_0046,0.42265433228744903,True,MEDIUM,1.34,0.0,6,2026-08-19 00:00:00+00:00,1.0,2026-08-20 00:00:00+00:00,0.0
FIRMS_000908,23.68058,86.09518,2026-08-20,20:10,N21,VIIRS,n,N,309.33,288.29,2.25,0.46,0.39,2.0NRT,2026-08-20 00:00:00+00:00,SOURCE_0046,0.42265433228744903,True,MEDIUM,1.34,0.9099999999999999,7,2026-08-19 00:00:00+00:00,1.0,2026-08-20 00:00:00+00:00,0.0
FIRMS_000996,23.67986,86.09519,2026-08-21,19:49,N21,VIIRS,n,N,319.22,290.36,4.94,0.4,0.37,2.0NRT,2026-08-21 00:00:00+00:00,SOURCE_0046,0.42265433228744903,True,MEDIUM,2.25,2.6900000000000004,8,2026-08-19 00:00:00+00:00,2.0,2026-08-20 00:00:00+00:00,24.0
FIRMS_000082,23.67504,86.11079,2026-08-19,19:45,N20,VIIRS,n,N,305.56,280.08,1.87,0.52,0.41,2.0NRT,2026-08-19 00:00:00+00:00,SOURCE_0047,0.2692817258878132,True,LOW,,,1,2026-08-19 00:00:00+00:00,0.0,,
FIRMS_000084,23.67219,86.10865,2026-08-19,19:45,N20,VIIRS,n,N,307.56,279.45,1.84,0.52,0.41,2.0NRT,2026-08-19 00:00:00+00:00,SOURCE_0047,0.2692817258878132,True,LOW,1.87,-0.030000000000000027,2,2026-08-19 00:00:00+00:00,0.0,2026-08-19 00:00:00+00:00,0.0
FIRMS_000237,23.67353,86.11418,2026-08-20,19:23,N20,VIIRS,n,N,315.17,285.27,1.21,0.34,0.56,2.0NRT,2026-08-20 00:00:00+00:00,SOURCE_0047,0.2692817258878132,True,LOW,1.84,-0.6300000000000001,3,2026-08-19 00:00:00+00:00,1.0,2026-08-19 00:00:00+00:00,24.0
FIRMS_000085,23.82895,84.57195,2026-08-19,19:45,N20,VIIRS,n,N,315.83,288.72,1.66,0.42,0.45,2.0NRT,2026-08-19 00:00:00+00:00,SOURCE_0048,0.3350441775935653,True,MEDIUM,,,1,2026-08-19 00:00:00+00:00,0.0,,
FIRMS_000086,23.82477,84.57133,2026-08-19,19:45,N20,VIIRS,n,N,315.7,288.19,1.66,0.42,0.45,2.0NRT,2026-08-19 00:00:00+00:00,SOURCE_0048,0.3350441775935653,True,MEDIUM,1.66,0.0,2,2026-08-19 00:00:00+00:00,0.0,2026-08-19 00:00:00+00:00,0.0
FIRMS_000705,23.8231,84.57227,2026-08-19,20:27,N21,VIIRS,n,N,304.64,288.22,1.34,0.46,0.47,2.0NRT,2026-08-19 00:00:00+00:00,SOURCE_0048,0.3350441775935653,True,MEDIUM,1.66,-0.31999999999999984,3,2026-08-19 00:00:00+00:00,0.0,2026-08-19 00:00:00+00:00,0.0
FIRMS_000217,23.82971,84.56965,2026-08-20,19:23,N20,VIIRS,n,N,305.91,286.19,1.0,0.42,0.61,2.0NRT,2026-08-20 00:00:00+00:00,SOURCE_0048,0.3350441775935653,True,MEDIUM,1.34,-0.3400000000000001,4,2026-08-19 00:00:00+00:00,1.0,2026-08-19 00:00:00+00:00,24.0
FIRMS_000218,23.82936,84.57385,2026-08-20,19:23,N20,VIIRS,n,N,303.92,286.38,1.0,0.42,0.61,2.0NRT,2026-08-20 00:00:00+00:00,SOURCE_0048,0.3350441775935653,True,MEDIUM,1.0,0.0,5,2026-08-19 00:00:00+00:00,1.0,2026-08-20 00:00:00+00:00,0.0
FIRMS_000219,23.82405,84.56894,2026-08-20,19:23,N20,VIIRS,n,N,303.8,283.31,1.0,0.42,0.61,2.0NRT,2026-08-20 00:00:00+00:00,SOURCE_0048,0.3350441775935653,True,MEDIUM,1.0,0.0,6,2026-08-19 00:00:00+00:00,1.0,2026-08-20 00:00:00+00:00,0.0
FIRMS_000220,23.8237,84.57314,2026-08-20,19:23,N20,VIIRS,n,N,308.88,285.26,1.0,0.42,0.61,2.0NRT,2026-08-20 00:00:00+00:00,SOURCE_0048,0.3350441775935653,True,MEDIUM,1.0,0.0,7,2026-08-19 00:00:00+00:00,1.0,2026-08-20 00:00:00+00:00,0.0
FIRMS_000229,23.82678,84.57025,2026-08-20,19:23,N20,VIIRS,n,N,314.18,285.28,1.88,0.42,0.61,2.0NRT,2026-08-20 00:00:00+00:00,SOURCE_0048,0.3350441775935653,True,MEDIUM,1.0,0.8799999999999999,8,2026-08-19 00:00:00+00:00,1.0,2026-08-20 00:00:00+00:00,0.0
FIRMS_000230,23.8264,84.57446,2026-08-20,19:23,N20,VIIRS,n,N,303.91,285.99,1.88,0.42,0.61,2.0NRT,2026-08-20 00:00:00+00:00,SOURCE_0048,0.3350441775935653,True,MEDIUM,1.88,0.0,9,2026-08-19 00:00:00+00:00,1.0,2026-08-20 00:00:00+00:00,0.0
FIRMS_000087,23.60963,85.675,2026-08-19,19:45,N20,VIIRS,n,N,305.59,285.06,1.24,0.55,0.42,2.0NRT,2026-08-19 00:00:00+00:00,SOURCE_0049,0.16305995342683668,False,LOW,,,1,2026-08-19 00:00:00+00:00,0.0,,
FIRMS_000088,23.60917,85.67301,2026-08-19,19:45,N20,VIIRS,n,N,301.79,285.24,0.84,0.55,0.42,2.0NRT,2026-08-19 00:00:00+00:00,SOURCE_0049,0.16305995342683668,False,LOW,1.24,-0.4,2,2026-08-19 00:00:00+00:00,0.0,2026-08-19 00:00:00+00:00,0.0
FIRMS_000089,22.87644,86.06029,2026-08-19,19:45,N20,VIIRS,n,N,304.74,289.8,2.45,0.51,0.41,2.0NRT,2026-08-19 00:00:00+00:00,SOURCE_0050,0.2692817258878132,True,LOW,,,1,2026-08-19 00:00:00+00:00,0.0,,
FIRMS_000707,22.87371,86.06281,2026-08-19,20:27,N21,VIIRS,n,N,309.15,289.27,4.38,0.59,0.53,2.0NRT,2026-08-19 00:00:00+00:00,SOURCE_0050,0.2692817258878132,True,LOW,2.45,1.9299999999999997,2,2026-08-19 00:00:00+00:00,0.0,2026-08-19 00:00:00+00:00,0.0
FIRMS_000881,22.87224,86.06081,2026-08-20,20:10,N21,VIIRS,n,N,306.17,284.64,1.14,0.47,0.4,2.0NRT,2026-08-20 00:00:00+00:00,SOURCE_0050,0.2692817258878132,True,LOW,4.38,-3.24,3,2026-08-19 00:00:00+00:00,1.0,2026-08-19 00:00:00+00:00,24.0
FIRMS_000090,22.79715,86.19865,2026-08-19,19:45,N20,VIIRS,n,N,311.6,290.38,1.42,0.5,0.41,2.0NRT,2026-08-19 00:00:00+00:00,SOURCE_0051,0.3350441775935653,True,MEDIUM,,,1,2026-08-19 00:00:00+00:00,0.0,,
FIRMS_000093,22.79029,86.1926,2026-08-19,19:45,N20,VIIRS,n,N,308.82,290.55,1.92,0.5,0.41,2.0NRT,2026-08-19 00:00:00+00:00,SOURCE_0051,0.3350441775935653,True,MEDIUM,1.42,0.5,2,2026-08-19 00:00:00+00:00,0.0,2026-08-19 00:00:00+00:00,0.0
FIRMS_000094,22.78966,86.19751,2026-08-19,19:45,N20,VIIRS,n,N,311.22,291.55,4.37,0.5,0.41,2.0NRT,2026-08-19 00:00:00+00:00,SOURCE_0051,0.3350441775935653,True,MEDIUM,1.92,2.45,3,2026-08-19 00:00:00+00:00,0.0,2026-08-19 00:00:00+00:00,0.0
FIRMS_000096,22.79647,86.19669,2026-08-19,19:45,N20,VIIRS,n,N,310.02,290.31,1.57,0.5,0.41,2.0NRT,2026-08-19 00:00:00+00:00,SOURCE_0051,0.3350441775935653,True,MEDIUM,4.37,-2.8,4,2026-08-19 00:00:00+00:00,0.0,2026-08-19 00:00:00+00:00,0.0
FIRMS_000098,22.79272,86.19611,2026-08-19,19:45,N20,VIIRS,n,N,310.55,290.67,3.17,0.5,0.41,2.0NRT,2026-08-19 00:00:00+00:00,SOURCE_0051,0.3350441775935653,True,MEDIUM,1.57,1.5999999999999999,5,2026-08-19 00:00:00+00:00,0.0,2026-08-19 00:00:00+00:00,0.0
FIRMS_000708,22.7908,86.1967,2026-08-19,20:27,N21,VIIRS,n,N,310.77,289.37,3.8,0.6,0.53,2.0NRT,2026-08-19 00:00:00+00:00,SOURCE_0051,0.3350441775935653,True,MEDIUM,3.17,0.6299999999999999,6,2026-08-19 00:00:00+00:00,0.0,2026-08-19 00:00:00+00:00,0.0
FIRMS_000883,22.79431,86.19839,2026-08-20,20:10,N21,VIIRS,n,N,310.02,290.58,5.16,0.48,0.4,2.0NRT,2026-08-20 00:00:00+00:00,SOURCE_0051,0.3350441775935653,True,MEDIUM,3.8,1.3600000000000003,7,2026-08-19 00:00:00+00:00,1.0,2026-08-19 00:00:00+00:00,24.0
FIRMS_000885,22.79068,86.19763,2026-08-20,20:10,N21,VIIRS,n,N,330.28,291.04,4.25,0.48,0.4,2.0NRT,2026-08-20 00:00:00+00:00,SOURCE_0051,0.3350441775935653,True,MEDIUM,5.16,-0.9100000000000001,8,2026-08-19 00:00:00+00:00,1.0,2026-08-20 00:00:00+00:00,0.0
FIRMS_000886,22.78706,86.19686,2026-08-20,20:10,N21,VIIRS,n,N,311.46,289.85,4.25,0.48,0.4,2.0NRT,2026-08-20 00:00:00+00:00,SOURCE_0051,0.3350441775935653,True,MEDIUM,4.25,0.0,9,2026-08-19 00:00:00+00:00,1.0,2026-08-20 00:00:00+00:00,0.0
FIRMS_000091,22.79215,86.20784,2026-08-19,19:45,N20,VIIRS,n,N,319.15,290.83,1.51,0.5,0.41,2.0NRT,2026-08-19 00:00:00+00:00,SOURCE_0052,0.34897757047841904,True,MEDIUM,,,1,2026-08-19 00:00:00+00:00,0.0,,
FIRMS_000092,22.79152,86.2127,2026-08-19,19:45,N20,VIIRS,n,N,304.03,290.42,1.51,0.5,0.41,2.0NRT,2026-08-19 00:00:00+00:00,SOURCE_0052,0.34897757047841904,True,MEDIUM,1.51,0.0,2,2026-08-19 00:00:00+00:00,0.0,2026-08-19 00:00:00+00:00,0.0
FIRMS_000095,22.7884,86.20729,2026-08-19,19:45,N20,VIIRS,n,N,305.8,291.01,1.51,0.5,0.41,2.0NRT,2026-08-19 00:00:00+00:00,SOURCE_0052,0.34897757047841904,True,MEDIUM,1.51,0.0,3,2026-08-19 00:00:00+00:00,0.0,2026-08-19 00:00:00+00:00,0.0
FIRMS_000097,22.79141,86.20586,2026-08-19,19:45,N20,VIIRS,n,N,325.08,291.18,2.63,0.5,0.41,2.0NRT,2026-08-19 00:00:00+00:00,SOURCE_0052,0.34897757047841904,True,MEDIUM,1.51,1.1199999999999999,4,2026-08-19 00:00:00+00:00,0.0,2026-08-19 00:00:00+00:00,0.0
FIRMS_000099,22.79077,86.21069,2026-08-19,19:45,N20,VIIRS,n,N,310.22,290.82,2.89,0.5,0.41,2.0NRT,2026-08-19 00:00:00+00:00,SOURCE_0052,0.34897757047841904,True,MEDIUM,2.63,0.26000000000000023,5,2026-08-19 00:00:00+00:00,0.0,2026-08-19 00:00:00+00:00,0.0
FIRMS_000100,22.78767,86.20531,2026-08-19,19:45,N20,VIIRS,n,N,307.42,290.98,2.63,0.5,0.41,2.0NRT,2026-08-19 00:00:00+00:00,SOURCE_0052,0.34897757047841904,True,MEDIUM,2.89,-0.26000000000000023,6,2026-08-19 00:00:00+00:00,0.0,2026-08-19 00:00:00+00:00,0.0
FIRMS_000709,22.78961,86.20239,2026-08-19,20:27,N21,VIIRS,n,N,307.71,288.96,2.33,0.6,0.53,2.0NRT,2026-08-19 00:00:00+00:00,SOURCE_0052,0.34897757047841904,True,MEDIUM,2.63,-0.2999999999999998,7,2026-08-19 00:00:00+00:00,0.0,2026-08-19 00:00:00+00:00,0.0
FIRMS_000710,22.78841,86.2081,2026-08-19,20:27,N21,VIIRS,n,N,302.64,289.28,2.33,0.6,0.53,2.0NRT,2026-08-19 00:00:00+00:00,SOURCE_0052,0.34897757047841904,True,MEDIUM,2.33,0.0,8,2026-08-19 00:00:00+00:00,0.0,2026-08-19 00:00:00+00:00,0.0
FIRMS_000711,22.78364,86.20684,2026-08-19,20:27,N21,VIIRS,n,N,311.14,288.91,2.33,0.6,0.53,2.0NRT,2026-08-19 00:00:00+00:00,SOURCE_0052,0.34897757047841904,True,MEDIUM,2.33,0.0,9,2026-08-19 00:00:00+00:00,0.0,2026-08-19 00:00:00+00:00,0.0
FIRMS_000882,22.79629,86.2084,2026-08-20,20:10,N21,VIIRS,n,N,339.22,290.46,4.63,0.48,0.4,2.0NRT,2026-08-20 00:00:00+00:00,SOURCE_0052,0.34897757047841904,True,MEDIUM,2.33,2.3,10,2026-08-19 00:00:00+00:00,1.0,2026-08-19 00:00:00+00:00,24.0
FIRMS_000884,22.79184,86.21223,2026-08-20,20:10,N21,VIIRS,n,N,306.09,289.27,4.63,0.48,0.4,2.0NRT,2026-08-20 00:00:00+00:00,SOURCE_0052,0.34897757047841904,True,MEDIUM,4.63,0.0,11,2026-08-19 00:00:00+00:00,1.0,2026-08-20 00:00:00+00:00,0.0
FIRMS_000101,22.61008,85.91367,2026-08-19,19:45,N20,VIIRS,n,N,306.4,290.52,1.7,0.52,0.41,2.0NRT,2026-08-19 00:00:00+00:00,SOURCE_0053,0.129241536692149,False,LOW,,,1,2026-08-19 00:00:00+00:00,0.0,,
FIRMS_000102,22.57485,85.89123,2026-08-19,19:45,N20,VIIRS,n,N,305.64,290.95,1.39,0.52,0.41,2.0NRT,2026-08-19 00:00:00+00:00,SOURCE_0054,0.129241536692149,False,LOW,,,1,2026-08-19 00:00:00+00:00,0.0,,
FIRMS_000103,22.57419,85.89626,2026-08-19,19:45,N20,VIIRS,n,N,310.24,291.29,1.39,0.52,0.41,2.0NRT,2026-08-19 00:00:00+00:00,SOURCE_0055,0.18705450195572657,False,LOW,,,1,2026-08-19 00:00:00+00:00,0.0,,
FIRMS_000721,22.57461,85.8969,2026-08-19,20:27,N21,VIIRS,n,N,305.7,288.65,2.16,0.58,0.52,2.0NRT,2026-08-19 00:00:00+00:00,SOURCE_0055,0.18705450195572657,False,LOW,1.39,0.7700000000000002,2,2026-08-19 00:00:00+00:00,0.0,2026-08-19 00:00:00+00:00,0.0
FIRMS_000723,22.57429,85.89625,2026-08-19,20:27,N21,VIIRS,n,N,309.85,288.3,3.17,0.58,0.52,2.0NRT,2026-08-19 00:00:00+00:00,SOURCE_0055,0.18705450195572657,False,LOW,2.16,1.0099999999999998,3,2026-08-19 00:00:00+00:00,0.0,2026-08-19 00:00:00+00:00,0.0
FIRMS_000104,22.38231,87.28905,2026-08-19,19:45,N20,VIIRS,n,N,305.9,289.6,2.32,0.44,0.39,2.0NRT,2026-08-19 00:00:00+00:00,SOURCE_0056,0.129241536692149,False,LOW,,,1,2026-08-19 00:00:00+00:00,0.0,,
FIRMS_000105,22.38057,87.27562,2026-08-19,19:45,N20,VIIRS,n,N,308.73,290.21,1.9,0.44,0.39,2.0NRT,2026-08-19 00:00:00+00:00,SOURCE_0057,0.938872433877884,True,HIGH,,,1,2026-08-19 00:00:00+00:00,0.0,,
FIRMS_000106,22.37997,87.27991,2026-08-19,19:45,N20,VIIRS,n,N,316.34,290.91,1.9,0.44,0.39,2.0NRT,2026-08-19 00:00:00+00:00,SOURCE_0057,0.938872433877884,True,HIGH,1.9,0.0,2,2026-08-19 00:00:00+00:00,0.0,2026-08-19 00:00:00+00:00,0.0
FIRMS_000107,22.37644,87.27934,2026-08-19,19:45,N20,VIIRS,n,N,324.04,291.37,4.93,0.44,0.39,2.0NRT,2026-08-19 00:00:00+00:00,SOURCE_0057,0.938872433877884,True,HIGH,1.9,3.03,3,2026-08-19 00:00:00+00:00,0.0,2026-08-19 00:00:00+00:00,0.0
FIRMS_000712,22.37474,87.27907,2026-08-19,20:27,N21,VIIRS,n,N,325.07,287.01,4.04,0.36,0.57,2.0NRT,2026-08-19 00:00:00+00:00,SOURCE_0057,0.938872433877884,True,HIGH,4.93,-0.8899999999999997,4,2026-08-19 00:00:00+00:00,0.0,2026-08-19 00:00:00+00:00,0.0
FIRMS_000713,22.3755,87.27567,2026-08-19,20:27,N21,VIIRS,n,N,308.33,286.99,2.38,0.36,0.57,2.0NRT,2026-08-19 00:00:00+00:00,SOURCE_0057,0.938872433877884,True,HIGH,4.04,-1.6600000000000001,5,2026-08-19 00:00:00+00:00,0.0,2026-08-19 00:00:00+00:00,0.0
FIRMS_000715,22.37883,87.28122,2026-08-19,20:27,N21,VIIRS,n,N,322.85,286.54,3.48,0.36,0.57,2.0NRT,2026-08-19 00:00:00+00:00,SOURCE_0057,0.938872433877884,True,HIGH,2.38,1.1,6,2026-08-19 00:00:00+00:00,0.0,2026-08-19 00:00:00+00:00,0.0
FIRMS_000716,22.37956,87.2778,2026-08-19,20:27,N21,VIIRS,n,N,318.52,286.8,2.95,0.36,0.57,2.0NRT,2026-08-19 00:00:00+00:00,SOURCE_0057,0.938872433877884,True,HIGH,3.48,-0.5299999999999998,7,2026-08-19 00:00:00+00:00,0.0,2026-08-19 00:00:00+00:00,0.0
FIRMS_000816,22.37798,87.28054,2026-08-20,07:41,N21,VIIRS,n,D,335.0,288.97,8.68,0.56,0.43,2.0NRT,2026-08-20 00:00:00+00:00,SOURCE_0057,0.938872433877884,True,HIGH,2.95,5.7299999999999995,8,2026-08-19 00:00:00+00:00,1.0,2026-08-19 00:00:00+00:00,24.0
FIRMS_000378,22.37936,87.28155,2026-08-21,20:46,N20,VIIRS,n,N,301.83,266.54,1.29,0.57,0.69,2.0NRT,2026-08-21 00:00:00+00:00,SOURCE_0057,0.938872433877884,True,HIGH,8.68,-7.39,9,2026-08-19 00:00:00+00:00,2.0,2026-08-20 00:00:00+00:00,24.0
FIRMS_000380,22.37672,87.2793,2026-08-21,20:46,N20,VIIRS,n,N,308.26,266.1,1.69,0.57,0.69,2.0NRT,2026-08-21 00:00:00+00:00,SOURCE_0057,0.938872433877884,True,HIGH,1.29,0.3999999999999999,10,2026-08-19 00:00:00+00:00,2.0,2026-08-21 00:00:00+00:00,0.0
FIRMS_000389,22.38068,87.27615,2026-08-21,20:46,N20,VIIRS,n,N,299.45,267.45,1.29,0.57,0.69,2.0NRT,2026-08-21 00:00:00+00:00,SOURCE_0057,0.938872433877884,True,HIGH,1.69,-0.3999999999999999,11,2026-08-19 00:00:00+00:00,2.0,2026-08-21 00:00:00+00:00,0.0
FIRMS_001020,22.37758,87.2785,2026-08-21,19:51,N21,VIIRS,n,N,330.19,281.17,3.97,0.38,0.36,2.0NRT,2026-08-21 00:00:00+00:00,SOURCE_0057,0.938872433877884,True,HIGH,1.29,2.68,12,2026-08-19 00:00:00+00:00,2.0,2026-08-21 00:00:00+00:00,0.0
FIRMS_001021,22.377,87.2822,2026-08-21,19:51,N21,VIIRS,n,N,310.92,280.1,1.55,0.38,0.36,2.0NRT,2026-08-21 00:00:00+00:00,SOURCE_0057,0.938872433877884,True,HIGH,3.97,-2.42,13,2026-08-19 00:00:00+00:00,2.0,2026-08-21 00:00:00+00:00,0.0
FIRMS_001064,22.37735,87.28273,2026-08-22,07:03,N21,VIIRS,n,D,330.92,293.4,9.32,0.53,0.42,2.0NRT,2026-08-22 00:00:00+00:00,SOURCE_0057,0.938872433877884,True,HIGH,1.55,7.7700000000000005,14,2026-08-19 00:00:00+00:00,3.0,2026-08-21 00:00:00+00:00,24.0
FIRMS_001065,22.37667,87.27975,2026-08-22,07:03,N21,VIIRS,n,D,338.08,293.11,8.72,0.53,0.42,2.0NRT,2026-08-22 00:00:00+00:00,SOURCE_0057,0.938872433877884,True,HIGH,9.32,-0.5999999999999996,15,2026-08-19 00:00:00+00:00,3.0,2026-08-22 00:00:00+00:00,0.0
FIRMS_000562,22.37793,87.27869,2026-08-23,20:08,N20,VIIRS,n,N,334.11,285.45,5.81,0.46,0.39,2.0NRT,2026-08-23 00:00:00+00:00,SOURCE_0057,0.938872433877884,True,HIGH,8.72,-2.910000000000001,16,2026-08-19 00:00:00+00:00,4.0,2026-08-22 00:00:00+00:00,24.0
FIRMS_001199,22.37616,87.27859,2026-08-23,19:13,N21,VIIRS,n,N,325.24,283.28,4.3,0.35,0.57,2.0NRT,2026-08-23 00:00:00+00:00,SOURCE_0057,0.938872433877884,True,HIGH,5.81,-1.5099999999999998,17,2026-08-19 00:00:00+00:00,4.0,2026-08-23 00:00:00+00:00,0.0
FIRMS_001204,22.37584,87.28196,2026-08-23,19:13,N21,VIIRS,n,N,305.92,282.73,2.63,0.35,0.57,2.0NRT,2026-08-23 00:00:00+00:00,SOURCE_0057,0.938872433877884,True,HIGH,4.3,-1.67,18,2026-08-19 00:00:00+00:00,4.0,2026-08-23 00:00:00+00:00,0.0
FIRMS_000598,22.37741,87.27945,2026-08-24,19:49,N20,VIIRS,n,N,342.9,295.02,3.79,0.4,0.37,2.0NRT,2026-08-24 00:00:00+00:00,SOURCE_0057,0.938872433877884,True,HIGH,2.63,1.1600000000000001,19,2026-08-19 00:00:00+00:00,5.0,2026-08-23 00:00:00+00:00,24.0
FIRMS_000599,22.37798,87.27563,2026-08-24,19:49,N20,VIIRS,n,N,312.37,291.75,3.79,0.4,0.37,2.0NRT,2026-08-24 00:00:00+00:00,SOURCE_0057,0.938872433877884,True,HIGH,3.79,0.0,20,2026-08-19 00:00:00+00:00,5.0,2026-08-24 00:00:00+00:00,0.0
FIRMS_001283,22.37808,87.27341,2026-08-24,18:53,N21,VIIRS,n,N,305.13,284.62,3.57,0.71,0.75,2.0NRT,2026-08-24 00:00:00+00:00,SOURCE_0057,0.938872433877884,True,HIGH,3.79,-0.2200000000000002,21,2026-08-19 00:00:00+00:00,5.0,2026-08-24 00:00:00+00:00,0.0
FIRMS_001284,22.37762,87.28032,2026-08-24,18:53,N21,VIIRS,n,N,313.01,284.39,3.57,0.71,0.75,2.0NRT,2026-08-24 00:00:00+00:00,SOURCE_0057,0.938872433877884,True,HIGH,3.57,0.0,22,2026-08-19 00:00:00+00:00,5.0,2026-08-24 00:00:00+00:00,0.0
FIRMS_001287,22.37821,87.27383,2026-08-24,18:53,N21,VIIRS,n,N,305.16,284.54,4.15,0.71,0.75,2.0NRT,2026-08-24 00:00:00+00:00,SOURCE_0057,0.938872433877884,True,HIGH,3.57,0.5800000000000005,23,2026-08-19 00:00:00+00:00,5.0,2026-08-24 00:00:00+00:00,0.0
FIRMS_001288,22.37771,87.28072,2026-08-24,18:53,N21,VIIRS,n,N,313.4,284.51,4.8,0.71,0.75,2.0NRT,2026-08-24 00:00:00+00:00,SOURCE_0057,0.938872433877884,True,HIGH,4.15,0.6499999999999995,24,2026-08-19 00:00:00+00:00,5.0,2026-08-24 00:00:00+00:00,0.0
FIRMS_001299,22.37958,87.27782,2026-08-24,20:34,N21,VIIRS,n,N,319.11,288.07,3.83,0.45,0.63,2.0NRT,2026-08-24 00:00:00+00:00,SOURCE_0057,0.938872433877884,True,HIGH,4.8,-0.9699999999999998,25,2026-08-19 00:00:00+00:00,5.0,2026-08-24 00:00:00+00:00,0.0
FIRMS_001300,22.37859,87.28209,2026-08-24,20:34,N21,VIIRS,n,N,315.76,288.26,3.83,0.45,0.63,2.0NRT,2026-08-24 00:00:00+00:00,SOURCE_0057,0.938872433877884,True,HIGH,3.83,0.0,26,2026-08-19 00:00:00+00:00,5.0,2026-08-24 00:00:00+00:00,0.0
FIRMS_001302,22.37782,87.28007,2026-08-24,20:34,N21,VIIRS,n,N,329.41,288.78,6.44,0.45,0.63,2.0NRT,2026-08-24 00:00:00+00:00,SOURCE_0057,0.938872433877884,True,HIGH,3.83,2.6100000000000003,27,2026-08-19 00:00:00+00:00,5.0,2026-08-24 00:00:00+00:00,0.0
FIRMS_001303,22.37879,87.27578,2026-08-24,20:34,N21,VIIRS,n,N,304.5,288.0,3.39,0.45,0.63,2.0NRT,2026-08-24 00:00:00+00:00,SOURCE_0057,0.938872433877884,True,HIGH,6.44,-3.0500000000000003,28,2026-08-19 00:00:00+00:00,5.0,2026-08-24 00:00:00+00:00,0.0
FIRMS_001363,22.37963,87.27699,2026-08-25,20:17,N21,VIIRS,n,N,300.96,278.05,1.96,0.46,0.47,2.0NRT,2026-08-25 00:00:00+00:00,SOURCE_0057,0.938872433877884,True,HIGH,3.39,-1.4300000000000002,29,2026-08-19 00:00:00+00:00,6.0,2026-08-24 00:00:00+00:00,24.0
FIRMS_001364,22.37453,87.28033,2026-08-25,20:17,N21,VIIRS,n,N,298.06,274.56,1.31,0.46,0.47,2.0NRT,2026-08-25 00:00:00+00:00,SOURCE_0057,0.938872433877884,True,HIGH,1.96,-0.6499999999999999,30,2026-08-19 00:00:00+00:00,6.0,2026-08-25 00:00:00+00:00,0.0
FIRMS_000109,22.36053,87.2899,2026-08-19,19:45,N20,VIIRS,n,N,305.78,289.23,1.49,0.44,0.39,2.0NRT,2026-08-19 00:00:00+00:00,SOURCE_0058,0.18705450195572657,False,LOW,,,1,2026-08-19 00:00:00+00:00,0.0,,
FIRMS_000110,22.35701,87.28933,2026-08-19,19:45,N20,VIIRS,n,N,309.0,289.12,1.49,0.44,0.39,2.0NRT,2026-08-19 00:00:00+00:00,SOURCE_0058,0.18705450195572657,False,LOW,1.49,0.0,2,2026-08-19 00:00:00+00:00,0.0,2026-08-19 00:00:00+00:00,0.0
FIRMS_000719,22.35531,87.28946,2026-08-19,20:27,N21,VIIRS,n,N,304.85,286.03,1.62,0.36,0.57,2.0NRT,2026-08-19 00:00:00+00:00,SOURCE_0058,0.18705450195572657,False,LOW,1.49,0.13000000000000012,3,2026-08-19 00:00:00+00:00,0.0,2026-08-19 00:00:00+00:00,0.0
FIRMS_000111,22.36542,87.01572,2026-08-19,19:45,N20,VIIRS,n,N,306.73,290.82,1.28,0.46,0.39,2.0NRT,2026-08-19 00:00:00+00:00,SOURCE_0059,0.20566611972281934,False,LOW,,,1,2026-08-19 00:00:00+00:00,0.0,,
FIRMS_000112,22.36126,87.01955,2026-08-19,19:45,N20,VIIRS,n,N,308.03,291.16,1.57,0.45,0.39,2.0NRT,2026-08-19 00:00:00+00:00,SOURCE_0059,0.20566611972281934,False,LOW,1.28,0.29000000000000004,2,2026-08-19 00:00:00+00:00,0.0,2026-08-19 00:00:00+00:00,0.0
FIRMS_000113,22.36285,87.01693,2026-08-19,19:45,N20,VIIRS,n,N,313.65,291.33,1.69,0.45,0.39,2.0NRT,2026-08-19 00:00:00+00:00,SOURCE_0059,0.20566611972281934,False,LOW,1.57,0.11999999999999988,3,2026-08-19 00:00:00+00:00,0.0,2026-08-19 00:00:00+00:00,0.0
FIRMS_000720,22.36007,87.01799,2026-08-19,20:27,N21,VIIRS,n,N,306.93,287.5,1.92,0.35,0.56,2.0NRT,2026-08-19 00:00:00+00:00,SOURCE_0059,0.20566611972281934,False,LOW,1.69,0.22999999999999998,4,2026-08-19 00:00:00+00:00,0.0,2026-08-19 00:00:00+00:00,0.0
FIRMS_000114,22.06446,88.12053,2026-08-19,19:45,N20,VIIRS,n,N,311.48,290.26,2.37,0.41,0.37,2.0NRT,2026-08-19 00:00:00+00:00,SOURCE_0060,0.129241536692149,False,LOW,,,1,2026-08-19 00:00:00+00:00,0.0,,
FIRMS_000115,22.05706,88.12335,2026-08-19,19:45,N20,VIIRS,n,N,313.71,290.97,2.46,0.41,0.37,2.0NRT,2026-08-19 00:00:00+00:00,SOURCE_0061,0.129241536692149,False,LOW,,,1,2026-08-19 00:00:00+00:00,0.0,,
FIRMS_000116,22.05307,88.12675,2026-08-19,19:45,N20,VIIRS,n,N,310.93,291.41,2.38,0.41,0.37,2.0NRT,2026-08-19 00:00:00+00:00,SOURCE_0062,0.16305995342683668,False,LOW,,,1,2026-08-19 00:00:00+00:00,0.0,,
FIRMS_000725,22.05219,88.1251,2026-08-19,20:27,N21,VIIRS,n,N,313.64,285.13,3.45,0.41,0.61,2.0NRT,2026-08-19 00:00:00+00:00,SOURCE_0062,0.16305995342683668,False,LOW,2.38,1.0700000000000003,2,2026-08-19 00:00:00+00:00,0.0,2026-08-19 00:00:00+00:00,0.0
FIRMS_000117,15.29888,80.01089,2026-08-19,19:47,N20,VIIRS,n,N,302.36,286.6,0.86,0.32,0.55,2.0NRT,2026-08-19 00:00:00+00:00,SOURCE_0063,0.129241536692149,False,LOW,,,1,2026-08-19 00:00:00+00:00,0.0,,
FIRMS_000120,9.76584,77.51328,2026-08-19,19:49,N20,VIIRS,n,N,308.24,276.11,1.12,0.4,0.6,2.0NRT,2026-08-19 00:00:00+00:00,SOURCE_0064,0.129241536692149,False,LOW,,,1,2026-08-19 00:00:00+00:00,0.0,,
FIRMS_000121,9.93416,78.31787,2026-08-19,19:49,N20,VIIRS,n,N,313.76,288.26,1.07,0.36,0.57,2.0NRT,2026-08-19 00:00:00+00:00,SOURCE_0065,0.16305995342683668,False,LOW,,,1,2026-08-19 00:00:00+00:00,0.0,,
FIRMS_000122,9.93454,78.31564,2026-08-19,19:49,N20,VIIRS,n,N,305.78,288.45,1.08,0.36,0.57,2.0NRT,2026-08-19 00:00:00+00:00,SOURCE_0065,0.16305995342683668,False,LOW,1.07,0.010000000000000009,2,2026-08-19 00:00:00+00:00,0.0,2026-08-19 00:00:00+00:00,0.0
FIRMS_000125,29.47378,76.85699,2026-08-19,21:23,N20,VIIRS,n,N,305.11,284.97,0.4,0.35,0.57,2.0NRT,2026-08-19 00:00:00+00:00,SOURCE_0066,0.2692817258878132,True,LOW,,,1,2026-08-19 00:00:00+00:00,0.0,,
FIRMS_000726,29.47554,76.85881,2026-08-19,20:27,N21,VIIRS,n,N,304.25,280.44,0.93,0.42,0.38,2.0NRT,2026-08-19 00:00:00+00:00,SOURCE_0066,0.2692817258878132,True,LOW,0.4,0.53,2,2026-08-19 00:00:00+00:00,0.0,2026-08-19 00:00:00+00:00,0.0
FIRMS_000823,29.47335,76.85711,2026-08-20,20:08,N21,VIIRS,n,N,305.34,288.66,3.76,0.49,0.48,2.0NRT,2026-08-20 00:00:00+00:00,SOURCE_0066,0.2692817258878132,True,LOW,0.93,2.8299999999999996,3,2026-08-19 00:00:00+00:00,1.0,2026-08-19 00:00:00+00:00,24.0
FIRMS_000126,18.69369,73.04151,2026-08-19,21:25,N20,VIIRS,n,N,301.77,285.42,1.18,0.34,0.56,2.0NRT,2026-08-19 00:00:00+00:00,SOURCE_0067,0.129241536692149,False,LOW,,,1,2026-08-19 00:00:00+00:00,0.0,,
FIRMS_000127,26.87804,73.51413,2026-08-19,21:25,N20,VIIRS,n,N,299.8,286.16,0.89,0.5,0.49,2.0NRT,2026-08-19 00:00:00+00:00,SOURCE_0068,0.3720986795492919,True,MEDIUM,,,1,2026-08-19 00:00:00+00:00,0.0,,
FIRMS_000261,26.87785,73.51696,2026-08-20,21:04,N20,VIIRS,n,N,306.36,293.02,1.67,0.43,0.38,2.0NRT,2026-08-20 00:00:00+00:00,SOURCE_0068,0.3720986795492919,True,MEDIUM,0.89,0.7799999999999999,2,2026-08-19 00:00:00+00:00,1.0,2026-08-19 00:00:00+00:00,24.0
FIRMS_000394,26.87782,73.51673,2026-08-21,20:46,N20,VIIRS,n,N,305.41,293.05,1.6,0.41,0.37,2.0NRT,2026-08-21 00:00:00+00:00,SOURCE_0068,0.3720986795492919,True,MEDIUM,1.67,-0.06999999999999984,3,2026-08-19 00:00:00+00:00,2.0,2026-08-20 00:00:00+00:00,24.0
FIRMS_000128,26.25852,74.09779,2026-08-19,21:25,N20,VIIRS,n,N,304.08,291.72,1.19,0.56,0.52,2.0NRT,2026-08-19 00:00:00+00:00,SOURCE_0069,0.16305995342683668,False,LOW,,,1,2026-08-19 00:00:00+00:00,0.0,,
FIRMS_000129,26.2566,74.0971,2026-08-19,21:25,N20,VIIRS,n,N,305.83,291.73,1.03,0.56,0.52,2.0NRT,2026-08-19 00:00:00+00:00,SOURCE_0069,0.16305995342683668,False,LOW,1.19,-0.15999999999999992,2,2026-08-19 00:00:00+00:00,0.0,2026-08-19 00:00:00+00:00,0.0
FIRMS_000728,23.80446,86.33112,2026-08-19,20:27,N21,VIIRS,n,N,306.85,277.33,3.63,0.59,0.53,2.0NRT,2026-08-19 00:00:00+00:00,SOURCE_0070,0.8008734394580171,True,HIGH,,,1,2026-08-19 00:00:00+00:00,0.0,,
FIRMS_000732,23.80087,86.32375,2026-08-19,20:27,N21,VIIRS,n,N,300.02,278.51,0.62,0.59,0.53,2.0NRT,2026-08-19 00:00:00+00:00,SOURCE_0070,0.8008734394580171,True,HIGH,3.63,-3.01,2,2026-08-19 00:00:00+00:00,0.0,2026-08-19 00:00:00+00:00,0.0
FIRMS_000130,23.80376,86.32996,2026-08-20,06:57,N20,VIIRS,n,D,329.87,289.93,5.71,0.57,0.52,2.0NRT,2026-08-20 00:00:00+00:00,SOURCE_0070,0.8008734394580171,True,HIGH,0.62,5.09,3,2026-08-19 00:00:00+00:00,1.0,2026-08-19 00:00:00+00:00,24.0
FIRMS_000161,23.80302,86.32994,2026-08-20,19:23,N20,VIIRS,n,N,330.01,287.58,3.2,0.33,0.55,2.0NRT,2026-08-20 00:00:00+00:00,SOURCE_0070,0.8008734394580171,True,HIGH,5.71,-2.51,4,2026-08-19 00:00:00+00:00,1.0,2026-08-20 00:00:00+00:00,0.0
FIRMS_000162,23.80366,86.32339,2026-08-20,19:23,N20,VIIRS,n,N,314.84,287.17,1.58,0.33,0.55,2.0NRT,2026-08-20 00:00:00+00:00,SOURCE_0070,0.8008734394580171,True,HIGH,3.2,-1.62,5,2026-08-19 00:00:00+00:00,1.0,2026-08-20 00:00:00+00:00,0.0
FIRMS_000163,23.80333,86.32668,2026-08-20,19:23,N20,VIIRS,n,N,304.86,287.07,1.58,0.33,0.55,2.0NRT,2026-08-20 00:00:00+00:00,SOURCE_0070,0.8008734394580171,True,HIGH,1.58,0.0,6,2026-08-19 00:00:00+00:00,1.0,2026-08-20 00:00:00+00:00,0.0
FIRMS_000819,23.80199,86.32909,2026-08-20,07:41,N21,VIIRS,n,D,336.98,296.23,6.43,0.52,0.41,2.0NRT,2026-08-20 00:00:00+00:00,SOURCE_0070,0.8008734394580171,True,HIGH,1.58,4.85,7,2026-08-19 00:00:00+00:00,1.0,2026-08-20 00:00:00+00:00,0.0
FIRMS_000820,23.80139,86.32409,2026-08-20,07:41,N21,VIIRS,n,D,332.78,294.67,6.43,0.52,0.41,2.0NRT,2026-08-20 00:00:00+00:00,SOURCE_0070,0.8008734394580171,True,HIGH,6.43,0.0,8,2026-08-19 00:00:00+00:00,1.0,2026-08-20 00:00:00+00:00,0.0
FIRMS_000852,23.80141,86.33147,2026-08-20,20:10,N21,VIIRS,n,N,304.54,285.5,1.7,0.47,0.4,2.0NRT,2026-08-20 00:00:00+00:00,SOURCE_0070,0.8008734394580171,True,HIGH,6.43,-4.7299999999999995,9,2026-08-19 00:00:00+00:00,1.0,2026-08-20 00:00:00+00:00,0.0
FIRMS_000386,23.80517,86.32483,2026-08-21,20:46,N20,VIIRS,n,N,299.37,271.31,0.59,0.47,0.64,2.0NRT,2026-08-21 00:00:00+00:00,SOURCE_0070,0.8008734394580171,True,HIGH,1.7,-1.1099999999999999,10,2026-08-19 00:00:00+00:00,2.0,2026-08-20 00:00:00+00:00,24.0
FIRMS_000456,23.80441,86.32185,2026-08-22,20:27,N20,VIIRS,n,N,314.37,278.84,3.96,0.47,0.48,2.0NRT,2026-08-22 00:00:00+00:00,SOURCE_0070,0.8008734394580171,True,HIGH,0.59,3.37,11,2026-08-19 00:00:00+00:00,3.0,2026-08-21 00:00:00+00:00,24.0
FIRMS_000457,23.80258,86.33081,2026-08-22,20:27,N20,VIIRS,n,N,319.81,279.36,3.4,0.47,0.48,2.0NRT,2026-08-22 00:00:00+00:00,SOURCE_0070,0.8008734394580171,True,HIGH,3.96,-0.56,12,2026-08-19 00:00:00+00:00,3.0,2026-08-22 00:00:00+00:00,0.0
FIRMS_001109,23.8035,86.32822,2026-08-22,19:32,N21,VIIRS,n,N,322.66,283.66,2.73,0.42,0.45,2.0NRT,2026-08-22 00:00:00+00:00,SOURCE_0070,0.8008734394580171,True,HIGH,3.4,-0.6699999999999999,13,2026-08-19 00:00:00+00:00,3.0,2026-08-22 00:00:00+00:00,0.0
FIRMS_001110,23.80397,86.32408,2026-08-22,19:32,N21,VIIRS,n,N,318.77,283.04,2.73,0.42,0.45,2.0NRT,2026-08-22 00:00:00+00:00,SOURCE_0070,0.8008734394580171,True,HIGH,2.73,0.0,14,2026-08-19 00:00:00+00:00,3.0,2026-08-22 00:00:00+00:00,0.0
FIRMS_001111,23.80303,86.33231,2026-08-22,19:32,N21,VIIRS,n,N,315.43,283.14,2.69,0.42,0.45,2.0NRT,2026-08-22 00:00:00+00:00,SOURCE_0070,0.8008734394580171,True,HIGH,2.73,-0.040000000000000036,15,2026-08-19 00:00:00+00:00,3.0,2026-08-22 00:00:00+00:00,0.0
FIRMS_000535,23.80126,86.33157,2026-08-23,07:39,N20,VIIRS,n,D,336.99,292.75,3.63,0.44,0.38,2.0NRT,2026-08-23 00:00:00+00:00,SOURCE_0070,0.8008734394580171,True,HIGH,2.69,0.94,16,2026-08-19 00:00:00+00:00,4.0,2026-08-22 00:00:00+00:00,24.0
FIRMS_000536,23.80175,86.3328,2026-08-23,07:39,N20,VIIRS,n,D,333.09,293.6,2.54,0.44,0.38,2.0NRT,2026-08-23 00:00:00+00:00,SOURCE_0070,0.8008734394580171,True,HIGH,3.63,-1.0899999999999999,17,2026-08-19 00:00:00+00:00,4.0,2026-08-23 00:00:00+00:00,0.0
FIRMS_001258,23.80548,86.33092,2026-08-23,20:55,N21,VIIRS,n,N,299.17,268.63,1.82,0.73,0.76,2.0NRT,2026-08-23 00:00:00+00:00,SOURCE_0070,0.8008734394580171,True,HIGH,2.54,-0.72,18,2026-08-19 00:00:00+00:00,4.0,2026-08-23 00:00:00+00:00,0.0
FIRMS_001270,23.8,86.32664,2026-08-23,20:55,N21,VIIRS,n,N,300.61,268.36,3.28,0.73,0.76,2.0NRT,2026-08-23 00:00:00+00:00,SOURCE_0070,0.8008734394580171,True,HIGH,1.82,1.4599999999999997,19,2026-08-19 00:00:00+00:00,4.0,2026-08-23 00:00:00+00:00,0.0
FIRMS_000609,23.80593,86.32925,2026-08-24,19:49,N20,VIIRS,n,N,301.64,287.99,1.14,0.43,0.38,2.0NRT,2026-08-24 00:00:00+00:00,SOURCE_0070,0.8008734394580171,True,HIGH,3.28,-2.1399999999999997,20,2026-08-19 00:00:00+00:00,5.0,2026-08-23 00:00:00+00:00,24.0
FIRMS_000736,23.77258,86.36404,2026-08-19,20:27,N21,VIIRS,n,N,305.0,282.37,1.65,0.59,0.53,2.0NRT,2026-08-19 00:00:00+00:00,SOURCE_0071,0.29734569018501505,True,LOW,,,1,2026-08-19 00:00:00+00:00,0.0,,
FIRMS_000132,23.77547,86.367,2026-08-20,06:57,N20,VIIRS,n,D,328.11,292.36,5.74,0.57,0.52,2.0NRT,2026-08-20 00:00:00+00:00,SOURCE_0071,0.29734569018501505,True,LOW,1.65,4.09,2,2026-08-19 00:00:00+00:00,1.0,2026-08-19 00:00:00+00:00,24.0
FIRMS_000133,23.77213,86.3663,2026-08-20,06:57,N20,VIIRS,n,D,327.08,292.7,4.99,0.57,0.52,2.0NRT,2026-08-20 00:00:00+00:00,SOURCE_0071,0.29734569018501505,True,LOW,5.74,-0.75,3,2026-08-19 00:00:00+00:00,1.0,2026-08-20 00:00:00+00:00,0.0
FIRMS_000172,23.77431,86.36192,2026-08-20,19:23,N20,VIIRS,n,N,310.16,287.06,1.51,0.32,0.55,2.0NRT,2026-08-20 00:00:00+00:00,SOURCE_0071,0.29734569018501505,True,LOW,4.99,-3.4800000000000004,4,2026-08-19 00:00:00+00:00,1.0,2026-08-20 00:00:00+00:00,0.0
FIRMS_000173,23.774,86.36514,2026-08-20,19:23,N20,VIIRS,n,N,319.32,287.8,1.98,0.32,0.55,2.0NRT,2026-08-20 00:00:00+00:00,SOURCE_0071,0.29734569018501505,True,LOW,1.51,0.47,5,2026-08-19 00:00:00+00:00,1.0,2026-08-20 00:00:00+00:00,0.0
FIRMS_000134,26.26204,91.96658,2026-08-20,06:59,N20,VIIRS,n,D,331.64,291.51,2.87,0.41,0.37,2.0NRT,2026-08-20 00:00:00+00:00,SOURCE_0072,0.129241536692149,False,LOW,,,1,2026-08-20 00:00:00+00:00,0.0,,
FIRMS_000135,10.13192,77.77665,2026-08-20,08:35,N20,VIIRS,n,D,333.73,297.5,1.71,0.41,0.45,2.0NRT,2026-08-20 00:00:00+00:00,SOURCE_0073,0.129241536692149,False,LOW,,,1,2026-08-20 00:00:00+00:00,0.0,,
FIRMS_000136,9.07037,77.43026,2026-08-20,08:35,N20,VIIRS,n,D,333.84,292.22,3.09,0.57,0.43,2.0NRT,2026-08-20 00:00:00+00:00,SOURCE_0074,0.129241536692149,False,LOW,,,1,2026-08-20 00:00:00+00:00,0.0,,
FIRMS_000137,8.82652,77.81555,2026-08-20,08:35,N20,VIIRS,n,D,343.01,302.65,4.05,0.4,0.44,2.0NRT,2026-08-20 00:00:00+00:00,SOURCE_0075,0.16305995342683668,False,LOW,,,1,2026-08-20 00:00:00+00:00,0.0,,
FIRMS_000144,8.82577,77.81587,2026-08-20,08:35,N20,VIIRS,n,D,343.95,303.01,3.89,0.39,0.44,2.0NRT,2026-08-20 00:00:00+00:00,SOURCE_0075,0.16305995342683668,False,LOW,4.05,-0.1599999999999997,2,2026-08-20 00:00:00+00:00,0.0,2026-08-20 00:00:00+00:00,0.0
FIRMS_000138,9.01934,77.891,2026-08-20,08:35,N20,VIIRS,n,D,342.36,301.08,9.86,0.4,0.44,2.0NRT,2026-08-20 00:00:00+00:00,SOURCE_0076,0.129241536692149,False,LOW,,,1,2026-08-20 00:00:00+00:00,0.0,,
FIRMS_000139,9.06651,77.75156,2026-08-20,08:35,N20,VIIRS,n,D,343.23,301.81,4.95,0.39,0.44,2.0NRT,2026-08-20 00:00:00+00:00,SOURCE_0077,0.18705450195572657,False,LOW,,,1,2026-08-20 00:00:00+00:00,0.0,,
FIRMS_000797,9.06641,77.74824,2026-08-20,07:37,N21,VIIRS,n,D,340.86,295.6,13.45,0.59,0.53,2.0NRT,2026-08-20 00:00:00+00:00,SOURCE_0077,0.18705450195572657,False,LOW,4.95,8.5,2,2026-08-20 00:00:00+00:00,0.0,2026-08-20 00:00:00+00:00,0.0
FIRMS_000798,9.0671,77.75063,2026-08-20,07:37,N21,VIIRS,n,D,345.56,295.33,10.05,0.59,0.53,2.0NRT,2026-08-20 00:00:00+00:00,SOURCE_0077,0.18705450195572657,False,LOW,13.45,-3.3999999999999986,3,2026-08-20 00:00:00+00:00,0.0,2026-08-20 00:00:00+00:00,0.0
FIRMS_000140,8.73457,78.0784,2026-08-20,08:35,N20,VIIRS,n,D,333.92,299.67,1.92,0.41,0.45,2.0NRT,2026-08-20 00:00:00+00:00,SOURCE_0078,0.129241536692149,False,LOW,,,1,2026-08-20 00:00:00+00:00,0.0,,
FIRMS_000145,14.39635,78.58465,2026-08-20,08:35,N20,VIIRS,n,D,337.63,293.35,5.12,0.53,0.5,2.0NRT,2026-08-20 00:00:00+00:00,SOURCE_0079,0.129241536692149,False,LOW,,,1,2026-08-20 00:00:00+00:00,0.0,,
FIRMS_000146,17.56894,75.63644,2026-08-20,08:35,N20,VIIRS,n,D,334.34,300.19,4.39,0.57,0.43,2.0NRT,2026-08-20 00:00:00+00:00,SOURCE_0080,0.129241536692149,False,LOW,,,1,2026-08-20 00:00:00+00:00,0.0,,
FIRMS_000147,13.30639,76.27603,2026-08-20,08:35,N20,VIIRS,n,D,331.69,292.84,3.58,0.55,0.43,2.0NRT,2026-08-20 00:00:00+00:00,SOURCE_0081,0.129241536692149,False,LOW,,,1,2026-08-20 00:00:00+00:00,0.0,,
FIRMS_000148,14.16944,77.45648,2026-08-20,08:35,N20,VIIRS,n,D,332.05,299.1,4.22,0.44,0.46,2.0NRT,2026-08-20 00:00:00+00:00,SOURCE_0082,0.129241536692149,False,LOW,,,1,2026-08-20 00:00:00+00:00,0.0,,
FIRMS_000149,13.27826,79.15017,2026-08-20,08:35,N20,VIIRS,n,D,330.16,297.19,2.5,0.56,0.51,2.0NRT,2026-08-20 00:00:00+00:00,SOURCE_0083,0.129241536692149,False,LOW,,,1,2026-08-20 00:00:00+00:00,0.0,,
FIRMS_000150,11.72925,78.97382,2026-08-20,08:35,N20,VIIRS,n,D,332.49,291.52,2.44,0.51,0.5,2.0NRT,2026-08-20 00:00:00+00:00,SOURCE_0084,0.129241536692149,False,LOW,,,1,2026-08-20 00:00:00+00:00,0.0,,
FIRMS_000151,11.65141,79.12849,2026-08-20,08:35,N20,VIIRS,n,D,336.72,290.81,4.74,0.53,0.5,2.0NRT,2026-08-20 00:00:00+00:00,SOURCE_0085,0.129241536692149,False,LOW,,,1,2026-08-20 00:00:00+00:00,0.0,,
FIRMS_000152,11.56117,79.1529,2026-08-20,08:35,N20,VIIRS,n,D,336.28,292.14,6.71,0.53,0.5,2.0NRT,2026-08-20 00:00:00+00:00,SOURCE_0086,0.129241536692149,False,LOW,,,1,2026-08-20 00:00:00+00:00,0.0,,
FIRMS_000153,17.50858,82.95274,2026-08-20,08:37,N20,VIIRS,n,D,341.91,288.14,8.28,0.57,0.69,2.0NRT,2026-08-20 00:00:00+00:00,SOURCE_0087,0.18705450195572657,False,LOW,,,1,2026-08-20 00:00:00+00:00,0.0,,
FIRMS_000808,17.5076,82.95037,2026-08-20,07:39,N21,VIIRS,h,D,367.0,299.58,17.21,0.39,0.36,2.0NRT,2026-08-20 00:00:00+00:00,SOURCE_0087,0.18705450195572657,False,LOW,8.28,8.930000000000001,2,2026-08-20 00:00:00+00:00,0.0,2026-08-20 00:00:00+00:00,0.0
FIRMS_000809,17.51089,82.94982,2026-08-20,07:39,N21,VIIRS,l,D,348.7,298.49,8.97,0.39,0.36,2.0NRT,2026-08-20 00:00:00+00:00,SOURCE_0087,0.18705450195572657,False,LOW,17.21,-8.24,3,2026-08-20 00:00:00+00:00,0.0,2026-08-20 00:00:00+00:00,0.0
FIRMS_000154,14.90438,77.5486,2026-08-20,08:37,N20,VIIRS,n,D,337.93,294.31,3.01,0.46,0.47,2.0NRT,2026-08-20 00:00:00+00:00,SOURCE_0088,0.129241536692149,False,LOW,,,1,2026-08-20 00:00:00+00:00,0.0,,
FIRMS_000155,21.1025,72.64508,2026-08-20,08:37,N20,VIIRS,n,D,337.45,297.21,6.08,0.44,0.38,2.0NRT,2026-08-20 00:00:00+00:00,SOURCE_0089,0.22087291869041425,False,LOW,,,1,2026-08-20 00:00:00+00:00,0.0,,
FIRMS_000157,21.10658,72.64876,2026-08-20,08:37,N20,VIIRS,n,D,341.75,299.01,7.86,0.44,0.38,2.0NRT,2026-08-20 00:00:00+00:00,SOURCE_0089,0.22087291869041425,False,LOW,6.08,1.7800000000000002,2,2026-08-20 00:00:00+00:00,0.0,2026-08-20 00:00:00+00:00,0.0
FIRMS_000158,21.10601,72.64454,2026-08-20,08:37,N20,VIIRS,n,D,339.07,298.59,6.08,0.44,0.38,2.0NRT,2026-08-20 00:00:00+00:00,SOURCE_0089,0.22087291869041425,False,LOW,7.86,-1.7800000000000002,3,2026-08-20 00:00:00+00:00,0.0,2026-08-20 00:00:00+00:00,0.0
FIRMS_000810,21.10398,72.64554,2026-08-20,07:41,N21,VIIRS,h,D,367.0,292.84,12.56,0.38,0.59,2.0NRT,2026-08-20 00:00:00+00:00,SOURCE_0089,0.22087291869041425,False,LOW,6.08,6.48,4,2026-08-20 00:00:00+00:00,0.0,2026-08-20 00:00:00+00:00,0.0
FIRMS_000906,21.10216,72.6443,2026-08-20,20:10,N21,VIIRS,n,N,305.35,279.48,2.06,0.36,0.57,2.0NRT,2026-08-20 00:00:00+00:00,SOURCE_0089,0.22087291869041425,False,LOW,12.56,-10.5,5,2026-08-20 00:00:00+00:00,0.0,2026-08-20 00:00:00+00:00,0.0
FIRMS_000159,29.39208,74.30708,2026-08-20,08:39,N20,VIIRS,l,D,330.09,301.2,5.84,0.44,0.46,2.0NRT,2026-08-20 00:00:00+00:00,SOURCE_0090,0.129241536692149,False,LOW,,,1,2026-08-20 00:00:00+00:00,0.0,,
FIRMS_000160,24.11533,86.85748,2026-08-20,19:23,N20,VIIRS,n,N,308.51,288.75,3.36,0.61,0.53,2.0NRT,2026-08-20 00:00:00+00:00,SOURCE_0091,0.129241536692149,False,LOW,,,1,2026-08-20 00:00:00+00:00,0.0,,
FIRMS_000729,23.7949,86.35249,2026-08-19,20:27,N21,VIIRS,n,N,303.64,274.8,3.33,0.59,0.53,2.0NRT,2026-08-19 00:00:00+00:00,SOURCE_0092,0.6430197867036366,True,HIGH,,,1,2026-08-19 00:00:00+00:00,0.0,,
FIRMS_000733,23.79503,86.35194,2026-08-19,20:27,N21,VIIRS,n,N,303.87,275.02,2.05,0.59,0.53,2.0NRT,2026-08-19 00:00:00+00:00,SOURCE_0092,0.6430197867036366,True,HIGH,3.33,-1.2800000000000002,2,2026-08-19 00:00:00+00:00,0.0,2026-08-19 00:00:00+00:00,0.0
FIRMS_000164,23.80115,86.34909,2026-08-20,19:23,N20,VIIRS,n,N,306.33,287.49,1.04,0.33,0.55,2.0NRT,2026-08-20 00:00:00+00:00,SOURCE_0092,0.6430197867036366,True,HIGH,2.05,-1.0099999999999998,3,2026-08-19 00:00:00+00:00,1.0,2026-08-19 00:00:00+00:00,24.0
FIRMS_000165,23.79609,86.34841,2026-08-20,19:23,N20,VIIRS,n,N,309.63,287.07,1.34,0.33,0.55,2.0NRT,2026-08-20 00:00:00+00:00,SOURCE_0092,0.6430197867036366,True,HIGH,1.04,0.30000000000000004,4,2026-08-19 00:00:00+00:00,1.0,2026-08-20 00:00:00+00:00,0.0
FIRMS_000166,23.79578,86.35166,2026-08-20,19:23,N20,VIIRS,n,N,314.03,287.2,1.34,0.32,0.55,2.0NRT,2026-08-20 00:00:00+00:00,SOURCE_0092,0.6430197867036366,True,HIGH,1.34,0.0,5,2026-08-19 00:00:00+00:00,1.0,2026-08-20 00:00:00+00:00,0.0
FIRMS_000385,23.79865,86.35276,2026-08-21,20:46,N20,VIIRS,n,N,296.89,264.93,0.6,0.47,0.64,2.0NRT,2026-08-21 00:00:00+00:00,SOURCE_0092,0.6430197867036366,True,HIGH,1.34,-0.7400000000000001,6,2026-08-19 00:00:00+00:00,2.0,2026-08-20 00:00:00+00:00,24.0
FIRMS_000458,23.79793,86.35358,2026-08-22,20:27,N20,VIIRS,n,N,312.09,278.26,2.19,0.47,0.48,2.0NRT,2026-08-22 00:00:00+00:00,SOURCE_0092,0.6430197867036366,True,HIGH,0.6,1.5899999999999999,7,2026-08-19 00:00:00+00:00,3.0,2026-08-21 00:00:00+00:00,24.0
FIRMS_001112,23.79657,86.35204,2026-08-22,19:32,N21,VIIRS,n,N,321.86,283.16,4.0,0.42,0.45,2.0NRT,2026-08-22 00:00:00+00:00,SOURCE_0092,0.6430197867036366,True,HIGH,2.19,1.81,8,2026-08-19 00:00:00+00:00,3.0,2026-08-22 00:00:00+00:00,0.0
FIRMS_001247,23.7934,86.34972,2026-08-23,20:55,N21,VIIRS,n,N,300.21,269.16,1.44,0.73,0.76,2.0NRT,2026-08-23 00:00:00+00:00,SOURCE_0092,0.6430197867036366,True,HIGH,4.0,-2.56,9,2026-08-19 00:00:00+00:00,4.0,2026-08-22 00:00:00+00:00,24.0
FIRMS_000734,23.782,86.34277,2026-08-19,20:27,N21,VIIRS,n,N,301.0,277.71,0.8,0.59,0.53,2.0NRT,2026-08-19 00:00:00+00:00,SOURCE_0093,0.2692817258878132,True,LOW,,,1,2026-08-19 00:00:00+00:00,0.0,,
FIRMS_000735,23.78083,86.34837,2026-08-19,20:27,N21,VIIRS,n,N,301.04,275.51,2.27,0.59,0.53,2.0NRT,2026-08-19 00:00:00+00:00,SOURCE_0093,0.2692817258878132,True,LOW,0.8,1.47,2,2026-08-19 00:00:00+00:00,0.0,2026-08-19 00:00:00+00:00,0.0
FIRMS_000170,23.78092,86.34646,2026-08-20,19:23,N20,VIIRS,n,N,307.39,287.44,0.66,0.33,0.55,2.0NRT,2026-08-20 00:00:00+00:00,SOURCE_0093,0.2692817258878132,True,LOW,2.27,-1.6099999999999999,3,2026-08-19 00:00:00+00:00,1.0,2026-08-19 00:00:00+00:00,24.0
FIRMS_000737,23.76667,86.3924,2026-08-19,20:27,N21,VIIRS,n,N,300.94,280.81,4.66,0.59,0.53,2.0NRT,2026-08-19 00:00:00+00:00,SOURCE_0094,0.2844885248554081,True,LOW,,,1,2026-08-19 00:00:00+00:00,0.0,,
FIRMS_000176,23.76651,86.39001,2026-08-20,19:23,N20,VIIRS,n,N,306.97,287.55,1.03,0.32,0.55,2.0NRT,2026-08-20 00:00:00+00:00,SOURCE_0094,0.2844885248554081,True,LOW,4.66,-3.63,2,2026-08-19 00:00:00+00:00,1.0,2026-08-19 00:00:00+00:00,24.0
FIRMS_000177,23.7662,86.39318,2026-08-20,19:23,N20,VIIRS,n,N,306.01,287.29,1.03,0.32,0.55,2.0NRT,2026-08-20 00:00:00+00:00,SOURCE_0094,0.2844885248554081,True,LOW,1.03,0.0,3,2026-08-19 00:00:00+00:00,1.0,2026-08-20 00:00:00+00:00,0.0
FIRMS_000191,23.76726,86.39173,2026-08-20,19:23,N20,VIIRS,n,N,306.31,287.39,2.0,0.32,0.55,2.0NRT,2026-08-20 00:00:00+00:00,SOURCE_0094,0.2844885248554081,True,LOW,1.03,0.97,4,2026-08-19 00:00:00+00:00,1.0,2026-08-20 00:00:00+00:00,0.0
FIRMS_000202,23.77616,85.99555,2026-08-20,19:23,N20,VIIRS,n,N,311.53,287.23,1.73,0.34,0.56,2.0NRT,2026-08-20 00:00:00+00:00,SOURCE_0095,0.129241536692149,False,LOW,,,1,2026-08-20 00:00:00+00:00,0.0,,
FIRMS_000203,23.72652,86.44112,2026-08-20,19:23,N20,VIIRS,n,N,306.92,287.07,1.49,0.32,0.55,2.0NRT,2026-08-20 00:00:00+00:00,SOURCE_0096,0.503351119183661,True,MEDIUM,,,1,2026-08-20 00:00:00+00:00,0.0,,
FIRMS_000205,23.7215,86.44048,2026-08-20,19:23,N20,VIIRS,n,N,306.23,286.98,1.82,0.32,0.55,2.0NRT,2026-08-20 00:00:00+00:00,SOURCE_0096,0.503351119183661,True,MEDIUM,1.49,0.33000000000000007,2,2026-08-20 00:00:00+00:00,0.0,2026-08-20 00:00:00+00:00,0.0
FIRMS_000999,23.72436,86.44046,2026-08-21,19:49,N21,VIIRS,n,N,306.09,278.36,2.41,0.39,0.36,2.0NRT,2026-08-21 00:00:00+00:00,SOURCE_0096,0.503351119183661,True,MEDIUM,1.82,0.5900000000000001,3,2026-08-20 00:00:00+00:00,1.0,2026-08-20 00:00:00+00:00,24.0
FIRMS_001097,23.72473,86.44157,2026-08-22,19:32,N21,VIIRS,n,N,305.43,282.04,1.93,0.41,0.45,2.0NRT,2026-08-22 00:00:00+00:00,SOURCE_0096,0.503351119183661,True,MEDIUM,2.41,-0.4800000000000002,4,2026-08-20 00:00:00+00:00,2.0,2026-08-21 00:00:00+00:00,24.0
FIRMS_001221,23.72231,86.44004,2026-08-23,19:13,N21,VIIRS,n,N,307.72,280.41,1.38,0.41,0.61,2.0NRT,2026-08-23 00:00:00+00:00,SOURCE_0096,0.503351119183661,True,MEDIUM,1.93,-0.55,5,2026-08-20 00:00:00+00:00,3.0,2026-08-22 00:00:00+00:00,24.0
FIRMS_000204,23.72341,86.42146,2026-08-20,19:23,N20,VIIRS,n,N,305.21,287.18,1.02,0.32,0.55,2.0NRT,2026-08-20 00:00:00+00:00,SOURCE_0097,0.16305995342683668,False,LOW,,,1,2026-08-20 00:00:00+00:00,0.0,,
FIRMS_000860,23.72423,86.42248,2026-08-20,20:10,N21,VIIRS,n,N,309.72,290.33,3.56,0.48,0.4,2.0NRT,2026-08-20 00:00:00+00:00,SOURCE_0097,0.16305995342683668,False,LOW,1.02,2.54,2,2026-08-20 00:00:00+00:00,0.0,2026-08-20 00:00:00+00:00,0.0
FIRMS_000206,23.71838,86.42081,2026-08-20,19:23,N20,VIIRS,n,N,310.37,286.83,1.02,0.32,0.55,2.0NRT,2026-08-20 00:00:00+00:00,SOURCE_0098,0.129241536692149,False,LOW,,,1,2026-08-20 00:00:00+00:00,0.0,,
FIRMS_000207,23.71616,86.44299,2026-08-20,19:23,N20,VIIRS,n,N,305.45,286.7,1.99,0.32,0.55,2.0NRT,2026-08-20 00:00:00+00:00,SOURCE_0099,0.129241536692149,False,LOW,,,1,2026-08-20 00:00:00+00:00,0.0,,
FIRMS_000208,23.71552,86.44933,2026-08-20,19:23,N20,VIIRS,n,N,305.94,286.7,1.07,0.32,0.55,2.0NRT,2026-08-20 00:00:00+00:00,SOURCE_0100,0.5340217480719843,True,MEDIUM,,,1,2026-08-20 00:00:00+00:00,0.0,,
FIRMS_000209,23.7152,86.4525,2026-08-20,19:23,N20,VIIRS,n,N,314.34,286.73,1.07,0.32,0.55,2.0NRT,2026-08-20 00:00:00+00:00,SOURCE_0100,0.5340217480719843,True,MEDIUM,1.07,0.0,2,2026-08-20 00:00:00+00:00,0.0,2026-08-20 00:00:00+00:00,0.0
FIRMS_000211,23.7105,86.44865,2026-08-20,19:23,N20,VIIRS,n,N,304.96,286.55,0.83,0.32,0.55,2.0NRT,2026-08-20 00:00:00+00:00,SOURCE_0100,0.5340217480719843,True,MEDIUM,1.07,-0.2400000000000001,3,2026-08-20 00:00:00+00:00,0.0,2026-08-20 00:00:00+00:00,0.0
FIRMS_000982,23.70941,86.44951,2026-08-21,07:22,N21,VIIRS,n,D,331.8,291.54,3.16,0.38,0.36,2.0NRT,2026-08-21 00:00:00+00:00,SOURCE_0100,0.5340217480719843,True,MEDIUM,0.83,2.33,4,2026-08-20 00:00:00+00:00,1.0,2026-08-20 00:00:00+00:00,24.0
FIRMS_001000,23.7127,86.45013,2026-08-21,19:49,N21,VIIRS,n,N,316.83,279.57,2.39,0.39,0.36,2.0NRT,2026-08-21 00:00:00+00:00,SOURCE_0100,0.5340217480719843,True,MEDIUM,3.16,-0.77,5,2026-08-20 00:00:00+00:00,1.0,2026-08-21 00:00:00+00:00,0.0
FIRMS_001001,23.70938,86.44955,2026-08-21,19:49,N21,VIIRS,n,N,318.48,282.9,2.5,0.39,0.36,2.0NRT,2026-08-21 00:00:00+00:00,SOURCE_0100,0.5340217480719843,True,MEDIUM,2.39,0.10999999999999988,6,2026-08-20 00:00:00+00:00,1.0,2026-08-21 00:00:00+00:00,0.0
FIRMS_000467,23.71044,86.44514,2026-08-22,20:27,N20,VIIRS,n,N,298.48,264.09,2.3,0.48,0.48,2.0NRT,2026-08-22 00:00:00+00:00,SOURCE_0100,0.5340217480719843,True,MEDIUM,2.5,-0.20000000000000018,7,2026-08-20 00:00:00+00:00,2.0,2026-08-21 00:00:00+00:00,24.0
FIRMS_001103,23.71099,86.45187,2026-08-22,19:32,N21,VIIRS,n,N,316.91,282.31,2.74,0.41,0.45,2.0NRT,2026-08-22 00:00:00+00:00,SOURCE_0100,0.5340217480719843,True,MEDIUM,2.3,0.4400000000000004,8,2026-08-20 00:00:00+00:00,2.0,2026-08-22 00:00:00+00:00,0.0
FIRMS_001224,23.71013,86.4509,2026-08-23,19:13,N21,VIIRS,n,N,313.27,280.99,2.59,0.41,0.61,2.0NRT,2026-08-23 00:00:00+00:00,SOURCE_0100,0.5340217480719843,True,MEDIUM,2.74,-0.15000000000000036,9,2026-08-20 00:00:00+00:00,3.0,2026-08-22 00:00:00+00:00,24.0
FIRMS_000210,23.71304,86.42333,2026-08-20,19:23,N20,VIIRS,n,N,308.81,287.25,1.29,0.32,0.55,2.0NRT,2026-08-20 00:00:00+00:00,SOURCE_0101,0.18705450195572657,False,LOW,,,1,2026-08-20 00:00:00+00:00,0.0,,
FIRMS_000861,23.71616,86.42556,2026-08-20,20:10,N21,VIIRS,n,N,306.37,290.44,4.23,0.48,0.4,2.0NRT,2026-08-20 00:00:00+00:00,SOURCE_0101,0.18705450195572657,False,LOW,1.29,2.9400000000000004,2,2026-08-20 00:00:00+00:00,0.0,2026-08-20 00:00:00+00:00,0.0
FIRMS_000862,23.71254,86.42478,2026-08-20,20:10,N21,VIIRS,n,N,305.15,288.87,3.71,0.48,0.4,2.0NRT,2026-08-20 00:00:00+00:00,SOURCE_0101,0.18705450195572657,False,LOW,4.23,-0.5200000000000005,3,2026-08-20 00:00:00+00:00,0.0,2026-08-20 00:00:00+00:00,0.0
FIRMS_000224,23.68038,86.0688,2026-08-20,19:23,N20,VIIRS,n,N,303.18,286.49,1.4,0.34,0.56,2.0NRT,2026-08-20 00:00:00+00:00,SOURCE_0102,0.16305995342683668,False,LOW,,,1,2026-08-20 00:00:00+00:00,0.0,,
FIRMS_000235,23.67785,86.0712,2026-08-20,19:23,N20,VIIRS,n,N,305.14,286.53,0.74,0.34,0.56,2.0NRT,2026-08-20 00:00:00+00:00,SOURCE_0102,0.16305995342683668,False,LOW,1.4,-0.6599999999999999,2,2026-08-20 00:00:00+00:00,0.0,2026-08-20 00:00:00+00:00,0.0
FIRMS_000226,23.56148,87.23978,2026-08-20,19:23,N20,VIIRS,n,N,307.52,286.38,2.61,0.57,0.52,2.0NRT,2026-08-20 00:00:00+00:00,SOURCE_0103,0.18705450195572657,False,LOW,,,1,2026-08-20 00:00:00+00:00,0.0,,
FIRMS_000234,23.56105,87.23804,2026-08-20,19:23,N20,VIIRS,n,N,308.38,286.4,3.32,0.57,0.52,2.0NRT,2026-08-20 00:00:00+00:00,SOURCE_0103,0.18705450195572657,False,LOW,2.61,0.71,2,2026-08-20 00:00:00+00:00,0.0,2026-08-20 00:00:00+00:00,0.0
FIRMS_000863,23.55925,87.24075,2026-08-20,20:10,N21,VIIRS,n,N,311.41,288.16,2.45,0.53,0.42,2.0NRT,2026-08-20 00:00:00+00:00,SOURCE_0103,0.18705450195572657,False,LOW,3.32,-0.8699999999999997,3,2026-08-20 00:00:00+00:00,0.0,2026-08-20 00:00:00+00:00,0.0
FIRMS_000227,23.74441,85.50506,2026-08-20,19:23,N20,VIIRS,n,N,302.23,285.62,0.41,0.37,0.58,2.0NRT,2026-08-20 00:00:00+00:00,SOURCE_0104,0.16305995342683668,False,LOW,,,1,2026-08-20 00:00:00+00:00,0.0,,
FIRMS_000910,23.74444,85.50512,2026-08-20,20:10,N21,VIIRS,n,N,305.57,289.87,0.87,0.44,0.38,2.0NRT,2026-08-20 00:00:00+00:00,SOURCE_0104,0.16305995342683668,False,LOW,0.41,0.46,2,2026-08-20 00:00:00+00:00,0.0,2026-08-20 00:00:00+00:00,0.0
FIRMS_000238,23.55093,87.24238,2026-08-20,19:23,N20,VIIRS,n,N,317.38,287.06,2.87,0.57,0.52,2.0NRT,2026-08-20 00:00:00+00:00,SOURCE_0105,0.16305995342683668,False,LOW,,,1,2026-08-20 00:00:00+00:00,0.0,,
FIRMS_000864,23.55074,87.24416,2026-08-20,20:10,N21,VIIRS,n,N,303.92,285.57,1.82,0.53,0.42,2.0NRT,2026-08-20 00:00:00+00:00,SOURCE_0105,0.16305995342683668,False,LOW,2.87,-1.05,2,2026-08-20 00:00:00+00:00,0.0,2026-08-20 00:00:00+00:00,0.0
FIRMS_000702,23.56305,87.08371,2026-08-19,20:27,N21,VIIRS,n,N,299.13,281.54,2.02,0.33,0.55,2.0NRT,2026-08-19 00:00:00+00:00,SOURCE_0106,0.38495584487889883,True,MEDIUM,,,1,2026-08-19 00:00:00+00:00,0.0,,
FIRMS_000239,23.56301,87.08428,2026-08-20,19:23,N20,VIIRS,n,N,303.06,275.74,1.08,0.58,0.52,2.0NRT,2026-08-20 00:00:00+00:00,SOURCE_0106,0.38495584487889883,True,MEDIUM,2.02,-0.94,2,2026-08-19 00:00:00+00:00,1.0,2026-08-19 00:00:00+00:00,24.0
FIRMS_000866,23.56099,87.08415,2026-08-20,20:10,N21,VIIRS,n,N,313.51,290.18,3.43,0.52,0.41,2.0NRT,2026-08-20 00:00:00+00:00,SOURCE_0106,0.38495584487889883,True,MEDIUM,1.08,2.35,3,2026-08-19 00:00:00+00:00,1.0,2026-08-20 00:00:00+00:00,0.0
FIRMS_001003,23.56226,87.08412,2026-08-21,19:49,N21,VIIRS,n,N,315.95,288.09,3.93,0.38,0.36,2.0NRT,2026-08-21 00:00:00+00:00,SOURCE_0106,0.38495584487889883,True,MEDIUM,3.43,0.5,4,2026-08-19 00:00:00+00:00,2.0,2026-08-20 00:00:00+00:00,24.0
FIRMS_000240,23.69801,85.366,2026-08-20,19:23,N20,VIIRS,n,N,296.73,280.04,0.31,0.38,0.58,2.0NRT,2026-08-20 00:00:00+00:00,SOURCE_0107,0.129241536692149,False,LOW,,,1,2026-08-20 00:00:00+00:00,0.0,,
FIRMS_000241,23.50349,87.32597,2026-08-20,19:23,N20,VIIRS,n,N,308.31,287.21,3.33,0.56,0.51,2.0NRT,2026-08-20 00:00:00+00:00,SOURCE_0108,0.129241536692149,False,LOW,,,1,2026-08-20 00:00:00+00:00,0.0,,
FIRMS_000242,23.65808,85.50532,2026-08-20,19:23,N20,VIIRS,n,N,300.06,283.68,0.59,0.37,0.58,2.0NRT,2026-08-20 00:00:00+00:00,SOURCE_0109,0.38495584487889883,True,MEDIUM,,,1,2026-08-20 00:00:00+00:00,0.0,,
FIRMS_001010,23.6559,85.50668,2026-08-21,19:49,N21,VIIRS,n,N,315.01,288.54,1.53,0.41,0.37,2.0NRT,2026-08-21 00:00:00+00:00,SOURCE_0109,0.38495584487889883,True,MEDIUM,0.59,0.9400000000000001,2,2026-08-20 00:00:00+00:00,1.0,2026-08-20 00:00:00+00:00,24.0
FIRMS_000474,23.65643,85.50846,2026-08-22,20:27,N20,VIIRS,n,N,301.58,272.26,0.71,0.42,0.45,2.0NRT,2026-08-22 00:00:00+00:00,SOURCE_0109,0.38495584487889883,True,MEDIUM,1.53,-0.8200000000000001,3,2026-08-20 00:00:00+00:00,2.0,2026-08-21 00:00:00+00:00,24.0
FIRMS_001139,23.65716,85.50877,2026-08-22,19:32,N21,VIIRS,n,N,305.01,280.24,1.5,0.47,0.47,2.0NRT,2026-08-22 00:00:00+00:00,SOURCE_0109,0.38495584487889883,True,MEDIUM,0.71,0.79,4,2026-08-20 00:00:00+00:00,2.0,2026-08-22 00:00:00+00:00,0.0
FIRMS_000243,23.64802,85.43788,2026-08-20,19:23,N20,VIIRS,n,N,324.05,285.88,1.71,0.37,0.58,2.0NRT,2026-08-20 00:00:00+00:00,SOURCE_0110,0.4427688101424764,True,MEDIUM,,,1,2026-08-20 00:00:00+00:00,0.0,,
FIRMS_000244,23.64835,85.43425,2026-08-20,19:23,N20,VIIRS,n,N,310.77,285.22,1.71,0.37,0.58,2.0NRT,2026-08-20 00:00:00+00:00,SOURCE_0110,0.4427688101424764,True,MEDIUM,1.71,0.0,2,2026-08-20 00:00:00+00:00,0.0,2026-08-20 00:00:00+00:00,0.0
FIRMS_000246,23.65019,85.43918,2026-08-20,19:23,N20,VIIRS,n,N,324.83,286.56,2.15,0.37,0.58,2.0NRT,2026-08-20 00:00:00+00:00,SOURCE_0110,0.4427688101424764,True,MEDIUM,1.71,0.43999999999999995,3,2026-08-20 00:00:00+00:00,0.0,2026-08-20 00:00:00+00:00,0.0
FIRMS_000247,23.65054,85.43557,2026-08-20,19:23,N20,VIIRS,n,N,314.67,286.01,2.15,0.37,0.58,2.0NRT,2026-08-20 00:00:00+00:00,SOURCE_0110,0.4427688101424764,True,MEDIUM,2.15,0.0,4,2026-08-20 00:00:00+00:00,0.0,2026-08-20 00:00:00+00:00,0.0
FIRMS_000878,23.64684,85.43806,2026-08-20,20:10,N21,VIIRS,n,N,326.78,290.76,3.8,0.44,0.38,2.0NRT,2026-08-20 00:00:00+00:00,SOURCE_0110,0.4427688101424764,True,MEDIUM,2.15,1.65,5,2026-08-20 00:00:00+00:00,0.0,2026-08-20 00:00:00+00:00,0.0
FIRMS_000917,23.65031,85.43877,2026-08-20,20:10,N21,VIIRS,n,N,305.48,290.05,1.2,0.44,0.38,2.0NRT,2026-08-20 00:00:00+00:00,SOURCE_0110,0.4427688101424764,True,MEDIUM,3.8,-2.5999999999999996,6,2026-08-20 00:00:00+00:00,0.0,2026-08-20 00:00:00+00:00,0.0
FIRMS_000995,23.64766,85.43689,2026-08-21,19:49,N21,VIIRS,n,N,313.62,281.92,1.65,0.41,0.37,2.0NRT,2026-08-21 00:00:00+00:00,SOURCE_0110,0.4427688101424764,True,MEDIUM,1.2,0.44999999999999996,7,2026-08-20 00:00:00+00:00,1.0,2026-08-20 00:00:00+00:00,24.0
FIRMS_001011,23.64708,85.44088,2026-08-21,19:49,N21,VIIRS,n,N,321.18,283.61,1.65,0.41,0.37,2.0NRT,2026-08-21 00:00:00+00:00,SOURCE_0110,0.4427688101424764,True,MEDIUM,1.65,0.0,8,2026-08-20 00:00:00+00:00,1.0,2026-08-21 00:00:00+00:00,0.0
FIRMS_000476,23.64876,85.43883,2026-08-22,20:27,N20,VIIRS,n,N,317.96,280.79,2.37,0.42,0.45,2.0NRT,2026-08-22 00:00:00+00:00,SOURCE_0110,0.4427688101424764,True,MEDIUM,1.65,0.7200000000000002,9,2026-08-20 00:00:00+00:00,2.0,2026-08-21 00:00:00+00:00,24.0
FIRMS_001063,23.64585,85.43987,2026-08-22,07:03,N21,VIIRS,n,D,332.83,289.32,8.73,0.42,0.46,2.0NRT,2026-08-22 00:00:00+00:00,SOURCE_0110,0.4427688101424764,True,MEDIUM,2.37,6.36,10,2026-08-20 00:00:00+00:00,2.0,2026-08-22 00:00:00+00:00,0.0
FIRMS_001140,23.64755,85.43784,2026-08-22,19:32,N21,VIIRS,n,N,327.96,283.15,5.55,0.47,0.48,2.0NRT,2026-08-22 00:00:00+00:00,SOURCE_0110,0.4427688101424764,True,MEDIUM,8.73,-3.1800000000000006,11,2026-08-20 00:00:00+00:00,2.0,2026-08-22 00:00:00+00:00,0.0
FIRMS_000245,23.6707,84.99498,2026-08-20,19:23,N20,VIIRS,n,N,307.3,285.14,0.93,0.4,0.6,2.0NRT,2026-08-20 00:00:00+00:00,SOURCE_0111,0.16305995342683668,False,LOW,,,1,2026-08-20 00:00:00+00:00,0.0,,
FIRMS_000248,23.67049,84.99657,2026-08-20,19:23,N20,VIIRS,n,N,305.79,284.66,1.03,0.4,0.6,2.0NRT,2026-08-20 00:00:00+00:00,SOURCE_0111,0.16305995342683668,False,LOW,0.93,0.09999999999999998,2,2026-08-20 00:00:00+00:00,0.0,2026-08-20 00:00:00+00:00,0.0
FIRMS_000249,23.66463,84.99976,2026-08-20,19:23,N20,VIIRS,n,N,307.31,285.3,1.03,0.4,0.6,2.0NRT,2026-08-20 00:00:00+00:00,SOURCE_0112,0.16305995342683668,False,LOW,,,1,2026-08-20 00:00:00+00:00,0.0,,
FIRMS_000879,23.66311,84.99789,2026-08-20,20:10,N21,VIIRS,n,N,304.41,288.81,0.61,0.42,0.38,2.0NRT,2026-08-20 00:00:00+00:00,SOURCE_0112,0.16305995342683668,False,LOW,1.03,-0.42000000000000004,2,2026-08-20 00:00:00+00:00,0.0,2026-08-20 00:00:00+00:00,0.0
FIRMS_000251,27.37922,95.33605,2026-08-20,19:23,N20,VIIRS,n,N,314.35,290.32,2.32,0.39,0.36,2.0NRT,2026-08-20 00:00:00+00:00,SOURCE_0113,0.129241536692149,False,LOW,,,1,2026-08-20 00:00:00+00:00,0.0,,
FIRMS_000693,27.37795,95.08804,2026-08-19,18:45,N21,VIIRS,n,N,304.48,285.09,0.58,0.32,0.55,2.0NRT,2026-08-19 00:00:00+00:00,SOURCE_0114,0.25067010812072044,True,LOW,,,1,2026-08-19 00:00:00+00:00,0.0,,
FIRMS_000252,27.37876,95.0898,2026-08-20,19:23,N20,VIIRS,n,N,311.58,290.56,2.03,0.39,0.36,2.0NRT,2026-08-20 00:00:00+00:00,SOURCE_0114,0.25067010812072044,True,LOW,0.58,1.4499999999999997,2,2026-08-19 00:00:00+00:00,1.0,2026-08-19 00:00:00+00:00,24.0
FIRMS_000253,21.75551,84.02298,2026-08-20,19:25,N20,VIIRS,n,N,307.28,285.65,2.89,0.43,0.62,2.0NRT,2026-08-20 00:00:00+00:00,SOURCE_0115,0.16305995342683668,False,LOW,,,1,2026-08-20 00:00:00+00:00,0.0,,
FIRMS_000254,21.75726,84.02222,2026-08-20,19:25,N20,VIIRS,n,N,306.22,284.72,2.91,0.44,0.62,2.0NRT,2026-08-20 00:00:00+00:00,SOURCE_0115,0.16305995342683668,False,LOW,2.89,0.020000000000000018,2,2026-08-20 00:00:00+00:00,0.0,2026-08-20 00:00:00+00:00,0.0
FIRMS_000255,21.76537,85.57951,2026-08-20,19:25,N20,VIIRS,n,N,300.29,283.07,0.27,0.34,0.56,2.0NRT,2026-08-20 00:00:00+00:00,SOURCE_0116,0.129241536692149,False,LOW,,,1,2026-08-20 00:00:00+00:00,0.0,,
FIRMS_000256,21.9578,83.80929,2026-08-20,19:25,N20,VIIRS,n,N,296.81,280.96,1.43,0.45,0.63,2.0NRT,2026-08-20 00:00:00+00:00,SOURCE_0117,0.129241536692149,False,LOW,,,1,2026-08-20 00:00:00+00:00,0.0,,
FIRMS_000257,14.83003,79.30145,2026-08-20,19:28,N20,VIIRS,n,N,306.86,282.0,4.55,0.74,0.76,2.0NRT,2026-08-20 00:00:00+00:00,SOURCE_0118,0.16305995342683668,False,LOW,,,1,2026-08-20 00:00:00+00:00,0.0,,
FIRMS_000258,14.82782,79.30177,2026-08-20,19:28,N20,VIIRS,n,N,314.69,281.43,8.66,0.74,0.76,2.0NRT,2026-08-20 00:00:00+00:00,SOURCE_0118,0.16305995342683668,False,LOW,4.55,4.11,2,2026-08-20 00:00:00+00:00,0.0,2026-08-20 00:00:00+00:00,0.0
FIRMS_000259,14.8294,79.30762,2026-08-20,19:28,N20,VIIRS,n,N,307.16,281.66,4.55,0.74,0.76,2.0NRT,2026-08-20 00:00:00+00:00,SOURCE_0119,0.16305995342683668,False,LOW,,,1,2026-08-20 00:00:00+00:00,0.0,,
FIRMS_000260,14.82725,79.30776,2026-08-20,19:28,N20,VIIRS,n,N,303.63,281.95,7.02,0.74,0.76,2.0NRT,2026-08-20 00:00:00+00:00,SOURCE_0119,0.16305995342683668,False,LOW,4.55,2.4699999999999998,2,2026-08-20 00:00:00+00:00,0.0,2026-08-20 00:00:00+00:00,0.0
FIRMS_000262,25.94392,72.19305,2026-08-20,21:04,N20,VIIRS,n,N,308.63,294.94,1.41,0.4,0.37,2.0NRT,2026-08-20 00:00:00+00:00,SOURCE_0120,0.129241536692149,False,LOW,,,1,2026-08-20 00:00:00+00:00,0.0,,
FIRMS_000263,29.46148,76.86364,2026-08-20,21:04,N20,VIIRS,n,N,305.65,288.93,2.35,0.56,0.43,2.0NRT,2026-08-20 00:00:00+00:00,SOURCE_0121,0.2337300840200212,True,LOW,,,1,2026-08-20 00:00:00+00:00,0.0,,
FIRMS_000267,29.45761,76.86263,2026-08-20,21:04,N20,VIIRS,n,N,303.86,289.03,4.13,0.56,0.43,2.0NRT,2026-08-20 00:00:00+00:00,SOURCE_0121,0.2337300840200212,True,LOW,2.35,1.7799999999999998,2,2026-08-20 00:00:00+00:00,0.0,2026-08-20 00:00:00+00:00,0.0
FIRMS_000822,29.45779,76.86746,2026-08-20,20:08,N21,VIIRS,n,N,324.8,288.1,11.33,0.49,0.48,2.0NRT,2026-08-20 00:00:00+00:00,SOURCE_0121,0.2337300840200212,True,LOW,4.13,7.2,3,2026-08-20 00:00:00+00:00,0.0,2026-08-20 00:00:00+00:00,0.0
FIRMS_000824,29.45455,76.86482,2026-08-20,20:08,N21,VIIRS,n,N,306.95,288.8,4.5,0.49,0.48,2.0NRT,2026-08-20 00:00:00+00:00,SOURCE_0121,0.2337300840200212,True,LOW,11.33,-6.83,4,2026-08-20 00:00:00+00:00,0.0,2026-08-20 00:00:00+00:00,0.0
FIRMS_000830,29.45899,76.86539,2026-08-20,20:08,N21,VIIRS,n,N,343.34,288.53,13.66,0.49,0.48,2.0NRT,2026-08-20 00:00:00+00:00,SOURCE_0121,0.2337300840200212,True,LOW,4.5,9.16,5,2026-08-20 00:00:00+00:00,0.0,2026-08-20 00:00:00+00:00,0.0
FIRMS_000833,29.45827,76.86245,2026-08-20,20:08,N21,VIIRS,n,N,339.56,289.43,11.33,0.49,0.48,2.0NRT,2026-08-20 00:00:00+00:00,SOURCE_0121,0.2337300840200212,True,LOW,13.66,-2.33,6,2026-08-20 00:00:00+00:00,0.0,2026-08-20 00:00:00+00:00,0.0
FIRMS_000264,29.91172,74.95081,2026-08-20,21:04,N20,VIIRS,n,N,329.68,292.2,4.24,0.45,0.39,2.0NRT,2026-08-20 00:00:00+00:00,SOURCE_0122,0.22087291869041425,False,LOW,,,1,2026-08-20 00:00:00+00:00,0.0,,
FIRMS_000265,29.90928,74.94781,2026-08-20,21:04,N20,VIIRS,n,N,321.89,291.81,2.52,0.45,0.39,2.0NRT,2026-08-20 00:00:00+00:00,SOURCE_0122,0.22087291869041425,False,LOW,4.24,-1.7200000000000002,2,2026-08-20 00:00:00+00:00,0.0,2026-08-20 00:00:00+00:00,0.0
FIRMS_000266,29.90844,74.95241,2026-08-20,21:04,N20,VIIRS,n,N,316.28,292.35,2.52,0.45,0.39,2.0NRT,2026-08-20 00:00:00+00:00,SOURCE_0122,0.22087291869041425,False,LOW,2.52,0.0,3,2026-08-20 00:00:00+00:00,0.0,2026-08-20 00:00:00+00:00,0.0
FIRMS_000945,29.91009,74.95052,2026-08-20,21:48,N21,VIIRS,n,N,314.37,284.39,4.09,0.76,0.77,2.0NRT,2026-08-20 00:00:00+00:00,SOURCE_0122,0.22087291869041425,False,LOW,2.52,1.5699999999999998,4,2026-08-20 00:00:00+00:00,0.0,2026-08-20 00:00:00+00:00,0.0
FIRMS_000946,29.9104,74.95412,2026-08-20,21:48,N21,VIIRS,n,N,317.88,284.31,4.68,0.76,0.77,2.0NRT,2026-08-20 00:00:00+00:00,SOURCE_0122,0.22087291869041425,False,LOW,4.09,0.5899999999999999,5,2026-08-20 00:00:00+00:00,0.0,2026-08-20 00:00:00+00:00,0.0
FIRMS_000268,28.74485,76.92733,2026-08-20,21:04,N20,VIIRS,n,N,310.37,289.47,3.42,0.39,0.44,2.0NRT,2026-08-20 00:00:00+00:00,SOURCE_0123,0.16305995342683668,False,LOW,,,1,2026-08-20 00:00:00+00:00,0.0,,
FIRMS_000825,28.74317,76.92706,2026-08-20,20:08,N21,VIIRS,n,N,301.97,288.1,2.47,0.47,0.48,2.0NRT,2026-08-20 00:00:00+00:00,SOURCE_0123,0.16305995342683668,False,LOW,3.42,-0.9499999999999997,2,2026-08-20 00:00:00+00:00,0.0,2026-08-20 00:00:00+00:00,0.0
FIRMS_000269,27.28837,73.83765,2026-08-20,21:04,N20,VIIRS,n,N,305.67,293.91,1.14,0.44,0.38,2.0NRT,2026-08-20 00:00:00+00:00,SOURCE_0124,0.129241536692149,False,LOW,,,1,2026-08-20 00:00:00+00:00,0.0,,
FIRMS_000270,26.92761,73.46851,2026-08-20,21:04,N20,VIIRS,n,N,305.3,293.19,1.38,0.43,0.38,2.0NRT,2026-08-20 00:00:00+00:00,SOURCE_0125,0.129241536692149,False,LOW,,,1,2026-08-20 00:00:00+00:00,0.0,,
FIRMS_000271,19.80504,78.86545,2026-08-20,21:06,N20,VIIRS,n,N,303.93,288.05,0.61,0.38,0.59,2.0NRT,2026-08-20 00:00:00+00:00,SOURCE_0126,0.16305995342683668,False,LOW,,,1,2026-08-20 00:00:00+00:00,0.0,,
FIRMS_000272,19.80188,78.86395,2026-08-20,21:06,N20,VIIRS,n,N,302.98,287.62,0.61,0.38,0.59,2.0NRT,2026-08-20 00:00:00+00:00,SOURCE_0126,0.16305995342683668,False,LOW,0.61,0.0,2,2026-08-20 00:00:00+00:00,0.0,2026-08-20 00:00:00+00:00,0.0
FIRMS_000273,19.07515,73.13273,2026-08-20,21:06,N20,VIIRS,n,N,306.98,291.71,3.38,0.52,0.42,2.0NRT,2026-08-20 00:00:00+00:00,SOURCE_0127,0.129241536692149,False,LOW,,,1,2026-08-20 00:00:00+00:00,0.0,,
FIRMS_000274,12.86819,78.8947,2026-08-20,21:08,N20,VIIRS,n,N,305.74,287.18,1.19,0.53,0.67,2.0NRT,2026-08-20 00:00:00+00:00,SOURCE_0128,0.129241536692149,False,LOW,,,1,2026-08-20 00:00:00+00:00,0.0,,
FIRMS_000275,15.17791,77.10345,2026-08-20,21:08,N20,VIIRS,n,N,301.74,286.64,0.39,0.36,0.57,2.0NRT,2026-08-20 00:00:00+00:00,SOURCE_0129,0.308483073384298,True,MEDIUM,,,1,2026-08-20 00:00:00+00:00,0.0,,
FIRMS_000920,15.17873,77.10238,2026-08-20,20:12,N21,VIIRS,n,N,306.46,291.4,1.25,0.48,0.4,2.0NRT,2026-08-20 00:00:00+00:00,SOURCE_0129,0.308483073384298,True,MEDIUM,0.39,0.86,2,2026-08-20 00:00:00+00:00,0.0,2026-08-20 00:00:00+00:00,0.0
FIRMS_000921,15.17508,77.10185,2026-08-20,20:12,N21,VIIRS,n,N,306.65,291.37,1.02,0.48,0.4,2.0NRT,2026-08-20 00:00:00+00:00,SOURCE_0129,0.308483073384298,True,MEDIUM,1.25,-0.22999999999999998,3,2026-08-20 00:00:00+00:00,0.0,2026-08-20 00:00:00+00:00,0.0
FIRMS_000415,15.17806,77.1027,2026-08-21,20:51,N20,VIIRS,n,N,300.75,284.82,1.27,0.54,0.42,2.0NRT,2026-08-21 00:00:00+00:00,SOURCE_0129,0.308483073384298,True,MEDIUM,1.02,0.25,4,2026-08-20 00:00:00+00:00,1.0,2026-08-20 00:00:00+00:00,24.0
FIRMS_000416,15.17424,77.10195,2026-08-21,20:51,N20,VIIRS,n,N,302.77,284.43,1.03,0.54,0.42,2.0NRT,2026-08-21 00:00:00+00:00,SOURCE_0129,0.308483073384298,True,MEDIUM,1.27,-0.24,5,2026-08-20 00:00:00+00:00,1.0,2026-08-21 00:00:00+00:00,0.0
FIRMS_001046,15.17971,77.10136,2026-08-21,19:53,N21,VIIRS,n,N,301.43,288.26,2.0,0.63,0.54,2.0NRT,2026-08-21 00:00:00+00:00,SOURCE_0129,0.308483073384298,True,MEDIUM,1.03,0.97,6,2026-08-20 00:00:00+00:00,1.0,2026-08-21 00:00:00+00:00,0.0
FIRMS_000276,15.18351,76.66707,2026-08-20,21:08,N20,VIIRS,n,N,308.7,288.07,0.72,0.34,0.56,2.0NRT,2026-08-20 00:00:00+00:00,SOURCE_0130,0.38897707218328026,True,MEDIUM,,,1,2026-08-20 00:00:00+00:00,0.0,,
FIRMS_000277,15.1829,76.67016,2026-08-20,21:08,N20,VIIRS,n,N,303.73,288.06,0.72,0.34,0.56,2.0NRT,2026-08-20 00:00:00+00:00,SOURCE_0130,0.38897707218328026,True,MEDIUM,0.72,0.0,2,2026-08-20 00:00:00+00:00,0.0,2026-08-20 00:00:00+00:00,0.0
FIRMS_000279,15.17664,76.67516,2026-08-20,21:08,N20,VIIRS,n,N,304.87,288.55,1.09,0.34,0.56,2.0NRT,2026-08-20 00:00:00+00:00,SOURCE_0130,0.38897707218328026,True,MEDIUM,0.72,0.3700000000000001,3,2026-08-20 00:00:00+00:00,0.0,2026-08-20 00:00:00+00:00,0.0
FIRMS_000807,15.18291,76.66628,2026-08-20,07:39,N21,VIIRS,n,D,335.93,287.75,8.31,0.54,0.51,2.0NRT,2026-08-20 00:00:00+00:00,SOURCE_0130,0.38897707218328026,True,MEDIUM,1.09,7.220000000000001,4,2026-08-20 00:00:00+00:00,0.0,2026-08-20 00:00:00+00:00,0.0
FIRMS_000922,15.18217,76.66879,2026-08-20,20:12,N21,VIIRS,n,N,310.68,286.69,2.89,0.5,0.41,2.0NRT,2026-08-20 00:00:00+00:00,SOURCE_0130,0.38897707218328026,True,MEDIUM,8.31,-5.42,5,2026-08-20 00:00:00+00:00,0.0,2026-08-20 00:00:00+00:00,0.0
FIRMS_000419,15.1848,76.66843,2026-08-21,20:51,N20,VIIRS,n,N,312.5,289.81,1.6,0.51,0.41,2.0NRT,2026-08-21 00:00:00+00:00,SOURCE_0130,0.38897707218328026,True,MEDIUM,2.89,-1.29,6,2026-08-20 00:00:00+00:00,1.0,2026-08-20 00:00:00+00:00,24.0
FIRMS_000420,15.18107,76.66773,2026-08-21,20:51,N20,VIIRS,n,N,327.9,290.89,2.05,0.51,0.41,2.0NRT,2026-08-21 00:00:00+00:00,SOURCE_0130,0.38897707218328026,True,MEDIUM,1.6,0.44999999999999973,7,2026-08-20 00:00:00+00:00,1.0,2026-08-21 00:00:00+00:00,0.0
FIRMS_000422,15.18023,76.67239,2026-08-21,20:51,N20,VIIRS,n,N,304.81,290.12,2.05,0.51,0.41,2.0NRT,2026-08-21 00:00:00+00:00,SOURCE_0130,0.38897707218328026,True,MEDIUM,2.05,0.0,8,2026-08-20 00:00:00+00:00,1.0,2026-08-21 00:00:00+00:00,0.0
FIRMS_000425,15.17567,76.67632,2026-08-21,20:51,N20,VIIRS,n,N,307.26,290.1,2.05,0.51,0.41,2.0NRT,2026-08-21 00:00:00+00:00,SOURCE_0130,0.38897707218328026,True,MEDIUM,2.05,0.0,9,2026-08-20 00:00:00+00:00,1.0,2026-08-21 00:00:00+00:00,0.0
FIRMS_001028,15.18496,76.67664,2026-08-21,19:53,N21,VIIRS,n,N,314.14,290.49,1.6,0.34,0.56,2.0NRT,2026-08-21 00:00:00+00:00,SOURCE_0130,0.38897707218328026,True,MEDIUM,2.05,-0.44999999999999973,10,2026-08-20 00:00:00+00:00,1.0,2026-08-21 00:00:00+00:00,0.0
FIRMS_001032,15.17816,76.67384,2026-08-21,19:53,N21,VIIRS,n,N,307.54,291.07,1.37,0.34,0.56,2.0NRT,2026-08-21 00:00:00+00:00,SOURCE_0130,0.38897707218328026,True,MEDIUM,1.6,-0.22999999999999998,11,2026-08-20 00:00:00+00:00,1.0,2026-08-21 00:00:00+00:00,0.0
FIRMS_001033,15.17781,76.67696,2026-08-21,19:53,N21,VIIRS,n,N,316.7,291.22,1.37,0.34,0.56,2.0NRT,2026-08-21 00:00:00+00:00,SOURCE_0130,0.38897707218328026,True,MEDIUM,1.37,0.0,12,2026-08-20 00:00:00+00:00,1.0,2026-08-21 00:00:00+00:00,0.0
FIRMS_001037,15.18097,76.6668,2026-08-21,19:53,N21,VIIRS,n,N,326.66,290.73,3.3,0.34,0.56,2.0NRT,2026-08-21 00:00:00+00:00,SOURCE_0130,0.38897707218328026,True,MEDIUM,1.37,1.9299999999999997,13,2026-08-20 00:00:00+00:00,1.0,2026-08-21 00:00:00+00:00,0.0
FIRMS_001038,15.18022,76.67299,2026-08-21,19:53,N21,VIIRS,n,N,317.38,291.75,2.05,0.34,0.56,2.0NRT,2026-08-21 00:00:00+00:00,SOURCE_0130,0.38897707218328026,True,MEDIUM,3.3,-1.25,14,2026-08-20 00:00:00+00:00,1.0,2026-08-21 00:00:00+00:00,0.0
FIRMS_001041,15.17473,76.67556,2026-08-21,19:53,N21,VIIRS,n,N,315.83,290.09,2.05,0.34,0.56,2.0NRT,2026-08-21 00:00:00+00:00,SOURCE_0130,0.38897707218328026,True,MEDIUM,2.05,0.0,15,2026-08-20 00:00:00+00:00,1.0,2026-08-21 00:00:00+00:00,0.0
FIRMS_001047,15.18433,76.66511,2026-08-21,19:53,N21,VIIRS,n,N,307.18,289.77,2.1,0.34,0.56,2.0NRT,2026-08-21 00:00:00+00:00,SOURCE_0130,0.38897707218328026,True,MEDIUM,2.05,0.050000000000000266,16,2026-08-20 00:00:00+00:00,1.0,2026-08-21 00:00:00+00:00,0.0
FIRMS_001048,15.18398,76.66821,2026-08-21,19:53,N21,VIIRS,n,N,309.62,289.94,3.21,0.34,0.56,2.0NRT,2026-08-21 00:00:00+00:00,SOURCE_0130,0.38897707218328026,True,MEDIUM,2.1,1.1099999999999999,17,2026-08-20 00:00:00+00:00,1.0,2026-08-21 00:00:00+00:00,0.0
FIRMS_001049,15.18328,76.67441,2026-08-21,19:53,N21,VIIRS,n,N,308.65,291.07,1.37,0.34,0.56,2.0NRT,2026-08-21 00:00:00+00:00,SOURCE_0130,0.38897707218328026,True,MEDIUM,3.21,-1.8399999999999999,18,2026-08-20 00:00:00+00:00,1.0,2026-08-21 00:00:00+00:00,0.0
FIRMS_001050,15.18292,76.67751,2026-08-21,19:53,N21,VIIRS,n,N,315.24,290.85,1.37,0.34,0.56,2.0NRT,2026-08-21 00:00:00+00:00,SOURCE_0130,0.38897707218328026,True,MEDIUM,1.37,0.0,19,2026-08-20 00:00:00+00:00,1.0,2026-08-21 00:00:00+00:00,0.0
FIRMS_000278,15.18032,76.65672,2026-08-20,21:08,N20,VIIRS,n,N,302.56,287.32,1.33,0.34,0.56,2.0NRT,2026-08-20 00:00:00+00:00,SOURCE_0131,0.34897757047841904,True,MEDIUM,,,1,2026-08-20 00:00:00+00:00,0.0,,
FIRMS_000923,15.17657,76.65381,2026-08-20,20:12,N21,VIIRS,n,N,315.11,292.56,3.37,0.5,0.41,2.0NRT,2026-08-20 00:00:00+00:00,SOURCE_0131,0.34897757047841904,True,MEDIUM,1.33,2.04,2,2026-08-20 00:00:00+00:00,0.0,2026-08-20 00:00:00+00:00,0.0
FIRMS_000924,15.17594,76.65845,2026-08-20,20:12,N21,VIIRS,n,N,313.18,291.77,4.29,0.5,0.41,2.0NRT,2026-08-20 00:00:00+00:00,SOURCE_0131,0.34897757047841904,True,MEDIUM,3.37,0.9199999999999999,3,2026-08-20 00:00:00+00:00,0.0,2026-08-20 00:00:00+00:00,0.0
FIRMS_000925,15.175,76.65512,2026-08-20,20:12,N21,VIIRS,n,N,311.85,292.12,3.48,0.5,0.41,2.0NRT,2026-08-20 00:00:00+00:00,SOURCE_0131,0.34897757047841904,True,MEDIUM,4.29,-0.81,4,2026-08-20 00:00:00+00:00,0.0,2026-08-20 00:00:00+00:00,0.0
FIRMS_000926,15.17435,76.65977,2026-08-20,20:12,N21,VIIRS,n,N,304.97,290.84,3.04,0.5,0.41,2.0NRT,2026-08-20 00:00:00+00:00,SOURCE_0131,0.34897757047841904,True,MEDIUM,3.48,-0.43999999999999995,5,2026-08-20 00:00:00+00:00,0.0,2026-08-20 00:00:00+00:00,0.0
FIRMS_000409,15.17469,76.65448,2026-08-21,20:51,N20,VIIRS,n,N,311.08,290.84,1.16,0.51,0.41,2.0NRT,2026-08-21 00:00:00+00:00,SOURCE_0131,0.34897757047841904,True,MEDIUM,3.04,-1.8800000000000001,6,2026-08-20 00:00:00+00:00,1.0,2026-08-20 00:00:00+00:00,24.0
FIRMS_000423,15.17984,76.65304,2026-08-21,20:51,N20,VIIRS,n,N,303.59,290.03,2.44,0.51,0.41,2.0NRT,2026-08-21 00:00:00+00:00,SOURCE_0131,0.34897757047841904,True,MEDIUM,1.16,1.28,7,2026-08-20 00:00:00+00:00,1.0,2026-08-21 00:00:00+00:00,0.0
FIRMS_000424,15.17901,76.65769,2026-08-21,20:51,N20,VIIRS,n,N,314.31,290.62,2.73,0.51,0.41,2.0NRT,2026-08-21 00:00:00+00:00,SOURCE_0131,0.34897757047841904,True,MEDIUM,2.44,0.29000000000000004,8,2026-08-20 00:00:00+00:00,1.0,2026-08-21 00:00:00+00:00,0.0
FIRMS_000427,15.17528,76.65698,2026-08-21,20:51,N20,VIIRS,n,N,318.44,291.38,3.34,0.51,0.41,2.0NRT,2026-08-21 00:00:00+00:00,SOURCE_0131,0.34897757047841904,True,MEDIUM,2.73,0.6099999999999999,9,2026-08-20 00:00:00+00:00,1.0,2026-08-21 00:00:00+00:00,0.0
FIRMS_001039,15.17734,76.65386,2026-08-21,19:53,N21,VIIRS,n,N,317.14,290.91,1.96,0.34,0.56,2.0NRT,2026-08-21 00:00:00+00:00,SOURCE_0131,0.34897757047841904,True,MEDIUM,3.34,-1.38,10,2026-08-20 00:00:00+00:00,1.0,2026-08-21 00:00:00+00:00,0.0
FIRMS_001040,15.17696,76.65696,2026-08-21,19:53,N21,VIIRS,n,N,317.6,290.55,1.96,0.34,0.56,2.0NRT,2026-08-21 00:00:00+00:00,SOURCE_0131,0.34897757047841904,True,MEDIUM,1.96,0.0,11,2026-08-20 00:00:00+00:00,1.0,2026-08-21 00:00:00+00:00,0.0
FIRMS_000280,15.13828,76.70865,2026-08-20,21:08,N20,VIIRS,n,N,305.75,288.36,0.52,0.34,0.56,2.0NRT,2026-08-20 00:00:00+00:00,SOURCE_0132,0.2844885248554081,True,LOW,,,1,2026-08-20 00:00:00+00:00,0.0,,
FIRMS_000281,15.13766,76.71173,2026-08-20,21:08,N20,VIIRS,n,N,301.79,288.15,0.52,0.34,0.56,2.0NRT,2026-08-20 00:00:00+00:00,SOURCE_0132,0.2844885248554081,True,LOW,0.52,0.0,2,2026-08-20 00:00:00+00:00,0.0,2026-08-20 00:00:00+00:00,0.0
FIRMS_000430,15.13799,76.7103,2026-08-21,20:51,N20,VIIRS,n,N,303.41,290.44,0.82,0.51,0.41,2.0NRT,2026-08-21 00:00:00+00:00,SOURCE_0132,0.2844885248554081,True,LOW,0.52,0.29999999999999993,3,2026-08-20 00:00:00+00:00,1.0,2026-08-20 00:00:00+00:00,24.0
FIRMS_001042,15.13456,76.70862,2026-08-21,19:53,N21,VIIRS,n,N,308.41,290.28,0.9,0.33,0.56,2.0NRT,2026-08-21 00:00:00+00:00,SOURCE_0132,0.2844885248554081,True,LOW,0.82,0.08000000000000007,4,2026-08-20 00:00:00+00:00,1.0,2026-08-21 00:00:00+00:00,0.0
FIRMS_000282,15.18593,76.31431,2026-08-20,21:08,N20,VIIRS,n,N,311.46,287.59,0.7,0.32,0.54,2.0NRT,2026-08-20 00:00:00+00:00,SOURCE_0133,0.129241536692149,False,LOW,,,1,2026-08-20 00:00:00+00:00,0.0,,
FIRMS_000283,15.17281,76.38165,2026-08-20,21:08,N20,VIIRS,n,N,299.71,287.56,0.64,0.32,0.55,2.0NRT,2026-08-20 00:00:00+00:00,SOURCE_0134,0.129241536692149,False,LOW,,,1,2026-08-20 00:00:00+00:00,0.0,,
FIRMS_000795,15.16805,76.37964,2026-08-19,20:32,N21,VIIRS,n,N,302.05,276.49,1.51,0.39,0.36,2.0NRT,2026-08-19 00:00:00+00:00,SOURCE_0135,0.3720986795492919,True,MEDIUM,,,1,2026-08-19 00:00:00+00:00,0.0,,
FIRMS_000284,15.16786,76.38057,2026-08-20,21:08,N20,VIIRS,n,N,309.06,288.35,1.52,0.32,0.55,2.0NRT,2026-08-20 00:00:00+00:00,SOURCE_0135,0.3720986795492919,True,MEDIUM,1.51,0.010000000000000009,2,2026-08-19 00:00:00+00:00,1.0,2026-08-19 00:00:00+00:00,24.0
FIRMS_001029,15.168,76.37878,2026-08-21,19:53,N21,VIIRS,n,N,310.47,289.63,2.12,0.35,0.57,2.0NRT,2026-08-21 00:00:00+00:00,SOURCE_0135,0.3720986795492919,True,MEDIUM,1.52,0.6000000000000001,3,2026-08-19 00:00:00+00:00,2.0,2026-08-20 00:00:00+00:00,24.0
FIRMS_000285,15.16292,76.37949,2026-08-20,21:08,N20,VIIRS,n,N,322.52,287.29,1.52,0.32,0.55,2.0NRT,2026-08-20 00:00:00+00:00,SOURCE_0136,0.129241536692149,False,LOW,,,1,2026-08-20 00:00:00+00:00,0.0,,
FIRMS_000286,12.86719,78.89952,2026-08-20,21:08,N20,VIIRS,n,N,305.3,287.29,1.19,0.53,0.67,2.0NRT,2026-08-20 00:00:00+00:00,SOURCE_0137,0.129241536692149,False,LOW,,,1,2026-08-20 00:00:00+00:00,0.0,,
FIRMS_000287,12.66981,76.85625,2026-08-20,21:08,N20,VIIRS,n,N,299.97,285.67,0.44,0.39,0.59,2.0NRT,2026-08-20 00:00:00+00:00,SOURCE_0138,0.129241536692149,False,LOW,,,1,2026-08-20 00:00:00+00:00,0.0,,
FIRMS_000288,11.60833,77.55147,2026-08-20,21:08,N20,VIIRS,n,N,297.2,272.73,1.03,0.45,0.63,2.0NRT,2026-08-20 00:00:00+00:00,SOURCE_0139,0.129241536692149,False,LOW,,,1,2026-08-20 00:00:00+00:00,0.0,,
FIRMS_000289,8.6787,78.06282,2026-08-21,08:13,N20,VIIRS,n,D,340.22,305.0,2.79,0.39,0.36,2.0NRT,2026-08-21 00:00:00+00:00,SOURCE_0140,0.129241536692149,False,LOW,,,1,2026-08-21 00:00:00+00:00,0.0,,
FIRMS_000290,9.3411,78.81241,2026-08-21,08:13,N20,VIIRS,n,D,343.64,307.32,6.08,0.4,0.37,2.0NRT,2026-08-21 00:00:00+00:00,SOURCE_0141,0.16305995342683668,False,LOW,,,1,2026-08-21 00:00:00+00:00,0.0,,
FIRMS_000291,9.34447,78.8119,2026-08-21,08:13,N20,VIIRS,n,D,345.55,309.19,6.08,0.4,0.37,2.0NRT,2026-08-21 00:00:00+00:00,SOURCE_0141,0.16305995342683668,False,LOW,6.08,0.0,2,2026-08-21 00:00:00+00:00,0.0,2026-08-21 00:00:00+00:00,0.0
FIRMS_000292,9.36586,78.66449,2026-08-21,08:13,N20,VIIRS,n,D,340.59,308.73,6.32,0.4,0.37,2.0NRT,2026-08-21 00:00:00+00:00,SOURCE_0142,0.16305995342683668,False,LOW,,,1,2026-08-21 00:00:00+00:00,0.0,,
FIRMS_000293,9.36532,78.66089,2026-08-21,08:13,N20,VIIRS,n,D,339.1,308.58,6.32,0.4,0.37,2.0NRT,2026-08-21 00:00:00+00:00,SOURCE_0142,0.16305995342683668,False,LOW,6.32,0.0,2,2026-08-21 00:00:00+00:00,0.0,2026-08-21 00:00:00+00:00,0.0
FIRMS_000294,9.39964,78.7998,2026-08-21,08:13,N20,VIIRS,l,D,334.22,305.01,1.97,0.4,0.37,2.0NRT,2026-08-21 00:00:00+00:00,SOURCE_0143,0.129241536692149,False,LOW,,,1,2026-08-21 00:00:00+00:00,0.0,,
FIRMS_000295,9.56629,78.77435,2026-08-21,08:13,N20,VIIRS,n,D,335.88,299.0,5.18,0.4,0.37,2.0NRT,2026-08-21 00:00:00+00:00,SOURCE_0144,0.129241536692149,False,LOW,,,1,2026-08-21 00:00:00+00:00,0.0,,
FIRMS_000296,9.46111,77.93867,2026-08-21,08:13,N20,VIIRS,n,D,345.08,304.15,3.24,0.39,0.36,2.0NRT,2026-08-21 00:00:00+00:00,SOURCE_0145,0.20566611972281934,False,LOW,,,1,2026-08-21 00:00:00+00:00,0.0,,
FIRMS_000297,9.46058,77.93517,2026-08-21,08:13,N20,VIIRS,n,D,338.91,302.82,3.24,0.39,0.36,2.0NRT,2026-08-21 00:00:00+00:00,SOURCE_0145,0.20566611972281934,False,LOW,3.24,0.0,2,2026-08-21 00:00:00+00:00,0.0,2026-08-21 00:00:00+00:00,0.0
FIRMS_000958,9.46267,77.93827,2026-08-21,07:20,N21,VIIRS,n,D,334.28,296.67,4.1,0.6,0.7,2.0NRT,2026-08-21 00:00:00+00:00,SOURCE_0145,0.20566611972281934,False,LOW,3.24,0.8599999999999994,3,2026-08-21 00:00:00+00:00,0.0,2026-08-21 00:00:00+00:00,0.0
FIRMS_000964,9.46023,77.93821,2026-08-21,07:20,N21,VIIRS,n,D,336.12,297.78,5.13,0.6,0.7,2.0NRT,2026-08-21 00:00:00+00:00,SOURCE_0145,0.20566611972281934,False,LOW,4.1,1.0300000000000002,4,2026-08-21 00:00:00+00:00,0.0,2026-08-21 00:00:00+00:00,0.0
FIRMS_000298,9.55428,78.28836,2026-08-21,08:13,N20,VIIRS,n,D,348.21,310.48,8.67,0.39,0.36,2.0NRT,2026-08-21 00:00:00+00:00,SOURCE_0146,0.16305995342683668,False,LOW,,,1,2026-08-21 00:00:00+00:00,0.0,,
FIRMS_000948,9.55699,78.28705,2026-08-21,07:20,N21,VIIRS,n,D,331.02,283.98,2.68,0.56,0.69,2.0NRT,2026-08-21 00:00:00+00:00,SOURCE_0146,0.16305995342683668,False,LOW,8.67,-5.99,2,2026-08-21 00:00:00+00:00,0.0,2026-08-21 00:00:00+00:00,0.0
FIRMS_000299,9.57572,78.31776,2026-08-21,08:13,N20,VIIRS,n,D,338.87,307.25,5.01,0.39,0.36,2.0NRT,2026-08-21 00:00:00+00:00,SOURCE_0147,0.129241536692149,False,LOW,,,1,2026-08-21 00:00:00+00:00,0.0,,
FIRMS_000300,9.57466,78.31066,2026-08-21,08:13,N20,VIIRS,n,D,340.16,307.06,4.64,0.39,0.36,2.0NRT,2026-08-21 00:00:00+00:00,SOURCE_0148,0.16305995342683668,False,LOW,,,1,2026-08-21 00:00:00+00:00,0.0,,
FIRMS_000301,9.57799,78.31016,2026-08-21,08:13,N20,VIIRS,n,D,340.05,306.7,4.79,0.39,0.36,2.0NRT,2026-08-21 00:00:00+00:00,SOURCE_0148,0.16305995342683668,False,LOW,4.64,0.15000000000000036,2,2026-08-21 00:00:00+00:00,0.0,2026-08-21 00:00:00+00:00,0.0
FIRMS_000302,9.6873,78.11195,2026-08-21,08:13,N20,VIIRS,l,D,334.47,306.88,1.97,0.39,0.36,2.0NRT,2026-08-21 00:00:00+00:00,SOURCE_0149,0.129241536692149,False,LOW,,,1,2026-08-21 00:00:00+00:00,0.0,,
FIRMS_000303,9.63681,77.75274,2026-08-21,08:13,N20,VIIRS,l,D,340.17,311.74,7.12,0.39,0.36,2.0NRT,2026-08-21 00:00:00+00:00,SOURCE_0150,0.129241536692149,False,LOW,,,1,2026-08-21 00:00:00+00:00,0.0,,
FIRMS_000304,9.91944,78.34734,2026-08-21,08:13,N20,VIIRS,n,D,343.05,303.09,3.79,0.39,0.36,2.0NRT,2026-08-21 00:00:00+00:00,SOURCE_0151,0.129241536692149,False,LOW,,,1,2026-08-21 00:00:00+00:00,0.0,,
FIRMS_000305,9.83491,78.12406,2026-08-21,08:13,N20,VIIRS,l,D,330.57,300.74,2.45,0.39,0.36,2.0NRT,2026-08-21 00:00:00+00:00,SOURCE_0152,0.129241536692149,False,LOW,,,1,2026-08-21 00:00:00+00:00,0.0,,
FIRMS_000306,12.79142,79.90376,2026-08-21,08:16,N20,VIIRS,n,D,332.75,296.99,2.83,0.47,0.4,2.0NRT,2026-08-21 00:00:00+00:00,SOURCE_0153,0.129241536692149,False,LOW,,,1,2026-08-21 00:00:00+00:00,0.0,,
FIRMS_000307,9.91726,77.88062,2026-08-21,08:16,N20,VIIRS,n,D,340.62,308.69,4.56,0.39,0.36,2.0NRT,2026-08-21 00:00:00+00:00,SOURCE_0154,0.16305995342683668,False,LOW,,,1,2026-08-21 00:00:00+00:00,0.0,,
FIRMS_000949,9.91547,77.8808,2026-08-21,07:20,N21,VIIRS,n,D,330.27,297.11,5.53,0.59,0.7,2.0NRT,2026-08-21 00:00:00+00:00,SOURCE_0154,0.16305995342683668,False,LOW,4.56,0.9700000000000006,2,2026-08-21 00:00:00+00:00,0.0,2026-08-21 00:00:00+00:00,0.0
FIRMS_000308,9.94108,77.94887,2026-08-21,08:16,N20,VIIRS,n,D,338.99,303.92,3.52,0.39,0.36,2.0NRT,2026-08-21 00:00:00+00:00,SOURCE_0155,0.129241536692149,False,LOW,,,1,2026-08-21 00:00:00+00:00,0.0,,
FIRMS_000309,10.00594,78.04284,2026-08-21,08:16,N20,VIIRS,n,D,331.05,295.84,1.0,0.39,0.36,2.0NRT,2026-08-21 00:00:00+00:00,SOURCE_0156,0.129241536692149,False,LOW,,,1,2026-08-21 00:00:00+00:00,0.0,,
FIRMS_000310,9.91187,77.39479,2026-08-21,08:16,N20,VIIRS,n,D,333.92,302.13,1.93,0.38,0.36,2.0NRT,2026-08-21 00:00:00+00:00,SOURCE_0157,0.129241536692149,False,LOW,,,1,2026-08-21 00:00:00+00:00,0.0,,
FIRMS_000311,10.04691,77.9536,2026-08-21,08:16,N20,VIIRS,l,D,333.39,303.77,6.6,0.39,0.36,2.0NRT,2026-08-21 00:00:00+00:00,SOURCE_0158,0.2337300840200212,True,LOW,,,1,2026-08-21 00:00:00+00:00,0.0,,
FIRMS_000312,10.05023,77.95309,2026-08-21,08:16,N20,VIIRS,n,D,347.01,303.4,6.6,0.39,0.36,2.0NRT,2026-08-21 00:00:00+00:00,SOURCE_0158,0.2337300840200212,True,LOW,6.6,0.0,2,2026-08-21 00:00:00+00:00,0.0,2026-08-21 00:00:00+00:00,0.0
FIRMS_000313,10.0497,77.94958,2026-08-21,08:16,N20,VIIRS,n,D,347.7,305.64,6.6,0.39,0.36,2.0NRT,2026-08-21 00:00:00+00:00,SOURCE_0158,0.2337300840200212,True,LOW,6.6,0.0,3,2026-08-21 00:00:00+00:00,0.0,2026-08-21 00:00:00+00:00,0.0
FIRMS_000403,10.04989,77.95342,2026-08-21,20:51,N20,VIIRS,n,N,306.01,271.05,1.5,0.49,0.48,2.0NRT,2026-08-21 00:00:00+00:00,SOURCE_0158,0.2337300840200212,True,LOW,6.6,-5.1,4,2026-08-21 00:00:00+00:00,0.0,2026-08-21 00:00:00+00:00,0.0
FIRMS_000950,10.0502,77.95194,2026-08-21,07:20,N21,VIIRS,h,D,367.0,294.07,13.76,0.58,0.7,2.0NRT,2026-08-21 00:00:00+00:00,SOURCE_0158,0.2337300840200212,True,LOW,1.5,12.26,5,2026-08-21 00:00:00+00:00,0.0,2026-08-21 00:00:00+00:00,0.0
FIRMS_001056,10.05098,77.95471,2026-08-21,19:55,N21,VIIRS,n,N,305.12,277.48,2.58,0.47,0.48,2.0NRT,2026-08-21 00:00:00+00:00,SOURCE_0158,0.2337300840200212,True,LOW,13.76,-11.18,6,2026-08-21 00:00:00+00:00,0.0,2026-08-21 00:00:00+00:00,0.0
FIRMS_000314,10.40833,77.98684,2026-08-21,08:16,N20,VIIRS,n,D,340.67,298.48,3.38,0.39,0.36,2.0NRT,2026-08-21 00:00:00+00:00,SOURCE_0159,0.16305995342683668,False,LOW,,,1,2026-08-21 00:00:00+00:00,0.0,,
FIRMS_000953,10.40672,77.98721,2026-08-21,07:20,N21,VIIRS,n,D,336.6,291.87,3.91,0.57,0.69,2.0NRT,2026-08-21 00:00:00+00:00,SOURCE_0159,0.16305995342683668,False,LOW,3.38,0.5300000000000002,2,2026-08-21 00:00:00+00:00,0.0,2026-08-21 00:00:00+00:00,0.0
FIRMS_000315,10.42592,77.87876,2026-08-21,08:16,N20,VIIRS,n,D,341.73,308.81,7.37,0.39,0.36,2.0NRT,2026-08-21 00:00:00+00:00,SOURCE_0160,0.129241536692149,False,LOW,,,1,2026-08-21 00:00:00+00:00,0.0,,
FIRMS_000316,10.40083,77.59858,2026-08-21,08:16,N20,VIIRS,n,D,336.57,306.1,2.3,0.39,0.36,2.0NRT,2026-08-21 00:00:00+00:00,SOURCE_0161,0.129241536692149,False,LOW,,,1,2026-08-21 00:00:00+00:00,0.0,,
FIRMS_000317,10.84437,78.89214,2026-08-21,08:16,N20,VIIRS,n,D,337.08,303.04,1.88,0.41,0.37,2.0NRT,2026-08-21 00:00:00+00:00,SOURCE_0162,0.129241536692149,False,LOW,,,1,2026-08-21 00:00:00+00:00,0.0,,
FIRMS_000318,10.82362,78.51756,2026-08-21,08:16,N20,VIIRS,l,D,333.02,305.17,2.64,0.4,0.37,2.0NRT,2026-08-21 00:00:00+00:00,SOURCE_0163,0.129241536692149,False,LOW,,,1,2026-08-21 00:00:00+00:00,0.0,,
FIRMS_000319,10.86226,78.60471,2026-08-21,08:16,N20,VIIRS,l,D,335.58,306.96,5.59,0.4,0.37,2.0NRT,2026-08-21 00:00:00+00:00,SOURCE_0164,0.129241536692149,False,LOW,,,1,2026-08-21 00:00:00+00:00,0.0,,
FIRMS_000320,10.90676,78.79072,2026-08-21,08:16,N20,VIIRS,l,D,337.1,308.57,3.79,0.41,0.37,2.0NRT,2026-08-21 00:00:00+00:00,SOURCE_0165,0.129241536692149,False,LOW,,,1,2026-08-21 00:00:00+00:00,0.0,,
FIRMS_000321,10.8966,78.69748,2026-08-21,08:16,N20,VIIRS,l,D,336.22,306.77,3.04,0.41,0.37,2.0NRT,2026-08-21 00:00:00+00:00,SOURCE_0166,0.129241536692149,False,LOW,,,1,2026-08-21 00:00:00+00:00,0.0,,
FIRMS_000322,10.8357,78.05394,2026-08-21,08:16,N20,VIIRS,l,D,340.99,311.62,4.7,0.39,0.36,2.0NRT,2026-08-21 00:00:00+00:00,SOURCE_0167,0.129241536692149,False,LOW,,,1,2026-08-21 00:00:00+00:00,0.0,,
FIRMS_000323,10.8054,77.76113,2026-08-21,08:16,N20,VIIRS,n,D,340.48,309.96,4.65,0.39,0.36,2.0NRT,2026-08-21 00:00:00+00:00,SOURCE_0168,0.129241536692149,False,LOW,,,1,2026-08-21 00:00:00+00:00,0.0,,
FIRMS_000324,11.10589,78.88667,2026-08-21,08:16,N20,VIIRS,n,D,338.26,303.68,1.82,0.41,0.37,2.0NRT,2026-08-21 00:00:00+00:00,SOURCE_0169,0.18705450195572657,False,LOW,,,1,2026-08-21 00:00:00+00:00,0.0,,
FIRMS_000325,11.10533,78.88292,2026-08-21,08:16,N20,VIIRS,n,D,337.62,304.54,1.82,0.41,0.37,2.0NRT,2026-08-21 00:00:00+00:00,SOURCE_0169,0.18705450195572657,False,LOW,1.82,0.0,2,2026-08-21 00:00:00+00:00,0.0,2026-08-21 00:00:00+00:00,0.0
FIRMS_000326,11.10569,78.88302,2026-08-21,08:16,N20,VIIRS,n,D,340.59,304.33,3.81,0.41,0.37,2.0NRT,2026-08-21 00:00:00+00:00,SOURCE_0169,0.18705450195572657,False,LOW,1.82,1.99,3,2026-08-21 00:00:00+00:00,0.0,2026-08-21 00:00:00+00:00,0.0
FIRMS_000327,11.1194,78.69011,2026-08-21,08:16,N20,VIIRS,n,D,339.67,309.33,7.32,0.41,0.37,2.0NRT,2026-08-21 00:00:00+00:00,SOURCE_0170,0.129241536692149,False,LOW,,,1,2026-08-21 00:00:00+00:00,0.0,,
FIRMS_000328,11.04524,77.91196,2026-08-21,08:16,N20,VIIRS,n,D,345.73,302.89,4.75,0.39,0.36,2.0NRT,2026-08-21 00:00:00+00:00,SOURCE_0171,0.129241536692149,False,LOW,,,1,2026-08-21 00:00:00+00:00,0.0,,
FIRMS_000329,11.21367,77.60988,2026-08-21,08:16,N20,VIIRS,l,D,338.37,308.71,4.34,0.39,0.36,2.0NRT,2026-08-21 00:00:00+00:00,SOURCE_0172,0.129241536692149,False,LOW,,,1,2026-08-21 00:00:00+00:00,0.0,,
FIRMS_000330,11.25254,77.55219,2026-08-21,08:16,N20,VIIRS,n,D,338.94,306.19,4.97,0.39,0.36,2.0NRT,2026-08-21 00:00:00+00:00,SOURCE_0173,0.129241536692149,False,LOW,,,1,2026-08-21 00:00:00+00:00,0.0,,
FIRMS_000331,11.17897,76.86507,2026-08-21,08:16,N20,VIIRS,l,D,331.84,302.16,3.47,0.38,0.36,2.0NRT,2026-08-21 00:00:00+00:00,SOURCE_0174,0.129241536692149,False,LOW,,,1,2026-08-21 00:00:00+00:00,0.0,,
FIRMS_000332,11.34971,77.56582,2026-08-21,08:16,N20,VIIRS,n,D,335.42,304.54,2.44,0.39,0.36,2.0NRT,2026-08-21 00:00:00+00:00,SOURCE_0175,0.129241536692149,False,LOW,,,1,2026-08-21 00:00:00+00:00,0.0,,
FIRMS_000333,11.42352,77.76451,2026-08-21,08:16,N20,VIIRS,n,D,339.77,303.7,3.96,0.39,0.36,2.0NRT,2026-08-21 00:00:00+00:00,SOURCE_0176,0.129241536692149,False,LOW,,,1,2026-08-21 00:00:00+00:00,0.0,,
FIRMS_000334,11.42366,77.74271,2026-08-21,08:16,N20,VIIRS,l,D,337.5,308.16,3.7,0.39,0.36,2.0NRT,2026-08-21 00:00:00+00:00,SOURCE_0177,0.129241536692149,False,LOW,,,1,2026-08-21 00:00:00+00:00,0.0,,
FIRMS_000335,11.71099,79.12828,2026-08-21,08:16,N20,VIIRS,n,D,348.21,307.85,30.85,0.43,0.38,2.0NRT,2026-08-21 00:00:00+00:00,SOURCE_0178,0.18705450195572657,False,LOW,,,1,2026-08-21 00:00:00+00:00,0.0,,
FIRMS_000336,11.71043,79.12439,2026-08-21,08:16,N20,VIIRS,n,D,333.44,303.11,8.99,0.43,0.38,2.0NRT,2026-08-21 00:00:00+00:00,SOURCE_0178,0.18705450195572657,False,LOW,30.85,-21.86,2,2026-08-21 00:00:00+00:00,0.0,2026-08-21 00:00:00+00:00,0.0
FIRMS_000954,11.71467,79.12849,2026-08-21,07:20,N21,VIIRS,n,D,333.78,294.15,6.81,0.45,0.63,2.0NRT,2026-08-21 00:00:00+00:00,SOURCE_0178,0.18705450195572657,False,LOW,8.99,-2.1800000000000006,3,2026-08-21 00:00:00+00:00,0.0,2026-08-21 00:00:00+00:00,0.0
FIRMS_000337,11.52499,77.67209,2026-08-21,08:16,N20,VIIRS,n,D,339.7,306.95,5.68,0.39,0.36,2.0NRT,2026-08-21 00:00:00+00:00,SOURCE_0179,0.16305995342683668,False,LOW,,,1,2026-08-21 00:00:00+00:00,0.0,,
FIRMS_000338,11.52446,77.66854,2026-08-21,08:16,N20,VIIRS,n,D,337.79,307.36,5.77,0.39,0.36,2.0NRT,2026-08-21 00:00:00+00:00,SOURCE_0179,0.16305995342683668,False,LOW,5.68,0.08999999999999986,2,2026-08-21 00:00:00+00:00,0.0,2026-08-21 00:00:00+00:00,0.0
FIRMS_000339,12.05095,79.61237,2026-08-21,08:16,N20,VIIRS,n,D,343.91,301.8,5.05,0.45,0.39,2.0NRT,2026-08-21 00:00:00+00:00,SOURCE_0180,0.129241536692149,False,LOW,,,1,2026-08-21 00:00:00+00:00,0.0,,
FIRMS_000340,11.81027,77.92296,2026-08-21,08:16,N20,VIIRS,n,D,343.83,307.15,3.37,0.39,0.36,2.0NRT,2026-08-21 00:00:00+00:00,SOURCE_0181,0.2692817258878132,True,LOW,,,1,2026-08-21 00:00:00+00:00,0.0,,
FIRMS_000503,11.81195,77.92308,2026-08-22,20:32,N20,VIIRS,n,N,308.09,284.27,0.85,0.4,0.37,2.0NRT,2026-08-22 00:00:00+00:00,SOURCE_0181,0.2692817258878132,True,LOW,3.37,-2.52,2,2026-08-21 00:00:00+00:00,1.0,2026-08-21 00:00:00+00:00,24.0
FIRMS_000504,11.8086,77.92253,2026-08-22,20:32,N20,VIIRS,n,N,314.27,284.16,1.3,0.4,0.37,2.0NRT,2026-08-22 00:00:00+00:00,SOURCE_0181,0.2692817258878132,True,LOW,0.85,0.45000000000000007,3,2026-08-21 00:00:00+00:00,1.0,2026-08-22 00:00:00+00:00,0.0
FIRMS_000341,12.31031,78.07397,2026-08-21,08:16,N20,VIIRS,n,D,331.42,300.53,2.61,0.4,0.37,2.0NRT,2026-08-21 00:00:00+00:00,SOURCE_0182,0.129241536692149,False,LOW,,,1,2026-08-21 00:00:00+00:00,0.0,,
FIRMS_000342,12.72135,79.78169,2026-08-21,08:16,N20,VIIRS,n,D,335.43,298.23,3.63,0.46,0.39,2.0NRT,2026-08-21 00:00:00+00:00,SOURCE_0183,0.129241536692149,False,LOW,,,1,2026-08-21 00:00:00+00:00,0.0,,
FIRMS_000343,12.85799,79.29736,2026-08-21,08:16,N20,VIIRS,n,D,334.29,297.84,3.16,0.44,0.38,2.0NRT,2026-08-21 00:00:00+00:00,SOURCE_0184,0.16305995342683668,False,LOW,,,1,2026-08-21 00:00:00+00:00,0.0,,
FIRMS_000344,12.86152,79.29686,2026-08-21,08:16,N20,VIIRS,n,D,336.55,298.09,8.07,0.44,0.38,2.0NRT,2026-08-21 00:00:00+00:00,SOURCE_0184,0.16305995342683668,False,LOW,3.16,4.91,2,2026-08-21 00:00:00+00:00,0.0,2026-08-21 00:00:00+00:00,0.0
FIRMS_000345,13.09303,77.44754,2026-08-21,08:16,N20,VIIRS,n,D,334.14,298.91,2.67,0.39,0.36,2.0NRT,2026-08-21 00:00:00+00:00,SOURCE_0185,0.129241536692149,False,LOW,,,1,2026-08-21 00:00:00+00:00,0.0,,
FIRMS_000346,13.26471,77.34718,2026-08-21,08:16,N20,VIIRS,n,D,341.7,300.35,19.62,0.39,0.36,2.0NRT,2026-08-21 00:00:00+00:00,SOURCE_0186,0.129241536692149,False,LOW,,,1,2026-08-21 00:00:00+00:00,0.0,,
FIRMS_000347,14.60375,79.65997,2026-08-21,08:16,N20,VIIRS,n,D,333.91,293.59,5.52,0.48,0.4,2.0NRT,2026-08-21 00:00:00+00:00,SOURCE_0187,0.16305995342683668,False,LOW,,,1,2026-08-21 00:00:00+00:00,0.0,,
FIRMS_000960,14.6078,79.66063,2026-08-21,07:20,N21,VIIRS,n,D,342.95,294.46,6.46,0.36,0.58,2.0NRT,2026-08-21 00:00:00+00:00,SOURCE_0187,0.16305995342683668,False,LOW,5.52,0.9400000000000004,2,2026-08-21 00:00:00+00:00,0.0,2026-08-21 00:00:00+00:00,0.0
FIRMS_000348,14.68579,79.73881,2026-08-21,08:16,N20,VIIRS,n,D,336.96,301.35,2.18,0.48,0.4,2.0NRT,2026-08-21 00:00:00+00:00,SOURCE_0188,0.18705450195572657,False,LOW,,,1,2026-08-21 00:00:00+00:00,0.0,,
FIRMS_000962,14.68743,79.7369,2026-08-21,07:20,N21,VIIRS,n,D,336.25,292.67,3.61,0.36,0.57,2.0NRT,2026-08-21 00:00:00+00:00,SOURCE_0188,0.18705450195572657,False,LOW,2.18,1.4299999999999997,2,2026-08-21 00:00:00+00:00,0.0,2026-08-21 00:00:00+00:00,0.0
FIRMS_000963,14.6885,79.73643,2026-08-21,07:20,N21,VIIRS,n,D,335.87,291.89,2.77,0.36,0.57,2.0NRT,2026-08-21 00:00:00+00:00,SOURCE_0188,0.18705450195572657,False,LOW,3.61,-0.8399999999999999,3,2026-08-21 00:00:00+00:00,0.0,2026-08-21 00:00:00+00:00,0.0
FIRMS_000349,14.68322,79.69376,2026-08-21,08:16,N20,VIIRS,n,D,341.06,303.28,7.5,0.48,0.4,2.0NRT,2026-08-21 00:00:00+00:00,SOURCE_0189,0.16305995342683668,False,LOW,,,1,2026-08-21 00:00:00+00:00,0.0,,
FIRMS_000350,14.68298,79.69458,2026-08-21,08:16,N20,VIIRS,n,D,344.78,303.07,6.93,0.48,0.4,2.0NRT,2026-08-21 00:00:00+00:00,SOURCE_0189,0.16305995342683668,False,LOW,7.5,-0.5700000000000003,2,2026-08-21 00:00:00+00:00,0.0,2026-08-21 00:00:00+00:00,0.0
FIRMS_000351,14.72931,79.92735,2026-08-21,08:16,N20,VIIRS,n,D,336.28,299.45,3.95,0.49,0.41,2.0NRT,2026-08-21 00:00:00+00:00,SOURCE_0190,0.16305995342683668,False,LOW,,,1,2026-08-21 00:00:00+00:00,0.0,,
FIRMS_000352,14.73303,79.92682,2026-08-21,08:16,N20,VIIRS,n,D,336.47,297.07,3.95,0.49,0.41,2.0NRT,2026-08-21 00:00:00+00:00,SOURCE_0190,0.16305995342683668,False,LOW,3.95,0.0,2,2026-08-21 00:00:00+00:00,0.0,2026-08-21 00:00:00+00:00,0.0
FIRMS_000353,14.72149,79.72996,2026-08-21,08:16,N20,VIIRS,n,D,336.1,299.34,3.0,0.48,0.4,2.0NRT,2026-08-21 00:00:00+00:00,SOURCE_0191,0.129241536692149,False,LOW,,,1,2026-08-21 00:00:00+00:00,0.0,,
FIRMS_000354,14.52269,77.43584,2026-08-21,08:16,N20,VIIRS,n,D,335.59,301.68,4.98,0.4,0.37,2.0NRT,2026-08-21 00:00:00+00:00,SOURCE_0192,0.18705450195572657,False,LOW,,,1,2026-08-21 00:00:00+00:00,0.0,,
FIRMS_000968,14.52584,77.43586,2026-08-21,07:22,N21,VIIRS,h,D,367.0,290.84,15.67,0.52,0.67,2.0NRT,2026-08-21 00:00:00+00:00,SOURCE_0192,0.18705450195572657,False,LOW,4.98,10.69,2,2026-08-21 00:00:00+00:00,0.0,2026-08-21 00:00:00+00:00,0.0
FIRMS_000969,14.52769,77.43334,2026-08-21,07:22,N21,VIIRS,n,D,338.86,290.86,7.56,0.52,0.67,2.0NRT,2026-08-21 00:00:00+00:00,SOURCE_0192,0.18705450195572657,False,LOW,15.67,-8.11,3,2026-08-21 00:00:00+00:00,0.0,2026-08-21 00:00:00+00:00,0.0
FIRMS_000355,15.10593,79.37793,2026-08-21,08:16,N20,VIIRS,n,D,341.84,301.9,16.95,0.47,0.4,2.0NRT,2026-08-21 00:00:00+00:00,SOURCE_0193,0.16305995342683668,False,LOW,,,1,2026-08-21 00:00:00+00:00,0.0,,
FIRMS_000970,15.10624,79.37469,2026-08-21,07:22,N21,VIIRS,n,D,344.85,290.84,6.03,0.37,0.58,2.0NRT,2026-08-21 00:00:00+00:00,SOURCE_0193,0.16305995342683668,False,LOW,16.95,-10.919999999999998,2,2026-08-21 00:00:00+00:00,0.0,2026-08-21 00:00:00+00:00,0.0
FIRMS_000356,15.4127,79.60164,2026-08-21,08:16,N20,VIIRS,n,D,337.37,294.92,4.21,0.48,0.4,2.0NRT,2026-08-21 00:00:00+00:00,SOURCE_0194,0.16305995342683668,False,LOW,,,1,2026-08-21 00:00:00+00:00,0.0,,
FIRMS_000357,15.41208,79.59715,2026-08-21,08:16,N20,VIIRS,n,D,335.37,295.13,2.69,0.48,0.4,2.0NRT,2026-08-21 00:00:00+00:00,SOURCE_0194,0.16305995342683668,False,LOW,4.21,-1.52,2,2026-08-21 00:00:00+00:00,0.0,2026-08-21 00:00:00+00:00,0.0
FIRMS_000358,15.69083,79.12525,2026-08-21,08:16,N20,VIIRS,n,D,334.57,302.75,6.67,0.46,0.39,2.0NRT,2026-08-21 00:00:00+00:00,SOURCE_0195,0.129241536692149,False,LOW,,,1,2026-08-21 00:00:00+00:00,0.0,,
FIRMS_000359,15.80123,79.52772,2026-08-21,08:16,N20,VIIRS,n,D,340.5,305.68,14.67,0.49,0.4,2.0NRT,2026-08-21 00:00:00+00:00,SOURCE_0196,0.129241536692149,False,LOW,,,1,2026-08-21 00:00:00+00:00,0.0,,
FIRMS_000360,15.60369,77.62315,2026-08-21,08:16,N20,VIIRS,n,D,334.52,300.52,3.09,0.41,0.37,2.0NRT,2026-08-21 00:00:00+00:00,SOURCE_0197,0.129241536692149,False,LOW,,,1,2026-08-21 00:00:00+00:00,0.0,,
FIRMS_000361,16.01146,80.31809,2026-08-21,08:16,N20,VIIRS,n,D,339.73,300.01,10.58,0.54,0.42,2.0NRT,2026-08-21 00:00:00+00:00,SOURCE_0198,0.129241536692149,False,LOW,,,1,2026-08-21 00:00:00+00:00,0.0,,
FIRMS_000362,15.94305,78.95891,2026-08-21,08:16,N20,VIIRS,l,D,332.2,302.9,4.95,0.46,0.39,2.0NRT,2026-08-21 00:00:00+00:00,SOURCE_0199,0.129241536692149,False,LOW,,,1,2026-08-21 00:00:00+00:00,0.0,,
FIRMS_000363,16.04546,79.40362,2026-08-21,08:16,N20,VIIRS,n,D,338.7,302.96,4.21,0.48,0.4,2.0NRT,2026-08-21 00:00:00+00:00,SOURCE_0200,0.129241536692149,False,LOW,,,1,2026-08-21 00:00:00+00:00,0.0,,
FIRMS_000364,16.30597,78.48191,2026-08-21,08:16,N20,VIIRS,n,D,336.18,300.5,3.14,0.44,0.38,2.0NRT,2026-08-21 00:00:00+00:00,SOURCE_0201,0.129241536692149,False,LOW,,,1,2026-08-21 00:00:00+00:00,0.0,,
FIRMS_000365,16.39512,78.57832,2026-08-21,08:16,N20,VIIRS,n,D,338.95,303.23,3.81,0.44,0.39,2.0NRT,2026-08-21 00:00:00+00:00,SOURCE_0202,0.129241536692149,False,LOW,,,1,2026-08-21 00:00:00+00:00,0.0,,
FIRMS_000366,16.38151,78.17361,2026-08-21,08:16,N20,VIIRS,n,D,334.6,298.72,1.71,0.43,0.38,2.0NRT,2026-08-21 00:00:00+00:00,SOURCE_0203,0.129241536692149,False,LOW,,,1,2026-08-21 00:00:00+00:00,0.0,,
FIRMS_000367,15.76939,73.70415,2026-08-21,08:16,N20,VIIRS,l,D,207.93,297.41,115.94,0.42,0.38,2.0NRT,2026-08-21 00:00:00+00:00,SOURCE_0204,0.18705450195572657,False,LOW,,,1,2026-08-21 00:00:00+00:00,0.0,,
FIRMS_000368,15.76875,73.70028,2026-08-21,08:16,N20,VIIRS,l,D,253.68,296.55,115.94,0.42,0.38,2.0NRT,2026-08-21 00:00:00+00:00,SOURCE_0204,0.18705450195572657,False,LOW,115.94,0.0,2,2026-08-21 00:00:00+00:00,0.0,2026-08-21 00:00:00+00:00,0.0
FIRMS_000369,15.77281,73.70358,2026-08-21,08:16,N20,VIIRS,l,D,337.78,295.82,135.46,0.42,0.38,2.0NRT,2026-08-21 00:00:00+00:00,SOURCE_0204,0.18705450195572657,False,LOW,115.94,19.52000000000001,3,2026-08-21 00:00:00+00:00,0.0,2026-08-21 00:00:00+00:00,0.0
FIRMS_000370,16.70696,78.27788,2026-08-21,08:16,N20,VIIRS,n,D,338.78,302.8,3.8,0.44,0.38,2.0NRT,2026-08-21 00:00:00+00:00,SOURCE_0205,0.129241536692149,False,LOW,,,1,2026-08-21 00:00:00+00:00,0.0,,
FIRMS_000371,17.34807,80.77615,2026-08-21,08:16,N20,VIIRS,n,D,336.74,294.6,4.11,0.4,0.44,2.0NRT,2026-08-21 00:00:00+00:00,SOURCE_0206,0.129241536692149,False,LOW,,,1,2026-08-21 00:00:00+00:00,0.0,,
FIRMS_000372,17.61271,78.17559,2026-08-21,08:16,N20,VIIRS,n,D,330.62,299.31,1.89,0.44,0.38,2.0NRT,2026-08-21 00:00:00+00:00,SOURCE_0207,0.129241536692149,False,LOW,,,1,2026-08-21 00:00:00+00:00,0.0,,
FIRMS_000373,18.68608,73.04124,2026-08-21,08:18,N20,VIIRS,n,D,335.45,294.98,5.13,0.42,0.37,2.0NRT,2026-08-21 00:00:00+00:00,SOURCE_0208,0.18705450195572657,False,LOW,,,1,2026-08-21 00:00:00+00:00,0.0,,
FIRMS_000374,18.68586,73.04067,2026-08-21,08:18,N20,VIIRS,n,D,338.76,296.96,11.47,0.42,0.37,2.0NRT,2026-08-21 00:00:00+00:00,SOURCE_0208,0.18705450195572657,False,LOW,5.13,6.340000000000001,2,2026-08-21 00:00:00+00:00,0.0,2026-08-21 00:00:00+00:00,0.0
FIRMS_000375,18.68543,73.03734,2026-08-21,08:18,N20,VIIRS,l,D,336.4,297.7,5.13,0.42,0.37,2.0NRT,2026-08-21 00:00:00+00:00,SOURCE_0208,0.18705450195572657,False,LOW,11.47,-6.340000000000001,3,2026-08-21 00:00:00+00:00,0.0,2026-08-21 00:00:00+00:00,0.0
FIRMS_000376,25.54232,91.23663,2026-08-21,19:04,N20,VIIRS,n,N,300.15,285.37,0.68,0.34,0.56,2.0NRT,2026-08-21 00:00:00+00:00,SOURCE_0209,0.2692817258878132,True,LOW,,,1,2026-08-21 00:00:00+00:00,0.0,,
FIRMS_001005,25.5407,91.23618,2026-08-21,19:49,N21,VIIRS,n,N,306.25,287.63,1.3,0.46,0.39,2.0NRT,2026-08-21 00:00:00+00:00,SOURCE_0209,0.2692817258878132,True,LOW,0.68,0.62,2,2026-08-21 00:00:00+00:00,0.0,2026-08-21 00:00:00+00:00,0.0
FIRMS_001106,25.54005,91.23735,2026-08-22,19:32,N21,VIIRS,n,N,298.55,280.35,0.48,0.4,0.37,2.0NRT,2026-08-22 00:00:00+00:00,SOURCE_0209,0.2692817258878132,True,LOW,1.3,-0.8200000000000001,3,2026-08-21 00:00:00+00:00,1.0,2026-08-21 00:00:00+00:00,24.0
FIRMS_000377,22.24438,87.38752,2026-08-21,19:06,N20,VIIRS,n,N,299.85,267.89,0.61,0.54,0.68,2.0NRT,2026-08-21 00:00:00+00:00,SOURCE_0210,0.18705450195572657,False,LOW,,,1,2026-08-21 00:00:00+00:00,0.0,,
FIRMS_000976,22.24823,87.38765,2026-08-21,07:22,N21,VIIRS,n,D,331.95,292.07,3.08,0.38,0.36,2.0NRT,2026-08-21 00:00:00+00:00,SOURCE_0210,0.18705450195572657,False,LOW,0.61,2.47,2,2026-08-21 00:00:00+00:00,0.0,2026-08-21 00:00:00+00:00,0.0
FIRMS_001013,22.24465,87.3873,2026-08-21,19:51,N21,VIIRS,n,N,313.65,280.42,1.69,0.38,0.36,2.0NRT,2026-08-21 00:00:00+00:00,SOURCE_0210,0.18705450195572657,False,LOW,3.08,-1.3900000000000001,3,2026-08-21 00:00:00+00:00,0.0,2026-08-21 00:00:00+00:00,0.0
FIRMS_000379,22.36782,87.30148,2026-08-21,20:46,N20,VIIRS,n,N,299.16,266.13,1.25,0.58,0.69,2.0NRT,2026-08-21 00:00:00+00:00,SOURCE_0211,0.20566611972281934,False,LOW,,,1,2026-08-21 00:00:00+00:00,0.0,,
FIRMS_001022,22.36752,87.29948,2026-08-21,19:51,N21,VIIRS,n,N,316.76,281.16,1.55,0.38,0.36,2.0NRT,2026-08-21 00:00:00+00:00,SOURCE_0211,0.20566611972281934,False,LOW,1.25,0.30000000000000004,2,2026-08-21 00:00:00+00:00,0.0,2026-08-21 00:00:00+00:00,0.0
FIRMS_001023,22.36423,87.29889,2026-08-21,19:51,N21,VIIRS,n,N,310.36,281.16,1.55,0.38,0.36,2.0NRT,2026-08-21 00:00:00+00:00,SOURCE_0211,0.20566611972281934,False,LOW,1.55,0.0,3,2026-08-21 00:00:00+00:00,0.0,2026-08-21 00:00:00+00:00,0.0
FIRMS_001024,22.36365,87.30258,2026-08-21,19:51,N21,VIIRS,n,N,316.32,281.78,2.29,0.38,0.36,2.0NRT,2026-08-21 00:00:00+00:00,SOURCE_0211,0.20566611972281934,False,LOW,1.55,0.74,4,2026-08-21 00:00:00+00:00,0.0,2026-08-21 00:00:00+00:00,0.0
FIRMS_000880,24.7619,74.60608,2026-08-20,20:10,N21,VIIRS,n,N,298.2,276.94,0.52,0.59,0.53,2.0NRT,2026-08-20 00:00:00+00:00,SOURCE_0212,0.38495584487889883,True,MEDIUM,,,1,2026-08-20 00:00:00+00:00,0.0,,
FIRMS_000381,24.76488,74.60672,2026-08-21,20:46,N20,VIIRS,n,N,305.82,285.9,0.9,0.38,0.36,2.0NRT,2026-08-21 00:00:00+00:00,SOURCE_0212,0.38495584487889883,True,MEDIUM,0.52,0.38,2,2026-08-20 00:00:00+00:00,1.0,2026-08-20 00:00:00+00:00,24.0
FIRMS_000382,24.76429,74.6105,2026-08-21,20:46,N20,VIIRS,n,N,305.21,287.0,0.9,0.38,0.36,2.0NRT,2026-08-21 00:00:00+00:00,SOURCE_0212,0.38495584487889883,True,MEDIUM,0.9,0.0,3,2026-08-20 00:00:00+00:00,1.0,2026-08-21 00:00:00+00:00,0.0
FIRMS_000478,24.76343,74.60846,2026-08-22,20:27,N20,VIIRS,n,N,309.22,291.91,1.66,0.56,0.43,2.0NRT,2026-08-22 00:00:00+00:00,SOURCE_0212,0.38495584487889883,True,MEDIUM,0.9,0.7599999999999999,4,2026-08-20 00:00:00+00:00,2.0,2026-08-21 00:00:00+00:00,24.0
FIRMS_000383,23.31622,70.48621,2026-08-21,20:46,N20,VIIRS,n,N,306.24,292.7,2.39,0.5,0.41,2.0NRT,2026-08-21 00:00:00+00:00,SOURCE_0213,0.16305995342683668,False,LOW,,,1,2026-08-21 00:00:00+00:00,0.0,,
FIRMS_000384,23.31474,70.489,2026-08-21,20:46,N20,VIIRS,n,N,305.06,292.63,2.75,0.5,0.41,2.0NRT,2026-08-21 00:00:00+00:00,SOURCE_0213,0.16305995342683668,False,LOW,2.39,0.3599999999999999,2,2026-08-21 00:00:00+00:00,0.0,2026-08-21 00:00:00+00:00,0.0
FIRMS_000909,23.679,86.10411,2026-08-20,20:10,N21,VIIRS,n,N,318.72,289.66,3.68,0.46,0.39,2.0NRT,2026-08-20 00:00:00+00:00,SOURCE_0214,0.25067010812072044,True,LOW,,,1,2026-08-20 00:00:00+00:00,0.0,,
FIRMS_000387,23.67524,86.10297,2026-08-21,20:46,N20,VIIRS,n,N,304.36,276.44,1.08,0.45,0.63,2.0NRT,2026-08-21 00:00:00+00:00,SOURCE_0214,0.25067010812072044,True,LOW,3.68,-2.6,2,2026-08-20 00:00:00+00:00,1.0,2026-08-20 00:00:00+00:00,24.0
FIRMS_000388,24.93433,74.63345,2026-08-21,20:46,N20,VIIRS,n,N,309.55,284.89,1.19,0.38,0.36,2.0NRT,2026-08-21 00:00:00+00:00,SOURCE_0215,0.38495584487889883,True,MEDIUM,,,1,2026-08-21 00:00:00+00:00,0.0,,
FIRMS_001157,24.9345,74.6351,2026-08-22,21:12,N21,VIIRS,n,N,305.76,292.62,1.22,0.51,0.49,2.0NRT,2026-08-22 00:00:00+00:00,SOURCE_0215,0.38495584487889883,True,MEDIUM,1.19,0.030000000000000027,2,2026-08-21 00:00:00+00:00,1.0,2026-08-21 00:00:00+00:00,24.0
FIRMS_001158,24.93308,74.63296,2026-08-22,21:12,N21,VIIRS,n,N,307.26,292.86,1.44,0.51,0.5,2.0NRT,2026-08-22 00:00:00+00:00,SOURCE_0215,0.38495584487889883,True,MEDIUM,1.22,0.21999999999999997,3,2026-08-21 00:00:00+00:00,1.0,2026-08-22 00:00:00+00:00,0.0
FIRMS_001253,24.93355,74.63254,2026-08-23,20:55,N21,VIIRS,n,N,311.44,291.35,1.37,0.43,0.38,2.0NRT,2026-08-23 00:00:00+00:00,SOURCE_0215,0.38495584487889883,True,MEDIUM,1.44,-0.06999999999999984,4,2026-08-21 00:00:00+00:00,2.0,2026-08-22 00:00:00+00:00,24.0
FIRMS_000390,26.60544,73.68332,2026-08-21,20:46,N20,VIIRS,n,N,305.83,291.23,0.72,0.4,0.37,2.0NRT,2026-08-21 00:00:00+00:00,SOURCE_0216,0.129241536692149,False,LOW,,,1,2026-08-21 00:00:00+00:00,0.0,,
FIRMS_000393,27.79147,75.33251,2026-08-21,20:46,N20,VIIRS,n,N,308.88,292.01,1.11,0.39,0.36,2.0NRT,2026-08-21 00:00:00+00:00,SOURCE_0217,0.129241536692149,False,LOW,,,1,2026-08-21 00:00:00+00:00,0.0,,
FIRMS_000840,24.92798,84.14663,2026-08-20,20:10,N21,VIIRS,n,N,309.02,291.35,3.33,0.39,0.36,2.0NRT,2026-08-20 00:00:00+00:00,SOURCE_0218,0.25067010812072044,True,LOW,,,1,2026-08-20 00:00:00+00:00,0.0,,
FIRMS_000395,24.92892,84.14816,2026-08-21,20:46,N20,VIIRS,n,N,300.73,280.9,0.96,0.32,0.55,2.0NRT,2026-08-21 00:00:00+00:00,SOURCE_0218,0.25067010812072044,True,LOW,3.33,-2.37,2,2026-08-20 00:00:00+00:00,1.0,2026-08-20 00:00:00+00:00,24.0
FIRMS_000396,16.87272,80.02097,2026-08-21,20:49,N20,VIIRS,n,N,306.6,290.31,2.46,0.51,0.49,2.0NRT,2026-08-21 00:00:00+00:00,SOURCE_0219,0.129241536692149,False,LOW,,,1,2026-08-21 00:00:00+00:00,0.0,,
FIRMS_000397,17.37239,77.44447,2026-08-21,20:49,N20,VIIRS,n,N,303.3,290.53,1.08,0.52,0.42,2.0NRT,2026-08-21 00:00:00+00:00,SOURCE_0220,0.129241536692149,False,LOW,,,1,2026-08-21 00:00:00+00:00,0.0,,
FIRMS_000398,17.29276,78.40978,2026-08-21,20:49,N20,VIIRS,n,N,307.97,289.78,0.63,0.39,0.44,2.0NRT,2026-08-21 00:00:00+00:00,SOURCE_0221,0.129241536692149,False,LOW,,,1,2026-08-21 00:00:00+00:00,0.0,,
FIRMS_000399,10.24804,77.21256,2026-08-21,20:51,N20,VIIRS,n,N,317.5,276.18,3.35,0.43,0.46,2.0NRT,2026-08-21 00:00:00+00:00,SOURCE_0222,0.36091310788607844,True,MEDIUM,,,1,2026-08-21 00:00:00+00:00,0.0,,
FIRMS_000400,10.24693,77.2189,2026-08-21,20:51,N20,VIIRS,n,N,300.98,275.38,1.08,0.43,0.46,2.0NRT,2026-08-21 00:00:00+00:00,SOURCE_0222,0.36091310788607844,True,MEDIUM,3.35,-2.27,2,2026-08-21 00:00:00+00:00,0.0,2026-08-21 00:00:00+00:00,0.0
FIRMS_000401,10.24635,77.22222,2026-08-21,20:51,N20,VIIRS,n,N,299.68,272.77,1.08,0.43,0.46,2.0NRT,2026-08-21 00:00:00+00:00,SOURCE_0222,0.36091310788607844,True,MEDIUM,1.08,0.0,3,2026-08-21 00:00:00+00:00,0.0,2026-08-21 00:00:00+00:00,0.0
FIRMS_000402,10.24284,77.21765,2026-08-21,20:51,N20,VIIRS,n,N,304.8,270.71,1.08,0.43,0.46,2.0NRT,2026-08-21 00:00:00+00:00,SOURCE_0222,0.36091310788607844,True,MEDIUM,1.08,0.0,4,2026-08-21 00:00:00+00:00,0.0,2026-08-21 00:00:00+00:00,0.0
FIRMS_000432,10.25207,77.21416,2026-08-21,20:51,N20,VIIRS,n,N,309.08,277.14,1.82,0.43,0.46,2.0NRT,2026-08-21 00:00:00+00:00,SOURCE_0222,0.36091310788607844,True,MEDIUM,1.08,0.74,5,2026-08-21 00:00:00+00:00,0.0,2026-08-21 00:00:00+00:00,0.0
FIRMS_000433,10.25036,77.22395,2026-08-21,20:51,N20,VIIRS,n,N,296.03,276.56,1.04,0.43,0.46,2.0NRT,2026-08-21 00:00:00+00:00,SOURCE_0222,0.36091310788607844,True,MEDIUM,1.82,-0.78,6,2026-08-21 00:00:00+00:00,0.0,2026-08-21 00:00:00+00:00,0.0
FIRMS_000434,10.24748,77.21574,2026-08-21,20:51,N20,VIIRS,n,N,338.27,278.81,3.35,0.43,0.46,2.0NRT,2026-08-21 00:00:00+00:00,SOURCE_0222,0.36091310788607844,True,MEDIUM,1.04,2.31,7,2026-08-21 00:00:00+00:00,0.0,2026-08-21 00:00:00+00:00,0.0
FIRMS_001051,10.24649,77.21374,2026-08-21,19:55,N21,VIIRS,n,N,324.08,269.9,4.27,0.53,0.5,2.0NRT,2026-08-21 00:00:00+00:00,SOURCE_0222,0.36091310788607844,True,MEDIUM,3.35,0.9199999999999995,8,2026-08-21 00:00:00+00:00,0.0,2026-08-21 00:00:00+00:00,0.0
FIRMS_001054,10.24561,77.22022,2026-08-21,19:55,N21,VIIRS,n,N,316.46,268.57,4.27,0.53,0.5,2.0NRT,2026-08-21 00:00:00+00:00,SOURCE_0222,0.36091310788607844,True,MEDIUM,4.27,0.0,9,2026-08-21 00:00:00+00:00,0.0,2026-08-21 00:00:00+00:00,0.0
FIRMS_001055,10.24489,77.22552,2026-08-21,19:55,N21,VIIRS,n,N,305.91,268.29,2.37,0.53,0.5,2.0NRT,2026-08-21 00:00:00+00:00,SOURCE_0222,0.36091310788607844,True,MEDIUM,4.27,-1.8999999999999995,10,2026-08-21 00:00:00+00:00,0.0,2026-08-21 00:00:00+00:00,0.0
FIRMS_000511,10.24232,77.21516,2026-08-22,20:32,N20,VIIRS,n,N,301.37,278.85,1.0,0.39,0.36,2.0NRT,2026-08-22 00:00:00+00:00,SOURCE_0222,0.36091310788607844,True,MEDIUM,2.37,-1.37,11,2026-08-21 00:00:00+00:00,1.0,2026-08-21 00:00:00+00:00,24.0
FIRMS_000512,10.23955,77.2112,2026-08-22,20:32,N20,VIIRS,n,N,300.55,279.32,1.0,0.39,0.36,2.0NRT,2026-08-22 00:00:00+00:00,SOURCE_0222,0.36091310788607844,True,MEDIUM,1.0,0.0,12,2026-08-21 00:00:00+00:00,1.0,2026-08-22 00:00:00+00:00,0.0
FIRMS_000513,10.23901,77.21459,2026-08-22,20:32,N20,VIIRS,n,N,316.59,278.66,1.0,0.39,0.36,2.0NRT,2026-08-22 00:00:00+00:00,SOURCE_0222,0.36091310788607844,True,MEDIUM,1.0,0.0,13,2026-08-21 00:00:00+00:00,1.0,2026-08-22 00:00:00+00:00,0.0
FIRMS_000404,10.09197,77.23583,2026-08-21,20:51,N20,VIIRS,n,N,313.81,274.71,1.44,0.44,0.46,2.0NRT,2026-08-21 00:00:00+00:00,SOURCE_0223,0.2337300840200212,True,LOW,,,1,2026-08-21 00:00:00+00:00,0.0,,
FIRMS_000405,10.0881,77.23328,2026-08-21,20:51,N20,VIIRS,n,N,303.94,273.18,1.44,0.44,0.46,2.0NRT,2026-08-21 00:00:00+00:00,SOURCE_0223,0.2337300840200212,True,LOW,1.44,0.0,2,2026-08-21 00:00:00+00:00,0.0,2026-08-21 00:00:00+00:00,0.0
FIRMS_001052,10.08932,77.23553,2026-08-21,19:55,N21,VIIRS,n,N,328.87,274.16,6.03,0.52,0.5,2.0NRT,2026-08-21 00:00:00+00:00,SOURCE_0223,0.2337300840200212,True,LOW,1.44,4.59,3,2026-08-21 00:00:00+00:00,0.0,2026-08-21 00:00:00+00:00,0.0
FIRMS_001053,10.08887,77.23895,2026-08-21,19:55,N21,VIIRS,n,N,301.37,273.74,2.42,0.52,0.5,2.0NRT,2026-08-21 00:00:00+00:00,SOURCE_0223,0.2337300840200212,True,LOW,6.03,-3.6100000000000003,4,2026-08-21 00:00:00+00:00,0.0,2026-08-21 00:00:00+00:00,0.0
FIRMS_001057,10.09406,77.23496,2026-08-21,19:55,N21,VIIRS,n,N,335.92,274.33,6.03,0.52,0.5,2.0NRT,2026-08-21 00:00:00+00:00,SOURCE_0223,0.2337300840200212,True,LOW,2.42,3.6100000000000003,5,2026-08-21 00:00:00+00:00,0.0,2026-08-21 00:00:00+00:00,0.0
FIRMS_001058,10.09354,77.23885,2026-08-21,19:55,N21,VIIRS,n,N,300.13,273.45,2.42,0.52,0.5,2.0NRT,2026-08-21 00:00:00+00:00,SOURCE_0223,0.2337300840200212,True,LOW,6.03,-3.6100000000000003,6,2026-08-21 00:00:00+00:00,0.0,2026-08-21 00:00:00+00:00,0.0
FIRMS_000406,9.25068,77.32387,2026-08-21,20:51,N20,VIIRS,n,N,328.2,282.69,2.05,0.46,0.47,2.0NRT,2026-08-21 00:00:00+00:00,SOURCE_0224,0.129241536692149,False,LOW,,,1,2026-08-21 00:00:00+00:00,0.0,,
FIRMS_000407,9.24611,77.32486,2026-08-21,20:51,N20,VIIRS,n,N,312.59,283.36,2.05,0.46,0.47,2.0NRT,2026-08-21 00:00:00+00:00,SOURCE_0225,0.129241536692149,False,LOW,,,1,2026-08-21 00:00:00+00:00,0.0,,
FIRMS_000410,15.34147,76.27382,2026-08-21,20:51,N20,VIIRS,n,N,319.07,288.03,1.78,0.48,0.4,2.0NRT,2026-08-21 00:00:00+00:00,SOURCE_0226,0.18705450195572657,False,LOW,,,1,2026-08-21 00:00:00+00:00,0.0,,
FIRMS_000411,15.34123,76.27532,2026-08-21,20:51,N20,VIIRS,n,N,314.56,288.28,1.74,0.48,0.4,2.0NRT,2026-08-21 00:00:00+00:00,SOURCE_0226,0.18705450195572657,False,LOW,1.78,-0.040000000000000036,2,2026-08-21 00:00:00+00:00,0.0,2026-08-21 00:00:00+00:00,0.0
FIRMS_000412,15.33759,76.27462,2026-08-21,20:51,N20,VIIRS,n,N,307.51,287.9,1.74,0.48,0.4,2.0NRT,2026-08-21 00:00:00+00:00,SOURCE_0226,0.18705450195572657,False,LOW,1.74,0.0,3,2026-08-21 00:00:00+00:00,0.0,2026-08-21 00:00:00+00:00,0.0
FIRMS_000918,15.3342,76.2842,2026-08-20,20:12,N21,VIIRS,n,N,308.27,290.18,1.35,0.53,0.42,2.0NRT,2026-08-20 00:00:00+00:00,SOURCE_0227,0.29734569018501505,True,LOW,,,1,2026-08-20 00:00:00+00:00,0.0,,
FIRMS_000919,15.33131,76.28654,2026-08-20,20:12,N21,VIIRS,n,N,307.73,290.18,1.93,0.53,0.42,2.0NRT,2026-08-20 00:00:00+00:00,SOURCE_0227,0.29734569018501505,True,LOW,1.35,0.5799999999999998,2,2026-08-20 00:00:00+00:00,0.0,2026-08-20 00:00:00+00:00,0.0
FIRMS_000413,15.33529,76.28797,2026-08-21,20:51,N20,VIIRS,n,N,301.39,287.79,0.81,0.48,0.4,2.0NRT,2026-08-21 00:00:00+00:00,SOURCE_0227,0.29734569018501505,True,LOW,1.93,-1.1199999999999999,3,2026-08-20 00:00:00+00:00,1.0,2026-08-20 00:00:00+00:00,24.0
FIRMS_001043,15.33372,76.2864,2026-08-21,19:53,N21,VIIRS,n,N,298.59,280.53,0.61,0.36,0.57,2.0NRT,2026-08-21 00:00:00+00:00,SOURCE_0227,0.29734569018501505,True,LOW,0.81,-0.20000000000000007,4,2026-08-20 00:00:00+00:00,1.0,2026-08-21 00:00:00+00:00,0.0
FIRMS_001045,15.33343,76.28597,2026-08-21,19:53,N21,VIIRS,n,N,296.04,280.46,0.47,0.36,0.57,2.0NRT,2026-08-21 00:00:00+00:00,SOURCE_0227,0.29734569018501505,True,LOW,0.61,-0.14,5,2026-08-20 00:00:00+00:00,1.0,2026-08-21 00:00:00+00:00,0.0
FIRMS_000414,15.0239,78.01542,2026-08-21,20:51,N20,VIIRS,n,N,303.84,280.19,0.69,0.41,0.45,2.0NRT,2026-08-21 00:00:00+00:00,SOURCE_0228,0.18705450195572657,False,LOW,,,1,2026-08-21 00:00:00+00:00,0.0,,
FIRMS_001034,15.02195,78.01622,2026-08-21,19:53,N21,VIIRS,n,N,304.53,287.99,1.8,0.54,0.51,2.0NRT,2026-08-21 00:00:00+00:00,SOURCE_0228,0.18705450195572657,False,LOW,0.69,1.11,2,2026-08-21 00:00:00+00:00,0.0,2026-08-21 00:00:00+00:00,0.0
FIRMS_001035,15.02365,78.01412,2026-08-21,19:53,N21,VIIRS,n,N,306.23,288.0,1.89,0.54,0.51,2.0NRT,2026-08-21 00:00:00+00:00,SOURCE_0228,0.18705450195572657,False,LOW,1.8,0.08999999999999986,3,2026-08-21 00:00:00+00:00,0.0,2026-08-21 00:00:00+00:00,0.0
FIRMS_000417,15.226,76.76328,2026-08-21,20:51,N20,VIIRS,n,N,314.41,286.96,1.85,0.51,0.41,2.0NRT,2026-08-21 00:00:00+00:00,SOURCE_0229,0.129241536692149,False,LOW,,,1,2026-08-21 00:00:00+00:00,0.0,,
FIRMS_000418,15.65858,73.9884,2026-08-21,20:51,N20,VIIRS,n,N,298.11,285.78,0.84,0.4,0.37,2.0NRT,2026-08-21 00:00:00+00:00,SOURCE_0230,0.129241536692149,False,LOW,,,1,2026-08-21 00:00:00+00:00,0.0,,
FIRMS_000421,15.18605,76.63982,2026-08-21,20:51,N20,VIIRS,n,N,311.57,289.8,2.21,0.51,0.41,2.0NRT,2026-08-21 00:00:00+00:00,SOURCE_0231,0.129241536692149,False,LOW,,,1,2026-08-21 00:00:00+00:00,0.0,,
FIRMS_000426,15.17318,76.69025,2026-08-21,20:51,N20,VIIRS,n,N,309.94,290.03,1.05,0.51,0.41,2.0NRT,2026-08-21 00:00:00+00:00,SOURCE_0232,0.129241536692149,False,LOW,,,1,2026-08-21 00:00:00+00:00,0.0,,
FIRMS_000428,15.17028,76.68485,2026-08-21,20:51,N20,VIIRS,n,N,304.26,290.14,0.55,0.51,0.41,2.0NRT,2026-08-21 00:00:00+00:00,SOURCE_0233,0.129241536692149,False,LOW,,,1,2026-08-21 00:00:00+00:00,0.0,,
FIRMS_000429,15.16905,76.6702,2026-08-21,20:51,N20,VIIRS,n,N,304.24,290.75,1.59,0.51,0.41,2.0NRT,2026-08-21 00:00:00+00:00,SOURCE_0234,0.129241536692149,False,LOW,,,1,2026-08-21 00:00:00+00:00,0.0,,
FIRMS_000431,15.072,76.86435,2026-08-21,20:51,N20,VIIRS,n,N,304.88,290.77,1.57,0.52,0.42,2.0NRT,2026-08-21 00:00:00+00:00,SOURCE_0235,0.16305995342683668,False,LOW,,,1,2026-08-21 00:00:00+00:00,0.0,,
FIRMS_001030,15.06977,76.86726,2026-08-21,19:53,N21,VIIRS,n,N,303.67,288.87,1.0,0.32,0.55,2.0NRT,2026-08-21 00:00:00+00:00,SOURCE_0235,0.16305995342683668,False,LOW,1.57,-0.5700000000000001,2,2026-08-21 00:00:00+00:00,0.0,2026-08-21 00:00:00+00:00,0.0
FIRMS_000435,9.20352,78.30371,2026-08-22,07:56,N20,VIIRS,n,D,333.68,302.82,1.62,0.5,0.41,2.0NRT,2026-08-22 00:00:00+00:00,SOURCE_0236,0.129241536692149,False,LOW,,,1,2026-08-22 00:00:00+00:00,0.0,,
FIRMS_000436,9.2829,77.33524,2026-08-22,07:56,N20,VIIRS,n,D,345.97,294.58,17.53,0.57,0.43,2.0NRT,2026-08-22 00:00:00+00:00,SOURCE_0237,0.16305995342683668,False,LOW,,,1,2026-08-22 00:00:00+00:00,0.0,,
FIRMS_000437,9.28679,77.33433,2026-08-22,07:56,N20,VIIRS,n,D,330.81,293.38,6.25,0.57,0.43,2.0NRT,2026-08-22 00:00:00+00:00,SOURCE_0237,0.16305995342683668,False,LOW,17.53,-11.280000000000001,2,2026-08-22 00:00:00+00:00,0.0,2026-08-22 00:00:00+00:00,0.0
FIRMS_000438,9.29291,77.32247,2026-08-22,07:56,N20,VIIRS,n,D,336.47,293.93,11.93,0.57,0.43,2.0NRT,2026-08-22 00:00:00+00:00,SOURCE_0238,0.129241536692149,False,LOW,,,1,2026-08-22 00:00:00+00:00,0.0,,
FIRMS_000439,9.2991,77.3353,2026-08-22,07:56,N20,VIIRS,n,D,337.3,294.32,5.79,0.57,0.43,2.0NRT,2026-08-22 00:00:00+00:00,SOURCE_0239,0.129241536692149,False,LOW,,,1,2026-08-22 00:00:00+00:00,0.0,,
FIRMS_000440,10.95061,76.98169,2026-08-22,07:56,N20,VIIRS,n,D,331.47,290.59,2.18,0.56,0.43,2.0NRT,2026-08-22 00:00:00+00:00,SOURCE_0240,0.129241536692149,False,LOW,,,1,2026-08-22 00:00:00+00:00,0.0,,
FIRMS_000441,11.32219,78.36883,2026-08-22,07:56,N20,VIIRS,n,D,334.58,297.03,10.39,0.47,0.4,2.0NRT,2026-08-22 00:00:00+00:00,SOURCE_0241,0.129241536692149,False,LOW,,,1,2026-08-22 00:00:00+00:00,0.0,,
FIRMS_000442,11.77874,79.49855,2026-08-22,07:56,N20,VIIRS,l,D,330.79,296.19,3.48,0.42,0.37,2.0NRT,2026-08-22 00:00:00+00:00,SOURCE_0242,0.129241536692149,False,LOW,,,1,2026-08-22 00:00:00+00:00,0.0,,
FIRMS_000443,11.72647,78.68995,2026-08-22,07:56,N20,VIIRS,n,D,333.28,299.04,3.48,0.45,0.39,2.0NRT,2026-08-22 00:00:00+00:00,SOURCE_0243,0.129241536692149,False,LOW,,,1,2026-08-22 00:00:00+00:00,0.0,,
FIRMS_000444,12.45388,79.08898,2026-08-22,07:56,N20,VIIRS,l,D,334.18,305.99,3.62,0.42,0.38,2.0NRT,2026-08-22 00:00:00+00:00,SOURCE_0244,0.129241536692149,False,LOW,,,1,2026-08-22 00:00:00+00:00,0.0,,
FIRMS_000445,15.20262,77.16927,2026-08-22,07:58,N20,VIIRS,l,D,336.63,297.13,11.0,0.48,0.4,2.0NRT,2026-08-22 00:00:00+00:00,SOURCE_0245,0.18705450195572657,False,LOW,,,1,2026-08-22 00:00:00+00:00,0.0,,
FIRMS_000446,15.20626,77.16861,2026-08-22,07:58,N20,VIIRS,l,D,336.29,295.59,8.04,0.48,0.4,2.0NRT,2026-08-22 00:00:00+00:00,SOURCE_0245,0.18705450195572657,False,LOW,11.0,-2.960000000000001,2,2026-08-22 00:00:00+00:00,0.0,2026-08-22 00:00:00+00:00,0.0
FIRMS_000447,15.2055,77.16421,2026-08-22,07:58,N20,VIIRS,n,D,342.71,297.27,11.1,0.48,0.4,2.0NRT,2026-08-22 00:00:00+00:00,SOURCE_0245,0.18705450195572657,False,LOW,8.04,3.0600000000000005,3,2026-08-22 00:00:00+00:00,0.0,2026-08-22 00:00:00+00:00,0.0
FIRMS_000448,27.42161,70.90594,2026-08-22,08:01,N20,VIIRS,n,D,342.23,303.25,4.14,0.46,0.47,2.0NRT,2026-08-22 00:00:00+00:00,SOURCE_0246,0.129241536692149,False,LOW,,,1,2026-08-22 00:00:00+00:00,0.0,,
FIRMS_000449,27.43431,70.793,2026-08-22,08:01,N20,VIIRS,n,D,336.22,303.02,4.25,0.46,0.47,2.0NRT,2026-08-22 00:00:00+00:00,SOURCE_0247,0.129241536692149,False,LOW,,,1,2026-08-22 00:00:00+00:00,0.0,,
FIRMS_000450,29.45857,76.8695,2026-08-22,08:01,N20,VIIRS,n,D,339.11,296.9,29.94,0.38,0.36,2.0NRT,2026-08-22 00:00:00+00:00,SOURCE_0248,0.38062946337047476,True,MEDIUM,,,1,2026-08-22 00:00:00+00:00,0.0,,
FIRMS_000451,29.46125,76.86491,2026-08-22,08:01,N20,VIIRS,n,D,337.25,297.42,29.94,0.38,0.36,2.0NRT,2026-08-22 00:00:00+00:00,SOURCE_0248,0.38062946337047476,True,MEDIUM,29.94,0.0,2,2026-08-22 00:00:00+00:00,0.0,2026-08-22 00:00:00+00:00,0.0
FIRMS_000453,29.4581,76.86677,2026-08-22,20:25,N20,VIIRS,n,N,312.68,291.19,3.32,0.49,0.4,2.0NRT,2026-08-22 00:00:00+00:00,SOURCE_0248,0.38062946337047476,True,MEDIUM,29.94,-26.62,3,2026-08-22 00:00:00+00:00,0.0,2026-08-22 00:00:00+00:00,0.0
FIRMS_001068,29.46,76.86426,2026-08-22,07:05,N21,VIIRS,h,D,367.0,290.49,52.02,0.53,0.67,2.0NRT,2026-08-22 00:00:00+00:00,SOURCE_0248,0.38062946337047476,True,MEDIUM,3.32,48.7,4,2026-08-22 00:00:00+00:00,0.0,2026-08-22 00:00:00+00:00,0.0
FIRMS_001069,29.45864,76.85911,2026-08-22,07:05,N21,VIIRS,n,D,330.26,290.01,30.37,0.53,0.67,2.0NRT,2026-08-22 00:00:00+00:00,SOURCE_0248,0.38062946337047476,True,MEDIUM,52.02,-21.650000000000002,5,2026-08-22 00:00:00+00:00,0.0,2026-08-22 00:00:00+00:00,0.0
FIRMS_001071,29.45838,76.86343,2026-08-22,07:05,N21,VIIRS,h,D,367.0,291.86,44.95,0.53,0.67,2.0NRT,2026-08-22 00:00:00+00:00,SOURCE_0248,0.38062946337047476,True,MEDIUM,30.37,14.580000000000002,6,2026-08-22 00:00:00+00:00,0.0,2026-08-22 00:00:00+00:00,0.0
FIRMS_001077,29.45525,76.87004,2026-08-22,08:45,N21,VIIRS,n,D,329.19,292.01,9.06,0.49,0.65,2.0NRT,2026-08-22 00:00:00+00:00,SOURCE_0248,0.38062946337047476,True,MEDIUM,44.95,-35.89,7,2026-08-22 00:00:00+00:00,0.0,2026-08-22 00:00:00+00:00,0.0
FIRMS_001078,29.45792,76.86768,2026-08-22,08:45,N21,VIIRS,n,D,352.46,292.96,24.83,0.49,0.65,2.0NRT,2026-08-22 00:00:00+00:00,SOURCE_0248,0.38062946337047476,True,MEDIUM,9.06,15.769999999999998,8,2026-08-22 00:00:00+00:00,0.0,2026-08-22 00:00:00+00:00,0.0
FIRMS_001079,29.45823,76.87273,2026-08-22,08:45,N21,VIIRS,n,D,350.27,291.98,24.83,0.49,0.65,2.0NRT,2026-08-22 00:00:00+00:00,SOURCE_0248,0.38062946337047476,True,MEDIUM,24.83,0.0,9,2026-08-22 00:00:00+00:00,0.0,2026-08-22 00:00:00+00:00,0.0
FIRMS_001080,29.45762,76.86265,2026-08-22,08:45,N21,VIIRS,n,D,329.18,292.79,12.13,0.49,0.65,2.0NRT,2026-08-22 00:00:00+00:00,SOURCE_0248,0.38062946337047476,True,MEDIUM,24.83,-12.699999999999998,10,2026-08-22 00:00:00+00:00,0.0,2026-08-22 00:00:00+00:00,0.0
FIRMS_000537,29.45724,76.86423,2026-08-23,07:41,N20,VIIRS,n,D,336.34,295.68,5.74,0.54,0.42,2.0NRT,2026-08-23 00:00:00+00:00,SOURCE_0248,0.38062946337047476,True,MEDIUM,12.13,-6.390000000000001,11,2026-08-22 00:00:00+00:00,1.0,2026-08-22 00:00:00+00:00,24.0
FIRMS_000538,29.45937,76.86541,2026-08-23,07:41,N20,VIIRS,n,D,330.47,295.22,1.98,0.54,0.42,2.0NRT,2026-08-23 00:00:00+00:00,SOURCE_0248,0.38062946337047476,True,MEDIUM,5.74,-3.7600000000000002,12,2026-08-22 00:00:00+00:00,1.0,2026-08-23 00:00:00+00:00,0.0
FIRMS_000573,29.46107,76.86459,2026-08-23,20:08,N20,VIIRS,n,N,308.59,290.43,3.9,0.6,0.53,2.0NRT,2026-08-23 00:00:00+00:00,SOURCE_0248,0.38062946337047476,True,MEDIUM,1.98,1.92,13,2026-08-22 00:00:00+00:00,1.0,2026-08-23 00:00:00+00:00,0.0
FIRMS_000574,29.45618,76.86398,2026-08-23,20:08,N20,VIIRS,n,N,333.18,290.69,3.9,0.6,0.53,2.0NRT,2026-08-23 00:00:00+00:00,SOURCE_0248,0.38062946337047476,True,MEDIUM,3.9,0.0,14,2026-08-22 00:00:00+00:00,1.0,2026-08-23 00:00:00+00:00,0.0
FIRMS_000576,29.45866,76.86417,2026-08-23,20:08,N20,VIIRS,n,N,337.19,290.59,6.75,0.6,0.53,2.0NRT,2026-08-23 00:00:00+00:00,SOURCE_0248,0.38062946337047476,True,MEDIUM,3.9,2.85,15,2026-08-22 00:00:00+00:00,1.0,2026-08-23 00:00:00+00:00,0.0
FIRMS_001196,29.45938,76.8674,2026-08-23,08:28,N21,VIIRS,n,D,332.56,293.24,3.56,0.5,0.49,2.0NRT,2026-08-23 00:00:00+00:00,SOURCE_0248,0.38062946337047476,True,MEDIUM,6.75,-3.19,16,2026-08-22 00:00:00+00:00,1.0,2026-08-23 00:00:00+00:00,0.0
FIRMS_001238,29.45481,76.86952,2026-08-23,20:53,N21,VIIRS,n,N,332.79,292.29,4.23,0.47,0.4,2.0NRT,2026-08-23 00:00:00+00:00,SOURCE_0248,0.38062946337047476,True,MEDIUM,3.56,0.6700000000000004,17,2026-08-22 00:00:00+00:00,1.0,2026-08-23 00:00:00+00:00,0.0
FIRMS_000452,27.32765,95.27467,2026-08-22,18:45,N20,VIIRS,n,N,308.85,287.34,3.06,0.39,0.59,2.0NRT,2026-08-22 00:00:00+00:00,SOURCE_0249,0.25067010812072044,True,LOW,,,1,2026-08-22 00:00:00+00:00,0.0,,
FIRMS_000571,27.32492,95.27525,2026-08-23,20:08,N20,VIIRS,n,N,299.75,268.02,0.65,0.36,0.57,2.0NRT,2026-08-23 00:00:00+00:00,SOURCE_0249,0.25067010812072044,True,LOW,3.06,-2.41,2,2026-08-22 00:00:00+00:00,1.0,2026-08-22 00:00:00+00:00,24.0
FIRMS_000454,28.33879,77.21997,2026-08-22,20:25,N20,VIIRS,n,N,300.38,282.62,0.61,0.46,0.39,2.0NRT,2026-08-22 00:00:00+00:00,SOURCE_0250,0.129241536692149,False,LOW,,,1,2026-08-22 00:00:00+00:00,0.0,,
FIRMS_001061,26.25637,74.09545,2026-08-21,21:31,N21,VIIRS,n,N,295.33,268.73,0.37,0.44,0.62,2.0NRT,2026-08-21 00:00:00+00:00,SOURCE_0251,0.5121388687449561,True,MEDIUM,,,1,2026-08-21 00:00:00+00:00,0.0,,
FIRMS_000455,26.25696,74.09583,2026-08-22,20:27,N20,VIIRS,n,N,299.44,286.73,0.22,0.42,0.45,2.0NRT,2026-08-22 00:00:00+00:00,SOURCE_0251,0.5121388687449561,True,MEDIUM,0.37,-0.15,2,2026-08-21 00:00:00+00:00,1.0,2026-08-21 00:00:00+00:00,24.0
FIRMS_001156,26.25694,74.09481,2026-08-22,21:12,N21,VIIRS,n,N,309.59,293.38,1.3,0.45,0.47,2.0NRT,2026-08-22 00:00:00+00:00,SOURCE_0251,0.5121388687449561,True,MEDIUM,0.22,1.08,3,2026-08-21 00:00:00+00:00,1.0,2026-08-22 00:00:00+00:00,0.0
FIRMS_001251,26.25788,74.09489,2026-08-23,20:55,N21,VIIRS,n,N,310.07,292.99,1.23,0.41,0.37,2.0NRT,2026-08-23 00:00:00+00:00,SOURCE_0251,0.5121388687449561,True,MEDIUM,1.3,-0.07000000000000006,4,2026-08-21 00:00:00+00:00,2.0,2026-08-22 00:00:00+00:00,24.0
FIRMS_000622,26.25711,74.09373,2026-08-24,21:29,N20,VIIRS,n,N,303.31,290.28,0.65,0.35,0.57,2.0NRT,2026-08-24 00:00:00+00:00,SOURCE_0251,0.5121388687449561,True,MEDIUM,1.23,-0.58,5,2026-08-21 00:00:00+00:00,3.0,2026-08-23 00:00:00+00:00,24.0
FIRMS_001294,26.25869,74.09478,2026-08-24,20:34,N21,VIIRS,n,N,306.44,293.61,1.29,0.44,0.38,2.0NRT,2026-08-24 00:00:00+00:00,SOURCE_0251,0.5121388687449561,True,MEDIUM,0.65,0.64,6,2026-08-21 00:00:00+00:00,3.0,2026-08-24 00:00:00+00:00,0.0
FIRMS_000459,23.78159,86.345,2026-08-22,20:27,N20,VIIRS,n,N,305.43,276.18,1.65,0.47,0.48,2.0NRT,2026-08-22 00:00:00+00:00,SOURCE_0252,0.25067010812072044,True,LOW,,,1,2026-08-22 00:00:00+00:00,0.0,,
FIRMS_001259,23.77993,86.34556,2026-08-23,20:55,N21,VIIRS,n,N,297.78,268.37,1.34,0.73,0.76,2.0NRT,2026-08-23 00:00:00+00:00,SOURCE_0252,0.25067010812072044,True,LOW,1.65,-0.30999999999999983,2,2026-08-22 00:00:00+00:00,1.0,2026-08-22 00:00:00+00:00,24.0
FIRMS_000461,23.79524,86.23467,2026-08-22,20:27,N20,VIIRS,n,N,300.12,274.38,0.42,0.47,0.47,2.0NRT,2026-08-22 00:00:00+00:00,SOURCE_0253,0.129241536692149,False,LOW,,,1,2026-08-22 00:00:00+00:00,0.0,,
FIRMS_000700,23.7806,86.2069,2026-08-19,20:27,N21,VIIRS,n,N,313.86,285.35,3.24,0.58,0.52,2.0NRT,2026-08-19 00:00:00+00:00,SOURCE_0254,0.6541571699029195,True,HIGH,,,1,2026-08-19 00:00:00+00:00,0.0,,
FIRMS_000701,23.77945,86.21242,2026-08-19,20:27,N21,VIIRS,n,N,307.59,285.49,3.24,0.58,0.52,2.0NRT,2026-08-19 00:00:00+00:00,SOURCE_0254,0.6541571699029195,True,HIGH,3.24,0.0,2,2026-08-19 00:00:00+00:00,0.0,2026-08-19 00:00:00+00:00,0.0
FIRMS_000817,23.77916,86.21287,2026-08-20,07:41,N21,VIIRS,n,D,333.94,296.94,5.8,0.51,0.41,2.0NRT,2026-08-20 00:00:00+00:00,SOURCE_0254,0.6541571699029195,True,HIGH,3.24,2.5599999999999996,3,2026-08-19 00:00:00+00:00,1.0,2026-08-19 00:00:00+00:00,24.0
FIRMS_000818,23.77984,86.21015,2026-08-20,07:41,N21,VIIRS,n,D,338.66,298.09,9.99,0.51,0.41,2.0NRT,2026-08-20 00:00:00+00:00,SOURCE_0254,0.6541571699029195,True,HIGH,5.8,4.19,4,2026-08-19 00:00:00+00:00,1.0,2026-08-20 00:00:00+00:00,0.0
FIRMS_000967,23.77802,86.21037,2026-08-21,07:22,N21,VIIRS,n,D,333.93,295.58,4.46,0.39,0.36,2.0NRT,2026-08-21 00:00:00+00:00,SOURCE_0254,0.6541571699029195,True,HIGH,9.99,-5.53,5,2026-08-19 00:00:00+00:00,2.0,2026-08-20 00:00:00+00:00,24.0
FIRMS_000989,23.7813,86.20977,2026-08-21,07:24,N21,VIIRS,n,D,339.27,296.76,4.46,0.39,0.36,2.0NRT,2026-08-21 00:00:00+00:00,SOURCE_0254,0.6541571699029195,True,HIGH,4.46,0.0,6,2026-08-19 00:00:00+00:00,2.0,2026-08-21 00:00:00+00:00,0.0
FIRMS_000463,23.78274,86.20814,2026-08-22,20:27,N20,VIIRS,n,N,314.32,274.92,1.46,0.46,0.47,2.0NRT,2026-08-22 00:00:00+00:00,SOURCE_0254,0.6541571699029195,True,HIGH,4.46,-3.0,7,2026-08-19 00:00:00+00:00,3.0,2026-08-21 00:00:00+00:00,24.0
FIRMS_000466,23.7804,86.20914,2026-08-22,20:27,N20,VIIRS,n,N,318.35,275.53,2.25,0.46,0.47,2.0NRT,2026-08-22 00:00:00+00:00,SOURCE_0254,0.6541571699029195,True,HIGH,1.46,0.79,8,2026-08-19 00:00:00+00:00,3.0,2026-08-22 00:00:00+00:00,0.0
FIRMS_001086,23.78165,86.20951,2026-08-22,19:32,N21,VIIRS,n,N,308.3,283.19,1.8,0.42,0.45,2.0NRT,2026-08-22 00:00:00+00:00,SOURCE_0254,0.6541571699029195,True,HIGH,2.25,-0.44999999999999996,9,2026-08-19 00:00:00+00:00,3.0,2026-08-22 00:00:00+00:00,0.0
FIRMS_001089,23.77748,86.20891,2026-08-22,19:32,N21,VIIRS,n,N,307.56,283.22,1.8,0.42,0.45,2.0NRT,2026-08-22 00:00:00+00:00,SOURCE_0254,0.6541571699029195,True,HIGH,1.8,0.0,10,2026-08-19 00:00:00+00:00,3.0,2026-08-22 00:00:00+00:00,0.0
FIRMS_000534,23.78134,86.21207,2026-08-23,07:39,N20,VIIRS,n,D,330.46,294.77,2.2,0.44,0.38,2.0NRT,2026-08-23 00:00:00+00:00,SOURCE_0254,0.6541571699029195,True,HIGH,1.8,0.40000000000000013,11,2026-08-19 00:00:00+00:00,4.0,2026-08-22 00:00:00+00:00,24.0
FIRMS_000835,23.7559,85.85481,2026-08-20,20:10,N21,VIIRS,n,N,313.75,291.47,3.42,0.45,0.39,2.0NRT,2026-08-20 00:00:00+00:00,SOURCE_0255,0.41470484584527456,True,MEDIUM,,,1,2026-08-20 00:00:00+00:00,0.0,,
FIRMS_000876,23.75942,85.85556,2026-08-20,20:10,N21,VIIRS,n,N,309.48,290.62,2.06,0.45,0.39,2.0NRT,2026-08-20 00:00:00+00:00,SOURCE_0255,0.41470484584527456,True,MEDIUM,3.42,-1.3599999999999999,2,2026-08-20 00:00:00+00:00,0.0,2026-08-20 00:00:00+00:00,0.0
FIRMS_000877,23.75665,85.85047,2026-08-20,20:10,N21,VIIRS,n,N,309.93,290.4,2.03,0.45,0.39,2.0NRT,2026-08-20 00:00:00+00:00,SOURCE_0255,0.41470484584527456,True,MEDIUM,2.06,-0.03000000000000025,3,2026-08-20 00:00:00+00:00,0.0,2026-08-20 00:00:00+00:00,0.0
FIRMS_000990,23.75637,85.85545,2026-08-21,07:24,N21,VIIRS,l,D,331.17,298.73,9.23,0.39,0.36,2.0NRT,2026-08-21 00:00:00+00:00,SOURCE_0255,0.41470484584527456,True,MEDIUM,2.03,7.200000000000001,4,2026-08-20 00:00:00+00:00,1.0,2026-08-20 00:00:00+00:00,24.0
FIRMS_000470,23.75904,85.8523,2026-08-22,20:27,N20,VIIRS,n,N,301.91,277.38,1.26,0.44,0.46,2.0NRT,2026-08-22 00:00:00+00:00,SOURCE_0255,0.41470484584527456,True,MEDIUM,9.23,-7.970000000000001,5,2026-08-20 00:00:00+00:00,2.0,2026-08-21 00:00:00+00:00,24.0
FIRMS_000471,23.75485,85.85135,2026-08-22,20:27,N20,VIIRS,n,N,305.09,277.75,1.26,0.44,0.46,2.0NRT,2026-08-22 00:00:00+00:00,SOURCE_0255,0.41470484584527456,True,MEDIUM,1.26,0.0,6,2026-08-20 00:00:00+00:00,2.0,2026-08-22 00:00:00+00:00,0.0
FIRMS_001104,23.75422,85.85241,2026-08-22,19:32,N21,VIIRS,n,N,313.16,283.22,1.81,0.45,0.47,2.0NRT,2026-08-22 00:00:00+00:00,SOURCE_0255,0.41470484584527456,True,MEDIUM,1.26,0.55,7,2026-08-20 00:00:00+00:00,2.0,2026-08-22 00:00:00+00:00,0.0
FIRMS_000837,23.78648,85.55334,2026-08-20,20:10,N21,VIIRS,n,N,317.54,289.69,2.36,0.44,0.38,2.0NRT,2026-08-20 00:00:00+00:00,SOURCE_0256,0.3720986795492919,True,MEDIUM,,,1,2026-08-20 00:00:00+00:00,0.0,,
FIRMS_000987,23.78723,85.55419,2026-08-21,07:24,N21,VIIRS,l,D,331.56,297.75,5.91,0.39,0.36,2.0NRT,2026-08-21 00:00:00+00:00,SOURCE_0256,0.3720986795492919,True,MEDIUM,2.36,3.5500000000000003,2,2026-08-20 00:00:00+00:00,1.0,2026-08-20 00:00:00+00:00,24.0
FIRMS_000472,23.78721,85.55401,2026-08-22,20:27,N20,VIIRS,n,N,307.75,278.23,0.8,0.42,0.46,2.0NRT,2026-08-22 00:00:00+00:00,SOURCE_0256,0.3720986795492919,True,MEDIUM,5.91,-5.11,3,2026-08-20 00:00:00+00:00,2.0,2026-08-21 00:00:00+00:00,24.0
FIRMS_000473,23.6965,85.3699,2026-08-22,20:27,N20,VIIRS,n,N,313.84,280.59,1.61,0.42,0.45,2.0NRT,2026-08-22 00:00:00+00:00,SOURCE_0257,0.129241536692149,False,LOW,,,1,2026-08-22 00:00:00+00:00,0.0,,
FIRMS_000475,23.74177,85.00876,2026-08-22,20:27,N20,VIIRS,n,N,306.46,283.42,1.97,0.4,0.44,2.0NRT,2026-08-22 00:00:00+00:00,SOURCE_0258,0.129241536692149,False,LOW,,,1,2026-08-22 00:00:00+00:00,0.0,,
FIRMS_000477,23.72109,85.00806,2026-08-22,20:27,N20,VIIRS,n,N,305.36,282.85,0.74,0.4,0.44,2.0NRT,2026-08-22 00:00:00+00:00,SOURCE_0259,0.129241536692149,False,LOW,,,1,2026-08-22 00:00:00+00:00,0.0,,
FIRMS_000479,22.87493,86.06339,2026-08-22,20:27,N20,VIIRS,n,N,307.34,276.88,0.99,0.47,0.48,2.0NRT,2026-08-22 00:00:00+00:00,SOURCE_0260,0.16305995342683668,False,LOW,,,1,2026-08-22 00:00:00+00:00,0.0,,
FIRMS_001143,22.87479,86.06349,2026-08-22,19:32,N21,VIIRS,n,N,310.39,278.8,1.19,0.42,0.45,2.0NRT,2026-08-22 00:00:00+00:00,SOURCE_0260,0.16305995342683668,False,LOW,0.99,0.19999999999999996,2,2026-08-22 00:00:00+00:00,0.0,2026-08-22 00:00:00+00:00,0.0
FIRMS_000480,22.80076,86.0909,2026-08-22,20:27,N20,VIIRS,n,N,311.78,282.33,2.11,0.48,0.48,2.0NRT,2026-08-22 00:00:00+00:00,SOURCE_0261,0.16305995342683668,False,LOW,,,1,2026-08-22 00:00:00+00:00,0.0,,
FIRMS_001146,22.79764,86.09138,2026-08-22,19:32,N21,VIIRS,n,N,299.01,274.78,1.16,0.42,0.45,2.0NRT,2026-08-22 00:00:00+00:00,SOURCE_0261,0.16305995342683668,False,LOW,2.11,-0.95,2,2026-08-22 00:00:00+00:00,0.0,2026-08-22 00:00:00+00:00,0.0
FIRMS_000481,24.661,74.63132,2026-08-22,20:27,N20,VIIRS,n,N,303.41,290.51,1.23,0.56,0.43,2.0NRT,2026-08-22 00:00:00+00:00,SOURCE_0262,0.2844885248554081,True,LOW,,,1,2026-08-22 00:00:00+00:00,0.0,,
FIRMS_001159,24.66185,74.63312,2026-08-22,21:12,N21,VIIRS,n,N,307.91,292.76,2.01,0.52,0.5,2.0NRT,2026-08-22 00:00:00+00:00,SOURCE_0262,0.2844885248554081,True,LOW,1.23,0.7799999999999998,2,2026-08-22 00:00:00+00:00,0.0,2026-08-22 00:00:00+00:00,0.0
FIRMS_000560,24.66104,74.63218,2026-08-23,20:08,N20,VIIRS,n,N,300.17,287.28,1.07,0.36,0.58,2.0NRT,2026-08-23 00:00:00+00:00,SOURCE_0262,0.2844885248554081,True,LOW,2.01,-0.9399999999999997,3,2026-08-22 00:00:00+00:00,1.0,2026-08-22 00:00:00+00:00,24.0
FIRMS_000561,24.66073,74.6358,2026-08-23,20:08,N20,VIIRS,n,N,299.51,287.08,1.07,0.36,0.58,2.0NRT,2026-08-23 00:00:00+00:00,SOURCE_0262,0.2844885248554081,True,LOW,1.07,0.0,4,2026-08-22 00:00:00+00:00,1.0,2026-08-23 00:00:00+00:00,0.0
FIRMS_000482,22.13482,85.38378,2026-08-22,20:27,N20,VIIRS,n,N,296.32,272.94,0.5,0.44,0.46,2.0NRT,2026-08-22 00:00:00+00:00,SOURCE_0263,0.129241536692149,False,LOW,,,1,2026-08-22 00:00:00+00:00,0.0,,
FIRMS_000483,22.3208,82.56306,2026-08-22,20:27,N20,VIIRS,n,N,301.62,271.16,0.68,0.47,0.39,2.0NRT,2026-08-22 00:00:00+00:00,SOURCE_0264,0.16305995342683668,False,LOW,,,1,2026-08-22 00:00:00+00:00,0.0,,
FIRMS_000484,22.32,82.56749,2026-08-22,20:27,N20,VIIRS,n,N,298.3,270.71,0.68,0.47,0.39,2.0NRT,2026-08-22 00:00:00+00:00,SOURCE_0264,0.16305995342683668,False,LOW,0.68,0.0,2,2026-08-22 00:00:00+00:00,0.0,2026-08-22 00:00:00+00:00,0.0
FIRMS_000485,22.01529,83.75329,2026-08-22,20:27,N20,VIIRS,n,N,305.48,286.03,1.78,0.54,0.42,2.0NRT,2026-08-22 00:00:00+00:00,SOURCE_0265,0.129241536692149,False,LOW,,,1,2026-08-22 00:00:00+00:00,0.0,,
FIRMS_000486,21.92231,83.34942,2026-08-22,20:27,N20,VIIRS,n,N,303.87,283.87,1.9,0.51,0.41,2.0NRT,2026-08-22 00:00:00+00:00,SOURCE_0266,0.129241536692149,False,LOW,,,1,2026-08-22 00:00:00+00:00,0.0,,
FIRMS_001018,22.00436,82.67083,2026-08-21,19:51,N21,VIIRS,n,N,309.23,290.14,2.28,0.52,0.41,2.0NRT,2026-08-21 00:00:00+00:00,SOURCE_0267,0.2692817258878132,True,LOW,,,1,2026-08-21 00:00:00+00:00,0.0,,
FIRMS_000487,22.00384,82.66708,2026-08-22,20:27,N20,VIIRS,n,N,303.09,276.74,1.15,0.48,0.4,2.0NRT,2026-08-22 00:00:00+00:00,SOURCE_0267,0.2692817258878132,True,LOW,2.28,-1.13,2,2026-08-21 00:00:00+00:00,1.0,2026-08-21 00:00:00+00:00,24.0
FIRMS_000488,22.00303,82.67159,2026-08-22,20:27,N20,VIIRS,n,N,297.66,273.93,0.95,0.48,0.4,2.0NRT,2026-08-22 00:00:00+00:00,SOURCE_0267,0.2692817258878132,True,LOW,1.15,-0.19999999999999996,3,2026-08-21 00:00:00+00:00,1.0,2026-08-22 00:00:00+00:00,0.0
FIRMS_000489,21.75515,83.8454,2026-08-22,20:27,N20,VIIRS,n,N,296.76,282.97,1.12,0.55,0.43,2.0NRT,2026-08-22 00:00:00+00:00,SOURCE_0268,0.129241536692149,False,LOW,,,1,2026-08-22 00:00:00+00:00,0.0,,
FIRMS_000490,21.00268,86.02658,2026-08-22,20:27,N20,VIIRS,n,N,302.8,274.23,1.06,0.51,0.49,2.0NRT,2026-08-22 00:00:00+00:00,SOURCE_0269,0.129241536692149,False,LOW,,,1,2026-08-22 00:00:00+00:00,0.0,,
FIRMS_000491,20.96992,86.00403,2026-08-22,20:27,N20,VIIRS,n,N,304.73,274.33,0.91,0.51,0.49,2.0NRT,2026-08-22 00:00:00+00:00,SOURCE_0270,0.18705450195572657,False,LOW,,,1,2026-08-22 00:00:00+00:00,0.0,,
FIRMS_000493,20.96815,86.00194,2026-08-22,20:27,N20,VIIRS,n,N,305.77,275.25,1.79,0.51,0.49,2.0NRT,2026-08-22 00:00:00+00:00,SOURCE_0270,0.18705450195572657,False,LOW,0.91,0.88,2,2026-08-22 00:00:00+00:00,0.0,2026-08-22 00:00:00+00:00,0.0
FIRMS_001149,20.97333,86.00673,2026-08-22,19:32,N21,VIIRS,n,N,303.25,276.26,1.48,0.4,0.44,2.0NRT,2026-08-22 00:00:00+00:00,SOURCE_0270,0.18705450195572657,False,LOW,1.79,-0.31000000000000005,3,2026-08-22 00:00:00+00:00,0.0,2026-08-22 00:00:00+00:00,0.0
FIRMS_000492,20.96893,86.00884,2026-08-22,20:27,N20,VIIRS,n,N,299.75,273.37,0.91,0.51,0.49,2.0NRT,2026-08-22 00:00:00+00:00,SOURCE_0271,0.16305995342683668,False,LOW,,,1,2026-08-22 00:00:00+00:00,0.0,,
FIRMS_001150,20.96878,86.01003,2026-08-22,19:32,N21,VIIRS,n,N,321.97,275.97,1.48,0.4,0.44,2.0NRT,2026-08-22 00:00:00+00:00,SOURCE_0271,0.16305995342683668,False,LOW,0.91,0.57,2,2026-08-22 00:00:00+00:00,0.0,2026-08-22 00:00:00+00:00,0.0
FIRMS_000494,20.86482,84.9866,2026-08-22,20:27,N20,VIIRS,n,N,305.73,280.83,1.38,0.44,0.46,2.0NRT,2026-08-22 00:00:00+00:00,SOURCE_0272,0.18705450195572657,False,LOW,,,1,2026-08-22 00:00:00+00:00,0.0,,
FIRMS_000495,20.86397,84.99087,2026-08-22,20:27,N20,VIIRS,n,N,305.36,281.18,1.38,0.44,0.46,2.0NRT,2026-08-22 00:00:00+00:00,SOURCE_0272,0.18705450195572657,False,LOW,1.38,0.0,2,2026-08-22 00:00:00+00:00,0.0,2026-08-22 00:00:00+00:00,0.0
FIRMS_001152,20.86294,84.98755,2026-08-22,19:32,N21,VIIRS,n,N,302.98,277.99,1.6,0.46,0.47,2.0NRT,2026-08-22 00:00:00+00:00,SOURCE_0272,0.18705450195572657,False,LOW,1.38,0.2200000000000002,3,2026-08-22 00:00:00+00:00,0.0,2026-08-22 00:00:00+00:00,0.0
FIRMS_000496,21.11185,72.63547,2026-08-22,20:27,N20,VIIRS,n,N,306.57,289.53,2.42,0.44,0.46,2.0NRT,2026-08-22 00:00:00+00:00,SOURCE_0273,0.129241536692149,False,LOW,,,1,2026-08-22 00:00:00+00:00,0.0,,
FIRMS_000497,21.10659,72.64334,2026-08-22,20:27,N20,VIIRS,n,N,339.42,290.38,10.55,0.44,0.46,2.0NRT,2026-08-22 00:00:00+00:00,SOURCE_0274,0.6256531300702496,True,HIGH,,,1,2026-08-22 00:00:00+00:00,0.0,,
FIRMS_000498,21.10608,72.64758,2026-08-22,20:27,N20,VIIRS,n,N,314.44,290.11,6.91,0.44,0.46,2.0NRT,2026-08-22 00:00:00+00:00,SOURCE_0274,0.6256531300702496,True,HIGH,10.55,-3.6400000000000006,2,2026-08-22 00:00:00+00:00,0.0,2026-08-22 00:00:00+00:00,0.0
FIRMS_000499,21.10335,72.63428,2026-08-22,20:27,N20,VIIRS,n,N,339.93,291.35,5.75,0.44,0.46,2.0NRT,2026-08-22 00:00:00+00:00,SOURCE_0274,0.6256531300702496,True,HIGH,6.91,-1.1600000000000001,3,2026-08-22 00:00:00+00:00,0.0,2026-08-22 00:00:00+00:00,0.0
FIRMS_001076,21.10395,72.64455,2026-08-22,08:43,N21,VIIRS,n,D,338.21,290.65,5.3,0.43,0.46,2.0NRT,2026-08-22 00:00:00+00:00,SOURCE_0274,0.6256531300702496,True,HIGH,5.75,-0.4500000000000002,4,2026-08-22 00:00:00+00:00,0.0,2026-08-22 00:00:00+00:00,0.0
FIRMS_001164,21.1023,72.63681,2026-08-22,21:14,N21,VIIRS,n,N,321.2,289.79,3.0,0.46,0.47,2.0NRT,2026-08-22 00:00:00+00:00,SOURCE_0274,0.6256531300702496,True,HIGH,5.3,-2.3,5,2026-08-22 00:00:00+00:00,0.0,2026-08-22 00:00:00+00:00,0.0
FIRMS_000582,21.10283,72.63239,2026-08-23,20:10,N20,VIIRS,n,N,315.35,288.47,1.66,0.45,0.63,2.0NRT,2026-08-23 00:00:00+00:00,SOURCE_0274,0.6256531300702496,True,HIGH,3.0,-1.34,6,2026-08-22 00:00:00+00:00,1.0,2026-08-22 00:00:00+00:00,24.0
FIRMS_000585,21.10242,72.63674,2026-08-23,20:10,N20,VIIRS,n,N,303.85,288.59,1.66,0.45,0.63,2.0NRT,2026-08-23 00:00:00+00:00,SOURCE_0274,0.6256531300702496,True,HIGH,1.66,0.0,7,2026-08-22 00:00:00+00:00,1.0,2026-08-23 00:00:00+00:00,0.0
FIRMS_001194,21.10555,72.64699,2026-08-23,08:26,N21,VIIRS,n,D,341.5,294.7,6.06,0.39,0.36,2.0NRT,2026-08-23 00:00:00+00:00,SOURCE_0274,0.6256531300702496,True,HIGH,1.66,4.3999999999999995,8,2026-08-22 00:00:00+00:00,1.0,2026-08-23 00:00:00+00:00,0.0
FIRMS_001260,21.10867,72.64659,2026-08-23,20:55,N21,VIIRS,n,N,303.22,290.55,2.23,0.4,0.37,2.0NRT,2026-08-23 00:00:00+00:00,SOURCE_0274,0.6256531300702496,True,HIGH,6.06,-3.8299999999999996,9,2026-08-22 00:00:00+00:00,1.0,2026-08-23 00:00:00+00:00,0.0
FIRMS_001261,21.10531,72.64595,2026-08-23,20:55,N21,VIIRS,n,N,338.88,293.86,3.85,0.4,0.37,2.0NRT,2026-08-23 00:00:00+00:00,SOURCE_0274,0.6256531300702496,True,HIGH,2.23,1.62,10,2026-08-22 00:00:00+00:00,1.0,2026-08-23 00:00:00+00:00,0.0
FIRMS_001262,21.1066,72.63825,2026-08-23,20:55,N21,VIIRS,n,N,305.43,292.27,1.31,0.4,0.37,2.0NRT,2026-08-23 00:00:00+00:00,SOURCE_0274,0.6256531300702496,True,HIGH,3.85,-2.54,11,2026-08-22 00:00:00+00:00,1.0,2026-08-23 00:00:00+00:00,0.0
FIRMS_001263,21.10596,72.6421,2026-08-23,20:55,N21,VIIRS,n,N,309.75,292.21,3.85,0.4,0.37,2.0NRT,2026-08-23 00:00:00+00:00,SOURCE_0274,0.6256531300702496,True,HIGH,1.31,2.54,12,2026-08-22 00:00:00+00:00,1.0,2026-08-23 00:00:00+00:00,0.0
FIRMS_001264,21.10467,72.6498,2026-08-23,20:55,N21,VIIRS,n,N,306.47,291.48,3.09,0.4,0.37,2.0NRT,2026-08-23 00:00:00+00:00,SOURCE_0274,0.6256531300702496,True,HIGH,3.85,-0.7600000000000002,13,2026-08-22 00:00:00+00:00,1.0,2026-08-23 00:00:00+00:00,0.0
FIRMS_001265,21.10388,72.63377,2026-08-23,20:55,N21,VIIRS,n,N,303.36,290.85,1.31,0.4,0.37,2.0NRT,2026-08-23 00:00:00+00:00,SOURCE_0274,0.6256531300702496,True,HIGH,3.09,-1.7799999999999998,14,2026-08-22 00:00:00+00:00,1.0,2026-08-23 00:00:00+00:00,0.0
FIRMS_001266,21.10324,72.63761,2026-08-23,20:55,N21,VIIRS,n,N,310.96,291.45,1.31,0.4,0.37,2.0NRT,2026-08-23 00:00:00+00:00,SOURCE_0274,0.6256531300702496,True,HIGH,1.31,0.0,15,2026-08-22 00:00:00+00:00,1.0,2026-08-23 00:00:00+00:00,0.0
FIRMS_001267,21.10195,72.64531,2026-08-23,20:55,N21,VIIRS,n,N,303.51,289.49,3.85,0.4,0.37,2.0NRT,2026-08-23 00:00:00+00:00,SOURCE_0274,0.6256531300702496,True,HIGH,1.31,2.54,16,2026-08-22 00:00:00+00:00,1.0,2026-08-23 00:00:00+00:00,0.0
FIRMS_000626,21.1045,72.63617,2026-08-24,21:31,N20,VIIRS,n,N,337.36,289.47,5.37,0.36,0.58,2.0NRT,2026-08-24 00:00:00+00:00,SOURCE_0274,0.6256531300702496,True,HIGH,3.85,1.52,17,2026-08-22 00:00:00+00:00,2.0,2026-08-23 00:00:00+00:00,24.0
FIRMS_000630,21.10818,72.64432,2026-08-24,21:31,N20,VIIRS,n,N,328.48,289.54,3.22,0.37,0.58,2.0NRT,2026-08-24 00:00:00+00:00,SOURCE_0274,0.6256531300702496,True,HIGH,5.37,-2.15,18,2026-08-22 00:00:00+00:00,2.0,2026-08-24 00:00:00+00:00,0.0
FIRMS_000631,21.10742,72.64774,2026-08-24,21:31,N20,VIIRS,n,N,320.64,290.58,3.22,0.37,0.58,2.0NRT,2026-08-24 00:00:00+00:00,SOURCE_0274,0.6256531300702496,True,HIGH,3.22,0.0,19,2026-08-22 00:00:00+00:00,2.0,2026-08-24 00:00:00+00:00,0.0
FIRMS_001307,21.10295,72.64854,2026-08-24,20:36,N21,VIIRS,n,N,306.06,287.19,5.21,0.45,0.39,2.0NRT,2026-08-24 00:00:00+00:00,SOURCE_0274,0.6256531300702496,True,HIGH,3.22,1.9899999999999998,20,2026-08-22 00:00:00+00:00,2.0,2026-08-24 00:00:00+00:00,0.0
FIRMS_001308,21.1012,72.63512,2026-08-24,20:36,N21,VIIRS,n,N,343.9,286.91,6.84,0.45,0.39,2.0NRT,2026-08-24 00:00:00+00:00,SOURCE_0274,0.6256531300702496,True,HIGH,5.21,1.63,21,2026-08-22 00:00:00+00:00,2.0,2026-08-24 00:00:00+00:00,0.0
FIRMS_001309,21.1006,72.63942,2026-08-24,20:36,N21,VIIRS,n,N,303.78,284.69,6.84,0.45,0.39,2.0NRT,2026-08-24 00:00:00+00:00,SOURCE_0274,0.6256531300702496,True,HIGH,6.84,0.0,22,2026-08-22 00:00:00+00:00,2.0,2026-08-24 00:00:00+00:00,0.0
FIRMS_001321,21.11155,72.63502,2026-08-24,20:36,N21,VIIRS,n,N,306.84,285.95,2.62,0.45,0.39,2.0NRT,2026-08-24 00:00:00+00:00,SOURCE_0274,0.6256531300702496,True,HIGH,6.84,-4.22,23,2026-08-22 00:00:00+00:00,2.0,2026-08-24 00:00:00+00:00,0.0
FIRMS_001322,21.11185,72.63676,2026-08-24,20:36,N21,VIIRS,n,N,305.79,286.44,2.38,0.45,0.39,2.0NRT,2026-08-24 00:00:00+00:00,SOURCE_0274,0.6256531300702496,True,HIGH,2.62,-0.2400000000000002,24,2026-08-22 00:00:00+00:00,2.0,2026-08-24 00:00:00+00:00,0.0
FIRMS_001323,21.1071,72.6448,2026-08-24,20:36,N21,VIIRS,n,N,333.63,286.64,5.21,0.45,0.39,2.0NRT,2026-08-24 00:00:00+00:00,SOURCE_0274,0.6256531300702496,True,HIGH,2.38,2.83,25,2026-08-22 00:00:00+00:00,2.0,2026-08-24 00:00:00+00:00,0.0
FIRMS_001324,21.1083,72.63621,2026-08-24,20:36,N21,VIIRS,n,N,314.67,287.72,1.32,0.45,0.39,2.0NRT,2026-08-24 00:00:00+00:00,SOURCE_0274,0.6256531300702496,True,HIGH,5.21,-3.8899999999999997,26,2026-08-22 00:00:00+00:00,2.0,2026-08-24 00:00:00+00:00,0.0
FIRMS_001325,21.1077,72.6405,2026-08-24,20:36,N21,VIIRS,n,N,305.03,286.38,1.32,0.45,0.39,2.0NRT,2026-08-24 00:00:00+00:00,SOURCE_0274,0.6256531300702496,True,HIGH,1.32,0.0,27,2026-08-22 00:00:00+00:00,2.0,2026-08-24 00:00:00+00:00,0.0
FIRMS_001326,21.10649,72.64909,2026-08-24,20:36,N21,VIIRS,n,N,309.21,287.92,5.21,0.45,0.39,2.0NRT,2026-08-24 00:00:00+00:00,SOURCE_0274,0.6256531300702496,True,HIGH,1.32,3.8899999999999997,28,2026-08-22 00:00:00+00:00,2.0,2026-08-24 00:00:00+00:00,0.0
FIRMS_001327,21.10355,72.64426,2026-08-24,20:36,N21,VIIRS,n,N,333.39,286.73,5.21,0.45,0.39,2.0NRT,2026-08-24 00:00:00+00:00,SOURCE_0274,0.6256531300702496,True,HIGH,5.21,0.0,29,2026-08-22 00:00:00+00:00,2.0,2026-08-24 00:00:00+00:00,0.0
FIRMS_001328,21.10475,72.63566,2026-08-24,20:36,N21,VIIRS,n,N,311.84,286.77,1.32,0.45,0.39,2.0NRT,2026-08-24 00:00:00+00:00,SOURCE_0274,0.6256531300702496,True,HIGH,5.21,-3.8899999999999997,30,2026-08-22 00:00:00+00:00,2.0,2026-08-24 00:00:00+00:00,0.0
FIRMS_001329,21.10415,72.63996,2026-08-24,20:36,N21,VIIRS,n,N,305.3,285.08,1.32,0.45,0.39,2.0NRT,2026-08-24 00:00:00+00:00,SOURCE_0274,0.6256531300702496,True,HIGH,1.32,0.0,31,2026-08-22 00:00:00+00:00,2.0,2026-08-24 00:00:00+00:00,0.0
FIRMS_000637,21.10028,72.63832,2026-08-25,08:43,N20,VIIRS,n,D,336.63,288.5,6.64,0.52,0.42,2.0NRT,2026-08-25 00:00:00+00:00,SOURCE_0274,0.6256531300702496,True,HIGH,1.32,5.319999999999999,32,2026-08-22 00:00:00+00:00,3.0,2026-08-24 00:00:00+00:00,24.0
FIRMS_000638,21.10536,72.64783,2026-08-25,08:43,N20,VIIRS,n,D,332.66,289.06,6.03,0.52,0.42,2.0NRT,2026-08-25 00:00:00+00:00,SOURCE_0274,0.6256531300702496,True,HIGH,6.64,-0.6099999999999994,33,2026-08-22 00:00:00+00:00,3.0,2026-08-25 00:00:00+00:00,0.0
FIRMS_000675,21.10566,72.6433,2026-08-25,21:12,N20,VIIRS,n,N,330.23,288.03,9.44,0.56,0.43,2.0NRT,2026-08-25 00:00:00+00:00,SOURCE_0274,0.6256531300702496,True,HIGH,6.03,3.4099999999999993,34,2026-08-22 00:00:00+00:00,3.0,2026-08-25 00:00:00+00:00,0.0
FIRMS_000676,21.10278,72.63721,2026-08-25,21:12,N20,VIIRS,n,N,322.81,288.84,5.36,0.56,0.43,2.0NRT,2026-08-25 00:00:00+00:00,SOURCE_0274,0.6256531300702496,True,HIGH,9.44,-4.079999999999999,35,2026-08-22 00:00:00+00:00,3.0,2026-08-25 00:00:00+00:00,0.0
FIRMS_000500,16.07088,79.09984,2026-08-22,20:29,N20,VIIRS,n,N,317.51,290.36,2.05,0.4,0.37,2.0NRT,2026-08-22 00:00:00+00:00,SOURCE_0275,0.129241536692149,False,LOW,,,1,2026-08-22 00:00:00+00:00,0.0,,
FIRMS_000501,11.81647,77.9164,2026-08-22,20:32,N20,VIIRS,n,N,309.18,285.3,1.24,0.4,0.37,2.0NRT,2026-08-22 00:00:00+00:00,SOURCE_0276,0.16305995342683668,False,LOW,,,1,2026-08-22 00:00:00+00:00,0.0,,
FIRMS_000502,11.81588,77.92001,2026-08-22,20:32,N20,VIIRS,n,N,304.56,285.52,0.85,0.4,0.37,2.0NRT,2026-08-22 00:00:00+00:00,SOURCE_0276,0.16305995342683668,False,LOW,1.24,-0.39,2,2026-08-22 00:00:00+00:00,0.0,2026-08-22 00:00:00+00:00,0.0
FIRMS_000505,11.18339,79.09859,2026-08-22,20:32,N20,VIIRS,n,N,303.85,286.39,0.93,0.44,0.38,2.0NRT,2026-08-22 00:00:00+00:00,SOURCE_0277,0.129241536692149,False,LOW,,,1,2026-08-22 00:00:00+00:00,0.0,,
FIRMS_000506,11.25874,77.70227,2026-08-22,20:32,N20,VIIRS,n,N,301.2,277.19,0.33,0.4,0.37,2.0NRT,2026-08-22 00:00:00+00:00,SOURCE_0278,0.129241536692149,False,LOW,,,1,2026-08-22 00:00:00+00:00,0.0,,
FIRMS_000507,10.92976,77.06505,2026-08-22,20:32,N20,VIIRS,n,N,307.27,291.69,0.81,0.39,0.36,2.0NRT,2026-08-22 00:00:00+00:00,SOURCE_0279,0.129241536692149,False,LOW,,,1,2026-08-22 00:00:00+00:00,0.0,,
FIRMS_000508,10.92371,77.06046,2026-08-22,20:32,N20,VIIRS,n,N,303.12,292.05,0.32,0.39,0.36,2.0NRT,2026-08-22 00:00:00+00:00,SOURCE_0280,0.129241536692149,False,LOW,,,1,2026-08-22 00:00:00+00:00,0.0,,
FIRMS_000509,10.68492,77.50858,2026-08-22,20:32,N20,VIIRS,n,N,312.86,293.28,1.24,0.39,0.37,2.0NRT,2026-08-22 00:00:00+00:00,SOURCE_0281,0.129241536692149,False,LOW,,,1,2026-08-22 00:00:00+00:00,0.0,,
FIRMS_000510,10.61762,77.42123,2026-08-22,20:32,N20,VIIRS,n,N,308.25,293.57,0.95,0.39,0.36,2.0NRT,2026-08-22 00:00:00+00:00,SOURCE_0282,0.129241536692149,False,LOW,,,1,2026-08-22 00:00:00+00:00,0.0,,
FIRMS_000515,8.44259,77.65411,2026-08-23,07:37,N20,VIIRS,n,D,340.55,301.35,2.73,0.39,0.59,2.0NRT,2026-08-23 00:00:00+00:00,SOURCE_0283,0.16305995342683668,False,LOW,,,1,2026-08-23 00:00:00+00:00,0.0,,
FIRMS_001171,8.44418,77.65283,2026-08-23,08:22,N21,VIIRS,l,D,338.54,309.99,6.03,0.46,0.39,2.0NRT,2026-08-23 00:00:00+00:00,SOURCE_0283,0.16305995342683668,False,LOW,2.73,3.3000000000000003,2,2026-08-23 00:00:00+00:00,0.0,2026-08-23 00:00:00+00:00,0.0
FIRMS_000516,9.9144,78.20298,2026-08-23,07:37,N20,VIIRS,n,D,338.69,294.36,5.55,0.33,0.56,2.0NRT,2026-08-23 00:00:00+00:00,SOURCE_0284,0.16305995342683668,False,LOW,,,1,2026-08-23 00:00:00+00:00,0.0,,
FIRMS_001185,9.91635,78.2001,2026-08-23,08:22,N21,VIIRS,n,D,341.27,302.38,14.59,0.52,0.41,2.0NRT,2026-08-23 00:00:00+00:00,SOURCE_0284,0.16305995342683668,False,LOW,5.55,9.04,2,2026-08-23 00:00:00+00:00,0.0,2026-08-23 00:00:00+00:00,0.0
FIRMS_000517,10.90665,78.5351,2026-08-23,07:37,N20,VIIRS,n,D,345.92,292.03,19.65,0.61,0.53,2.0NRT,2026-08-23 00:00:00+00:00,SOURCE_0285,0.18705450195572657,False,LOW,,,1,2026-08-23 00:00:00+00:00,0.0,,
FIRMS_000518,10.90538,78.5389,2026-08-23,07:37,N20,VIIRS,n,D,341.88,291.32,10.05,0.61,0.53,2.0NRT,2026-08-23 00:00:00+00:00,SOURCE_0285,0.18705450195572657,False,LOW,19.65,-9.599999999999998,2,2026-08-23 00:00:00+00:00,0.0,2026-08-23 00:00:00+00:00,0.0
FIRMS_000519,10.90437,78.53344,2026-08-23,07:37,N20,VIIRS,n,D,340.56,292.03,10.56,0.61,0.53,2.0NRT,2026-08-23 00:00:00+00:00,SOURCE_0285,0.18705450195572657,False,LOW,10.05,0.5099999999999998,3,2026-08-23 00:00:00+00:00,0.0,2026-08-23 00:00:00+00:00,0.0
FIRMS_000520,12.66366,79.68339,2026-08-23,07:37,N20,VIIRS,n,D,333.57,295.51,3.51,0.47,0.48,2.0NRT,2026-08-23 00:00:00+00:00,SOURCE_0286,0.129241536692149,False,LOW,,,1,2026-08-23 00:00:00+00:00,0.0,,
FIRMS_000521,12.83614,79.93994,2026-08-23,07:37,N20,VIIRS,n,D,330.37,300.11,7.06,0.45,0.47,2.0NRT,2026-08-23 00:00:00+00:00,SOURCE_0287,0.129241536692149,False,LOW,,,1,2026-08-23 00:00:00+00:00,0.0,,
FIRMS_000522,15.13026,77.57384,2026-08-23,07:37,N20,VIIRS,n,D,332.19,286.74,3.87,0.59,0.53,2.0NRT,2026-08-23 00:00:00+00:00,SOURCE_0288,0.129241536692149,False,LOW,,,1,2026-08-23 00:00:00+00:00,0.0,,
FIRMS_000523,15.18056,77.62939,2026-08-23,07:37,N20,VIIRS,n,D,339.76,281.51,7.16,0.59,0.53,2.0NRT,2026-08-23 00:00:00+00:00,SOURCE_0289,0.129241536692149,False,LOW,,,1,2026-08-23 00:00:00+00:00,0.0,,
FIRMS_000525,18.70828,74.36279,2026-08-23,07:39,N20,VIIRS,n,D,342.67,289.28,4.53,0.41,0.61,2.0NRT,2026-08-23 00:00:00+00:00,SOURCE_0290,0.129241536692149,False,LOW,,,1,2026-08-23 00:00:00+00:00,0.0,,
FIRMS_000526,21.1777,81.38538,2026-08-23,07:39,N20,VIIRS,l,D,334.02,292.62,6.9,0.43,0.38,2.0NRT,2026-08-23 00:00:00+00:00,SOURCE_0291,0.129241536692149,False,LOW,,,1,2026-08-23 00:00:00+00:00,0.0,,
FIRMS_000527,21.1971,81.41568,2026-08-23,07:39,N20,VIIRS,l,D,330.6,293.15,4.41,0.43,0.38,2.0NRT,2026-08-23 00:00:00+00:00,SOURCE_0292,0.129241536692149,False,LOW,,,1,2026-08-23 00:00:00+00:00,0.0,,
FIRMS_000530,23.67965,86.09396,2026-08-23,07:39,N20,VIIRS,n,D,336.48,291.56,7.89,0.43,0.38,2.0NRT,2026-08-23 00:00:00+00:00,SOURCE_0293,0.129241536692149,False,LOW,,,1,2026-08-23 00:00:00+00:00,0.0,,
FIRMS_000539,33.29054,75.72936,2026-08-23,20:06,N20,VIIRS,n,N,299.87,284.18,0.62,0.39,0.59,2.0NRT,2026-08-23 00:00:00+00:00,SOURCE_0294,0.129241536692149,False,LOW,,,1,2026-08-23 00:00:00+00:00,0.0,,
FIRMS_000540,31.26112,76.91966,2026-08-23,20:06,N20,VIIRS,n,N,300.98,289.65,0.92,0.62,0.54,2.0NRT,2026-08-23 00:00:00+00:00,SOURCE_0295,0.129241536692149,False,LOW,,,1,2026-08-23 00:00:00+00:00,0.0,,
FIRMS_000541,28.35041,77.25633,2026-08-23,20:08,N20,VIIRS,n,N,305.0,286.05,2.99,0.55,0.51,2.0NRT,2026-08-23 00:00:00+00:00,SOURCE_0296,0.16305995342683668,False,LOW,,,1,2026-08-23 00:00:00+00:00,0.0,,
FIRMS_000578,28.35195,77.25737,2026-08-23,20:08,N20,VIIRS,n,N,303.02,285.41,3.28,0.55,0.51,2.0NRT,2026-08-23 00:00:00+00:00,SOURCE_0296,0.16305995342683668,False,LOW,2.99,0.2899999999999996,2,2026-08-23 00:00:00+00:00,0.0,2026-08-23 00:00:00+00:00,0.0
FIRMS_001108,24.11378,86.86015,2026-08-22,19:32,N21,VIIRS,n,N,315.62,282.24,2.06,0.39,0.44,2.0NRT,2026-08-22 00:00:00+00:00,SOURCE_0297,0.2692817258878132,True,LOW,,,1,2026-08-22 00:00:00+00:00,0.0,,
FIRMS_000542,24.11545,86.86011,2026-08-23,20:08,N20,VIIRS,n,N,314.86,285.22,2.03,0.43,0.38,2.0NRT,2026-08-23 00:00:00+00:00,SOURCE_0297,0.2692817258878132,True,LOW,2.06,-0.03000000000000025,2,2026-08-22 00:00:00+00:00,1.0,2026-08-22 00:00:00+00:00,24.0
FIRMS_001206,24.11502,86.86157,2026-08-23,19:13,N21,VIIRS,n,N,301.13,267.96,1.18,0.39,0.59,2.0NRT,2026-08-23 00:00:00+00:00,SOURCE_0297,0.2692817258878132,True,LOW,2.03,-0.8499999999999999,3,2026-08-22 00:00:00+00:00,1.0,2026-08-23 00:00:00+00:00,0.0
FIRMS_000543,23.6954,87.12105,2026-08-23,20:08,N20,VIIRS,n,N,304.06,287.84,2.35,0.44,0.38,2.0NRT,2026-08-23 00:00:00+00:00,SOURCE_0298,0.18705450195572657,False,LOW,,,1,2026-08-23 00:00:00+00:00,0.0,,
FIRMS_000544,23.69465,87.12528,2026-08-23,20:08,N20,VIIRS,n,N,306.24,286.94,2.37,0.44,0.38,2.0NRT,2026-08-23 00:00:00+00:00,SOURCE_0298,0.18705450195572657,False,LOW,2.35,0.020000000000000018,2,2026-08-23 00:00:00+00:00,0.0,2026-08-23 00:00:00+00:00,0.0
FIRMS_000545,23.6919,87.12032,2026-08-23,20:08,N20,VIIRS,n,N,302.54,287.44,1.86,0.44,0.38,2.0NRT,2026-08-23 00:00:00+00:00,SOURCE_0298,0.18705450195572657,False,LOW,2.37,-0.51,3,2026-08-23 00:00:00+00:00,0.0,2026-08-23 00:00:00+00:00,0.0
FIRMS_001091,23.75273,86.41698,2026-08-22,19:32,N21,VIIRS,n,N,310.47,282.96,1.62,0.41,0.45,2.0NRT,2026-08-22 00:00:00+00:00,SOURCE_0299,0.2692817258878132,True,LOW,,,1,2026-08-22 00:00:00+00:00,0.0,,
FIRMS_000551,23.75112,86.41814,2026-08-23,20:08,N20,VIIRS,n,N,307.83,285.08,1.82,0.42,0.37,2.0NRT,2026-08-23 00:00:00+00:00,SOURCE_0299,0.2692817258878132,True,LOW,1.62,0.19999999999999996,2,2026-08-22 00:00:00+00:00,1.0,2026-08-22 00:00:00+00:00,24.0
FIRMS_001215,23.75265,86.41494,2026-08-23,19:13,N21,VIIRS,n,N,300.55,280.09,1.31,0.41,0.61,2.0NRT,2026-08-23 00:00:00+00:00,SOURCE_0299,0.2692817258878132,True,LOW,1.82,-0.51,3,2026-08-22 00:00:00+00:00,1.0,2026-08-23 00:00:00+00:00,0.0
FIRMS_000558,23.5534,86.54269,2026-08-23,20:08,N20,VIIRS,n,N,298.62,284.28,0.75,0.42,0.38,2.0NRT,2026-08-23 00:00:00+00:00,SOURCE_0300,0.16305995342683668,False,LOW,,,1,2026-08-23 00:00:00+00:00,0.0,,
FIRMS_000559,23.54998,86.54199,2026-08-23,20:08,N20,VIIRS,n,N,298.65,282.41,0.75,0.42,0.38,2.0NRT,2026-08-23 00:00:00+00:00,SOURCE_0300,0.16305995342683668,False,LOW,0.75,0.0,2,2026-08-23 00:00:00+00:00,0.0,2026-08-23 00:00:00+00:00,0.0
FIRMS_000563,22.36682,87.2994,2026-08-23,20:08,N20,VIIRS,n,N,315.55,284.36,2.08,0.46,0.39,2.0NRT,2026-08-23 00:00:00+00:00,SOURCE_0301,0.4485232625799622,True,MEDIUM,,,1,2026-08-23 00:00:00+00:00,0.0,,
FIRMS_000564,22.36603,87.30385,2026-08-23,20:08,N20,VIIRS,n,N,304.35,283.85,1.72,0.46,0.39,2.0NRT,2026-08-23 00:00:00+00:00,SOURCE_0301,0.4485232625799622,True,MEDIUM,2.08,-0.3600000000000001,2,2026-08-23 00:00:00+00:00,0.0,2026-08-23 00:00:00+00:00,0.0
FIRMS_000565,22.36325,87.29866,2026-08-23,20:08,N20,VIIRS,n,N,304.0,283.68,0.94,0.46,0.39,2.0NRT,2026-08-23 00:00:00+00:00,SOURCE_0301,0.4485232625799622,True,MEDIUM,1.72,-0.78,3,2026-08-23 00:00:00+00:00,0.0,2026-08-23 00:00:00+00:00,0.0
FIRMS_000600,22.36729,87.30124,2026-08-24,19:49,N20,VIIRS,n,N,307.56,292.01,2.36,0.4,0.37,2.0NRT,2026-08-24 00:00:00+00:00,SOURCE_0301,0.4485232625799622,True,MEDIUM,0.94,1.42,4,2026-08-23 00:00:00+00:00,1.0,2026-08-23 00:00:00+00:00,24.0
FIRMS_000601,22.36395,87.30066,2026-08-24,19:49,N20,VIIRS,n,N,327.09,292.72,2.36,0.4,0.37,2.0NRT,2026-08-24 00:00:00+00:00,SOURCE_0301,0.4485232625799622,True,MEDIUM,2.36,0.0,5,2026-08-23 00:00:00+00:00,1.0,2026-08-24 00:00:00+00:00,0.0
FIRMS_001285,22.36239,87.29989,2026-08-24,18:53,N21,VIIRS,n,N,303.55,284.66,2.58,0.71,0.75,2.0NRT,2026-08-24 00:00:00+00:00,SOURCE_0301,0.4485232625799622,True,MEDIUM,2.36,0.2200000000000002,6,2026-08-23 00:00:00+00:00,1.0,2026-08-24 00:00:00+00:00,0.0
FIRMS_001289,22.36235,87.30032,2026-08-24,18:53,N21,VIIRS,n,N,303.61,284.88,2.75,0.71,0.75,2.0NRT,2026-08-24 00:00:00+00:00,SOURCE_0301,0.4485232625799622,True,MEDIUM,2.58,0.16999999999999993,7,2026-08-23 00:00:00+00:00,1.0,2026-08-24 00:00:00+00:00,0.0
FIRMS_001301,22.36792,87.30201,2026-08-24,20:34,N21,VIIRS,n,N,304.48,287.91,1.87,0.46,0.63,2.0NRT,2026-08-24 00:00:00+00:00,SOURCE_0301,0.4485232625799622,True,MEDIUM,2.75,-0.8799999999999999,8,2026-08-23 00:00:00+00:00,1.0,2026-08-24 00:00:00+00:00,0.0
FIRMS_001304,22.3673,87.3,2026-08-24,20:34,N21,VIIRS,n,N,308.18,288.31,2.55,0.46,0.63,2.0NRT,2026-08-24 00:00:00+00:00,SOURCE_0301,0.4485232625799622,True,MEDIUM,1.87,0.6799999999999997,9,2026-08-23 00:00:00+00:00,1.0,2026-08-24 00:00:00+00:00,0.0
FIRMS_001305,22.36633,87.30431,2026-08-24,20:34,N21,VIIRS,n,N,305.57,287.65,1.78,0.46,0.63,2.0NRT,2026-08-24 00:00:00+00:00,SOURCE_0301,0.4485232625799622,True,MEDIUM,2.55,-0.7699999999999998,10,2026-08-23 00:00:00+00:00,1.0,2026-08-24 00:00:00+00:00,0.0
FIRMS_000648,22.3689,87.30096,2026-08-25,19:32,N20,VIIRS,n,N,305.95,288.76,2.38,0.43,0.46,2.0NRT,2026-08-25 00:00:00+00:00,SOURCE_0301,0.4485232625799622,True,MEDIUM,1.78,0.5999999999999999,11,2026-08-23 00:00:00+00:00,2.0,2026-08-24 00:00:00+00:00,24.0
FIRMS_000649,22.36469,87.30035,2026-08-25,19:32,N20,VIIRS,n,N,317.29,288.75,3.38,0.43,0.46,2.0NRT,2026-08-25 00:00:00+00:00,SOURCE_0301,0.4485232625799622,True,MEDIUM,2.38,1.0,12,2026-08-23 00:00:00+00:00,2.0,2026-08-25 00:00:00+00:00,0.0
FIRMS_000566,22.35769,87.28828,2026-08-23,20:08,N20,VIIRS,n,N,307.75,284.78,1.02,0.46,0.39,2.0NRT,2026-08-23 00:00:00+00:00,SOURCE_0302,0.38495584487889883,True,MEDIUM,,,1,2026-08-23 00:00:00+00:00,0.0,,
FIRMS_000602,22.35897,87.28802,2026-08-24,19:49,N20,VIIRS,n,N,314.13,291.69,1.39,0.4,0.37,2.0NRT,2026-08-24 00:00:00+00:00,SOURCE_0302,0.38495584487889883,True,MEDIUM,1.02,0.3699999999999999,2,2026-08-23 00:00:00+00:00,1.0,2026-08-23 00:00:00+00:00,24.0
FIRMS_000603,22.3584,87.29185,2026-08-24,19:49,N20,VIIRS,n,N,309.63,292.17,1.39,0.4,0.37,2.0NRT,2026-08-24 00:00:00+00:00,SOURCE_0302,0.38495584487889883,True,MEDIUM,1.39,0.0,3,2026-08-23 00:00:00+00:00,1.0,2026-08-24 00:00:00+00:00,0.0
FIRMS_000650,22.35725,87.29079,2026-08-25,19:32,N20,VIIRS,n,N,305.1,287.79,1.92,0.43,0.46,2.0NRT,2026-08-25 00:00:00+00:00,SOURCE_0302,0.38495584487889883,True,MEDIUM,1.39,0.53,4,2026-08-23 00:00:00+00:00,2.0,2026-08-24 00:00:00+00:00,24.0
FIRMS_000567,22.36573,87.01741,2026-08-23,20:08,N20,VIIRS,n,N,307.35,279.63,1.01,0.45,0.39,2.0NRT,2026-08-23 00:00:00+00:00,SOURCE_0303,0.31830694159009576,True,MEDIUM,,,1,2026-08-23 00:00:00+00:00,0.0,,
FIRMS_000568,22.3622,87.01669,2026-08-23,20:08,N20,VIIRS,n,N,307.52,280.69,1.0,0.45,0.39,2.0NRT,2026-08-23 00:00:00+00:00,SOURCE_0303,0.31830694159009576,True,MEDIUM,1.01,-0.010000000000000009,2,2026-08-23 00:00:00+00:00,0.0,2026-08-23 00:00:00+00:00,0.0
FIRMS_001200,22.3645,87.0169,2026-08-23,19:13,N21,VIIRS,n,N,310.71,278.18,1.1,0.36,0.58,2.0NRT,2026-08-23 00:00:00+00:00,SOURCE_0303,0.31830694159009576,True,MEDIUM,1.0,0.10000000000000009,3,2026-08-23 00:00:00+00:00,0.0,2026-08-23 00:00:00+00:00,0.0
FIRMS_001201,22.35921,87.01627,2026-08-23,19:13,N21,VIIRS,n,N,303.4,277.71,1.1,0.36,0.58,2.0NRT,2026-08-23 00:00:00+00:00,SOURCE_0303,0.31830694159009576,True,MEDIUM,1.1,0.0,4,2026-08-23 00:00:00+00:00,0.0,2026-08-23 00:00:00+00:00,0.0
FIRMS_001205,22.36402,87.01662,2026-08-23,19:13,N21,VIIRS,n,N,312.78,278.07,2.27,0.36,0.58,2.0NRT,2026-08-23 00:00:00+00:00,SOURCE_0303,0.31830694159009576,True,MEDIUM,1.1,1.17,5,2026-08-23 00:00:00+00:00,0.0,2026-08-23 00:00:00+00:00,0.0
FIRMS_001286,22.36675,87.01879,2026-08-24,18:53,N21,VIIRS,n,N,301.37,284.57,1.66,0.74,0.76,2.0NRT,2026-08-24 00:00:00+00:00,SOURCE_0303,0.31830694159009576,True,MEDIUM,2.27,-0.6100000000000001,6,2026-08-23 00:00:00+00:00,1.0,2026-08-23 00:00:00+00:00,24.0
FIRMS_001306,22.36615,87.01677,2026-08-24,20:34,N21,VIIRS,n,N,304.84,285.86,2.41,0.44,0.62,2.0NRT,2026-08-24 00:00:00+00:00,SOURCE_0303,0.31830694159009576,True,MEDIUM,1.66,0.7500000000000002,7,2026-08-23 00:00:00+00:00,1.0,2026-08-24 00:00:00+00:00,0.0
FIRMS_000569,22.05326,88.12505,2026-08-23,20:08,N20,VIIRS,n,N,307.4,282.3,2.69,0.51,0.41,2.0NRT,2026-08-23 00:00:00+00:00,SOURCE_0304,0.129241536692149,False,LOW,,,1,2026-08-23 00:00:00+00:00,0.0,,
FIRMS_000570,27.37927,95.08714,2026-08-23,20:08,N20,VIIRS,n,N,301.67,268.78,0.49,0.35,0.57,2.0NRT,2026-08-23 00:00:00+00:00,SOURCE_0305,0.129241536692149,False,LOW,,,1,2026-08-23 00:00:00+00:00,0.0,,
FIRMS_000572,27.31631,95.26515,2026-08-23,20:08,N20,VIIRS,n,N,296.82,265.87,0.28,0.36,0.57,2.0NRT,2026-08-23 00:00:00+00:00,SOURCE_0306,0.129241536692149,False,LOW,,,1,2026-08-23 00:00:00+00:00,0.0,,
FIRMS_000575,29.46122,76.88956,2026-08-23,20:08,N20,VIIRS,n,N,307.93,290.09,3.65,0.6,0.53,2.0NRT,2026-08-23 00:00:00+00:00,SOURCE_0307,0.16305995342683668,False,LOW,,,1,2026-08-23 00:00:00+00:00,0.0,,
FIRMS_001237,29.45843,76.89032,2026-08-23,20:53,N21,VIIRS,n,N,307.74,291.53,0.61,0.47,0.4,2.0NRT,2026-08-23 00:00:00+00:00,SOURCE_0307,0.16305995342683668,False,LOW,3.65,-3.04,2,2026-08-23 00:00:00+00:00,0.0,2026-08-23 00:00:00+00:00,0.0
FIRMS_000577,28.83727,77.13653,2026-08-23,20:08,N20,VIIRS,n,N,303.18,287.27,2.26,0.57,0.52,2.0NRT,2026-08-23 00:00:00+00:00,SOURCE_0308,0.129241536692149,False,LOW,,,1,2026-08-23 00:00:00+00:00,0.0,,
FIRMS_000579,26.26939,74.18853,2026-08-23,20:08,N20,VIIRS,n,N,303.21,287.36,0.91,0.4,0.6,2.0NRT,2026-08-23 00:00:00+00:00,SOURCE_0309,0.129241536692149,False,LOW,,,1,2026-08-23 00:00:00+00:00,0.0,,
FIRMS_001107,24.12137,86.86515,2026-08-22,19:32,N21,VIIRS,n,N,302.81,281.78,0.37,0.39,0.44,2.0NRT,2026-08-22 00:00:00+00:00,SOURCE_0310,0.2692817258878132,True,LOW,,,1,2026-08-22 00:00:00+00:00,0.0,,
FIRMS_000580,24.12066,86.86448,2026-08-23,20:08,N20,VIIRS,n,N,311.8,285.06,1.33,0.43,0.38,2.0NRT,2026-08-23 00:00:00+00:00,SOURCE_0310,0.2692817258878132,True,LOW,0.37,0.9600000000000001,2,2026-08-22 00:00:00+00:00,1.0,2026-08-22 00:00:00+00:00,24.0
FIRMS_000581,24.12162,86.86566,2026-08-23,20:08,N20,VIIRS,n,N,304.33,284.77,1.56,0.43,0.38,2.0NRT,2026-08-23 00:00:00+00:00,SOURCE_0310,0.2692817258878132,True,LOW,1.33,0.22999999999999998,3,2026-08-22 00:00:00+00:00,1.0,2026-08-23 00:00:00+00:00,0.0
FIRMS_000583,18.68086,73.03121,2026-08-23,20:10,N20,VIIRS,n,N,297.68,285.37,1.5,0.39,0.6,2.0NRT,2026-08-23 00:00:00+00:00,SOURCE_0311,0.16305995342683668,False,LOW,,,1,2026-08-23 00:00:00+00:00,0.0,,
FIRMS_000584,18.68132,73.03327,2026-08-23,20:10,N20,VIIRS,n,N,296.61,286.61,1.48,0.39,0.6,2.0NRT,2026-08-23 00:00:00+00:00,SOURCE_0311,0.16305995342683668,False,LOW,1.5,-0.020000000000000018,2,2026-08-23 00:00:00+00:00,0.0,2026-08-23 00:00:00+00:00,0.0
FIRMS_000586,10.07273,77.25261,2026-08-23,20:12,N20,VIIRS,n,N,322.31,288.36,2.32,0.49,0.4,2.0NRT,2026-08-23 00:00:00+00:00,SOURCE_0312,0.2337300840200212,True,LOW,,,1,2026-08-23 00:00:00+00:00,0.0,,
FIRMS_000588,10.07212,77.25668,2026-08-23,20:12,N20,VIIRS,n,N,332.29,290.02,2.6,0.49,0.4,2.0NRT,2026-08-23 00:00:00+00:00,SOURCE_0312,0.2337300840200212,True,LOW,2.32,0.28000000000000025,2,2026-08-23 00:00:00+00:00,0.0,2026-08-23 00:00:00+00:00,0.0
FIRMS_000589,10.07588,77.25687,2026-08-23,20:12,N20,VIIRS,n,N,302.63,288.18,2.6,0.49,0.4,2.0NRT,2026-08-23 00:00:00+00:00,SOURCE_0312,0.2337300840200212,True,LOW,2.6,0.0,3,2026-08-23 00:00:00+00:00,0.0,2026-08-23 00:00:00+00:00,0.0
FIRMS_000590,10.07459,77.25485,2026-08-23,20:12,N20,VIIRS,n,N,309.07,288.03,1.31,0.49,0.4,2.0NRT,2026-08-23 00:00:00+00:00,SOURCE_0312,0.2337300840200212,True,LOW,2.6,-1.29,4,2026-08-23 00:00:00+00:00,0.0,2026-08-23 00:00:00+00:00,0.0
FIRMS_001272,10.07067,77.25338,2026-08-23,20:57,N21,VIIRS,n,N,296.24,284.9,1.7,0.35,0.57,2.0NRT,2026-08-23 00:00:00+00:00,SOURCE_0312,0.2337300840200212,True,LOW,1.31,0.3899999999999999,5,2026-08-23 00:00:00+00:00,0.0,2026-08-23 00:00:00+00:00,0.0
FIRMS_001273,10.06989,77.25764,2026-08-23,20:57,N21,VIIRS,n,N,295.88,283.55,1.09,0.35,0.57,2.0NRT,2026-08-23 00:00:00+00:00,SOURCE_0312,0.2337300840200212,True,LOW,1.7,-0.6099999999999999,6,2026-08-23 00:00:00+00:00,0.0,2026-08-23 00:00:00+00:00,0.0
FIRMS_000587,10.88856,78.48952,2026-08-23,20:12,N20,VIIRS,n,N,318.63,291.13,3.34,0.44,0.38,2.0NRT,2026-08-23 00:00:00+00:00,SOURCE_0313,0.129241536692149,False,LOW,,,1,2026-08-23 00:00:00+00:00,0.0,,
FIRMS_000591,31.25682,76.92467,2026-08-23,21:46,N20,VIIRS,n,N,299.45,287.71,1.46,0.74,0.76,2.0NRT,2026-08-23 00:00:00+00:00,SOURCE_0314,0.25067010812072044,True,LOW,,,1,2026-08-23 00:00:00+00:00,0.0,,
FIRMS_000620,31.25751,76.92367,2026-08-24,21:27,N20,VIIRS,n,N,302.19,288.38,0.81,0.4,0.6,2.0NRT,2026-08-24 00:00:00+00:00,SOURCE_0314,0.25067010812072044,True,LOW,1.46,-0.6499999999999999,2,2026-08-23 00:00:00+00:00,1.0,2026-08-23 00:00:00+00:00,24.0
FIRMS_000592,32.00023,78.53627,2026-08-24,07:24,N20,VIIRS,n,D,343.6,309.57,8.91,0.47,0.48,2.0NRT,2026-08-24 00:00:00+00:00,SOURCE_0315,0.16305995342683668,False,LOW,,,1,2026-08-24 00:00:00+00:00,0.0,,
FIRMS_001282,31.99993,78.53543,2026-08-24,08:09,N21,VIIRS,n,D,342.79,306.47,20.93,0.54,0.42,2.0NRT,2026-08-24 00:00:00+00:00,SOURCE_0315,0.16305995342683668,False,LOW,8.91,12.02,2,2026-08-24 00:00:00+00:00,0.0,2026-08-24 00:00:00+00:00,0.0
FIRMS_001233,23.56032,87.24065,2026-08-23,19:13,N21,VIIRS,n,N,314.83,279.56,2.5,0.36,0.58,2.0NRT,2026-08-23 00:00:00+00:00,SOURCE_0316,0.42265433228744903,True,MEDIUM,,,1,2026-08-23 00:00:00+00:00,0.0,,
FIRMS_001234,23.55503,87.2401,2026-08-23,19:13,N21,VIIRS,n,N,311.8,278.82,1.65,0.36,0.58,2.0NRT,2026-08-23 00:00:00+00:00,SOURCE_0316,0.42265433228744903,True,MEDIUM,2.5,-0.8500000000000001,2,2026-08-23 00:00:00+00:00,0.0,2026-08-23 00:00:00+00:00,0.0
FIRMS_000593,23.55629,87.24419,2026-08-24,19:49,N20,VIIRS,n,N,306.97,287.04,2.3,0.4,0.37,2.0NRT,2026-08-24 00:00:00+00:00,SOURCE_0316,0.42265433228744903,True,MEDIUM,1.65,0.6499999999999999,3,2026-08-23 00:00:00+00:00,1.0,2026-08-23 00:00:00+00:00,24.0
FIRMS_000595,23.55686,87.24026,2026-08-24,19:49,N20,VIIRS,n,N,330.3,287.55,2.3,0.4,0.37,2.0NRT,2026-08-24 00:00:00+00:00,SOURCE_0316,0.42265433228744903,True,MEDIUM,2.3,0.0,4,2026-08-23 00:00:00+00:00,1.0,2026-08-24 00:00:00+00:00,0.0
FIRMS_000604,23.56024,87.24084,2026-08-24,19:49,N20,VIIRS,n,N,317.79,285.5,2.15,0.4,0.37,2.0NRT,2026-08-24 00:00:00+00:00,SOURCE_0316,0.42265433228744903,True,MEDIUM,2.3,-0.1499999999999999,5,2026-08-23 00:00:00+00:00,1.0,2026-08-24 00:00:00+00:00,0.0
FIRMS_001290,23.5561,87.23985,2026-08-24,20:34,N21,VIIRS,n,N,302.88,277.95,1.0,0.43,0.62,2.0NRT,2026-08-24 00:00:00+00:00,SOURCE_0316,0.42265433228744903,True,MEDIUM,2.15,-1.15,6,2026-08-23 00:00:00+00:00,1.0,2026-08-24 00:00:00+00:00,0.0
FIRMS_000644,23.56146,87.23864,2026-08-25,19:32,N20,VIIRS,n,N,298.85,276.18,0.59,0.45,0.47,2.0NRT,2026-08-25 00:00:00+00:00,SOURCE_0316,0.42265433228744903,True,MEDIUM,1.0,-0.41000000000000003,7,2026-08-23 00:00:00+00:00,2.0,2026-08-24 00:00:00+00:00,24.0
FIRMS_001362,23.55735,87.24048,2026-08-25,20:17,N21,VIIRS,n,N,308.03,279.43,1.85,0.43,0.46,2.0NRT,2026-08-25 00:00:00+00:00,SOURCE_0316,0.42265433228744903,True,MEDIUM,0.59,1.2600000000000002,8,2026-08-23 00:00:00+00:00,2.0,2026-08-25 00:00:00+00:00,0.0
FIRMS_000594,23.65765,85.50914,2026-08-24,19:49,N20,VIIRS,n,N,301.62,289.07,1.35,0.46,0.39,2.0NRT,2026-08-24 00:00:00+00:00,SOURCE_0317,0.16305995342683668,False,LOW,,,1,2026-08-24 00:00:00+00:00,0.0,,
FIRMS_000596,23.65687,85.50671,2026-08-24,19:49,N20,VIIRS,n,N,300.76,289.06,0.68,0.46,0.39,2.0NRT,2026-08-24 00:00:00+00:00,SOURCE_0317,0.16305995342683668,False,LOW,1.35,-0.67,2,2026-08-24 00:00:00+00:00,0.0,2026-08-24 00:00:00+00:00,0.0
FIRMS_000597,23.66972,84.99499,2026-08-24,19:49,N20,VIIRS,n,N,300.78,288.22,1.35,0.49,0.4,2.0NRT,2026-08-24 00:00:00+00:00,SOURCE_0318,0.129241536692149,False,LOW,,,1,2026-08-24 00:00:00+00:00,0.0,,
FIRMS_000605,23.75644,85.85175,2026-08-24,19:49,N20,VIIRS,n,N,306.19,289.93,1.51,0.45,0.39,2.0NRT,2026-08-24 00:00:00+00:00,SOURCE_0319,0.18705450195572657,False,LOW,,,1,2026-08-24 00:00:00+00:00,0.0,,
FIRMS_000606,23.7594,85.85674,2026-08-24,19:49,N20,VIIRS,n,N,309.62,290.4,1.51,0.45,0.39,2.0NRT,2026-08-24 00:00:00+00:00,SOURCE_0319,0.18705450195572657,False,LOW,1.51,0.0,2,2026-08-24 00:00:00+00:00,0.0,2026-08-24 00:00:00+00:00,0.0
FIRMS_000607,23.76,85.85234,2026-08-24,19:49,N20,VIIRS,n,N,302.56,289.08,1.51,0.45,0.39,2.0NRT,2026-08-24 00:00:00+00:00,SOURCE_0319,0.18705450195572657,False,LOW,1.51,0.0,3,2026-08-24 00:00:00+00:00,0.0,2026-08-24 00:00:00+00:00,0.0
FIRMS_000608,23.68914,87.10023,2026-08-24,19:49,N20,VIIRS,n,N,300.3,277.44,0.92,0.41,0.37,2.0NRT,2026-08-24 00:00:00+00:00,SOURCE_0320,0.129241536692149,False,LOW,,,1,2026-08-24 00:00:00+00:00,0.0,,
FIRMS_000610,17.60995,83.20184,2026-08-24,19:51,N20,VIIRS,n,N,302.24,282.89,2.91,0.52,0.41,2.0NRT,2026-08-24 00:00:00+00:00,SOURCE_0321,0.25067010812072044,True,LOW,,,1,2026-08-24 00:00:00+00:00,0.0,,
FIRMS_000657,17.6105,83.20296,2026-08-25,19:32,N20,VIIRS,n,N,318.58,287.06,1.83,0.34,0.56,2.0NRT,2026-08-25 00:00:00+00:00,SOURCE_0321,0.25067010812072044,True,LOW,2.91,-1.08,2,2026-08-24 00:00:00+00:00,1.0,2026-08-24 00:00:00+00:00,24.0
FIRMS_000611,15.18525,76.66425,2026-08-24,19:51,N20,VIIRS,n,N,317.21,279.86,2.67,0.42,0.61,2.0NRT,2026-08-24 00:00:00+00:00,SOURCE_0322,0.308483073384298,True,MEDIUM,,,1,2026-08-24 00:00:00+00:00,0.0,,
FIRMS_000613,15.17959,76.6636,2026-08-24,19:51,N20,VIIRS,n,N,300.38,279.65,1.44,0.42,0.61,2.0NRT,2026-08-24 00:00:00+00:00,SOURCE_0322,0.308483073384298,True,MEDIUM,2.67,-1.23,2,2026-08-24 00:00:00+00:00,0.0,2026-08-24 00:00:00+00:00,0.0
FIRMS_000617,15.18214,76.66415,2026-08-24,19:51,N20,VIIRS,n,N,322.33,279.71,3.62,0.42,0.61,2.0NRT,2026-08-24 00:00:00+00:00,SOURCE_0322,0.308483073384298,True,MEDIUM,1.44,2.18,3,2026-08-24 00:00:00+00:00,0.0,2026-08-24 00:00:00+00:00,0.0
FIRMS_001280,15.18392,76.6673,2026-08-24,08:05,N21,VIIRS,l,D,336.44,295.62,5.39,0.39,0.36,2.0NRT,2026-08-24 00:00:00+00:00,SOURCE_0322,0.308483073384298,True,MEDIUM,3.62,1.7699999999999996,4,2026-08-24 00:00:00+00:00,0.0,2026-08-24 00:00:00+00:00,0.0
FIRMS_001344,15.18253,76.66524,2026-08-25,20:17,N21,VIIRS,n,N,319.43,286.59,2.35,0.43,0.38,2.0NRT,2026-08-25 00:00:00+00:00,SOURCE_0322,0.308483073384298,True,MEDIUM,5.39,-3.0399999999999996,5,2026-08-24 00:00:00+00:00,1.0,2026-08-24 00:00:00+00:00,24.0
FIRMS_001345,15.18196,76.66917,2026-08-25,20:17,N21,VIIRS,n,N,306.06,287.83,2.35,0.43,0.38,2.0NRT,2026-08-25 00:00:00+00:00,SOURCE_0322,0.308483073384298,True,MEDIUM,2.35,0.0,6,2026-08-24 00:00:00+00:00,1.0,2026-08-25 00:00:00+00:00,0.0
FIRMS_000612,15.18397,76.67608,2026-08-24,19:51,N20,VIIRS,n,N,307.12,280.32,1.58,0.42,0.61,2.0NRT,2026-08-24 00:00:00+00:00,SOURCE_0323,0.16305995342683668,False,LOW,,,1,2026-08-24 00:00:00+00:00,0.0,,
FIRMS_000616,15.18643,76.67658,2026-08-24,19:51,N20,VIIRS,n,N,305.01,280.13,2.84,0.42,0.61,2.0NRT,2026-08-24 00:00:00+00:00,SOURCE_0323,0.16305995342683668,False,LOW,1.58,1.2599999999999998,2,2026-08-24 00:00:00+00:00,0.0,2026-08-24 00:00:00+00:00,0.0
FIRMS_000614,15.17831,76.67545,2026-08-24,19:51,N20,VIIRS,n,N,302.22,280.88,1.34,0.42,0.61,2.0NRT,2026-08-24 00:00:00+00:00,SOURCE_0324,0.129241536692149,False,LOW,,,1,2026-08-24 00:00:00+00:00,0.0,,
FIRMS_000615,15.18871,76.6569,2026-08-24,19:51,N20,VIIRS,n,N,301.81,280.75,2.33,0.42,0.61,2.0NRT,2026-08-24 00:00:00+00:00,SOURCE_0325,0.25067010812072044,True,LOW,,,1,2026-08-24 00:00:00+00:00,0.0,,
FIRMS_001343,15.18715,76.6579,2026-08-25,20:17,N21,VIIRS,n,N,302.1,288.92,2.19,0.43,0.38,2.0NRT,2026-08-25 00:00:00+00:00,SOURCE_0325,0.25067010812072044,True,LOW,2.33,-0.14000000000000012,2,2026-08-24 00:00:00+00:00,1.0,2026-08-24 00:00:00+00:00,24.0
FIRMS_000618,15.17784,76.65171,2026-08-24,19:51,N20,VIIRS,n,N,302.12,278.92,1.57,0.42,0.61,2.0NRT,2026-08-24 00:00:00+00:00,SOURCE_0326,0.308483073384298,True,MEDIUM,,,1,2026-08-24 00:00:00+00:00,0.0,,
FIRMS_000619,15.17738,76.65565,2026-08-24,19:51,N20,VIIRS,n,N,301.94,280.24,2.18,0.42,0.61,2.0NRT,2026-08-24 00:00:00+00:00,SOURCE_0326,0.308483073384298,True,MEDIUM,1.57,0.6100000000000001,2,2026-08-24 00:00:00+00:00,0.0,2026-08-24 00:00:00+00:00,0.0
FIRMS_001279,15.17561,76.65761,2026-08-24,08:05,N21,VIIRS,n,D,342.81,296.54,8.73,0.39,0.36,2.0NRT,2026-08-24 00:00:00+00:00,SOURCE_0326,0.308483073384298,True,MEDIUM,2.18,6.550000000000001,3,2026-08-24 00:00:00+00:00,0.0,2026-08-24 00:00:00+00:00,0.0
FIRMS_001347,15.17676,76.65635,2026-08-25,20:17,N21,VIIRS,n,N,320.65,291.17,2.56,0.43,0.38,2.0NRT,2026-08-25 00:00:00+00:00,SOURCE_0326,0.308483073384298,True,MEDIUM,8.73,-6.17,4,2026-08-24 00:00:00+00:00,1.0,2026-08-24 00:00:00+00:00,24.0
FIRMS_001348,15.17734,76.65241,2026-08-25,20:17,N21,VIIRS,n,N,311.91,290.79,3.24,0.43,0.38,2.0NRT,2026-08-25 00:00:00+00:00,SOURCE_0326,0.308483073384298,True,MEDIUM,2.56,0.6800000000000002,5,2026-08-24 00:00:00+00:00,1.0,2026-08-25 00:00:00+00:00,0.0
FIRMS_001350,15.1733,76.65583,2026-08-25,20:17,N21,VIIRS,n,N,308.24,290.83,2.56,0.43,0.38,2.0NRT,2026-08-25 00:00:00+00:00,SOURCE_0326,0.308483073384298,True,MEDIUM,3.24,-0.6800000000000002,6,2026-08-24 00:00:00+00:00,1.0,2026-08-25 00:00:00+00:00,0.0
FIRMS_001241,24.81994,73.09312,2026-08-23,20:53,N21,VIIRS,n,N,315.29,294.73,1.72,0.39,0.36,2.0NRT,2026-08-23 00:00:00+00:00,SOURCE_0327,0.2692817258878132,True,LOW,,,1,2026-08-23 00:00:00+00:00,0.0,,
FIRMS_000621,24.8207,73.09208,2026-08-24,21:29,N20,VIIRS,n,N,303.71,286.95,0.73,0.33,0.55,2.0NRT,2026-08-24 00:00:00+00:00,SOURCE_0327,0.2692817258878132,True,LOW,1.72,-0.99,2,2026-08-23 00:00:00+00:00,1.0,2026-08-23 00:00:00+00:00,24.0
FIRMS_000624,24.82048,73.09338,2026-08-24,21:29,N20,VIIRS,n,N,302.31,286.88,0.84,0.33,0.55,2.0NRT,2026-08-24 00:00:00+00:00,SOURCE_0327,0.2692817258878132,True,LOW,0.73,0.10999999999999999,3,2026-08-23 00:00:00+00:00,1.0,2026-08-24 00:00:00+00:00,0.0
FIRMS_001243,24.69098,73.00512,2026-08-23,20:53,N21,VIIRS,n,N,304.11,293.03,0.98,0.39,0.36,2.0NRT,2026-08-23 00:00:00+00:00,SOURCE_0328,0.2692817258878132,True,LOW,,,1,2026-08-23 00:00:00+00:00,0.0,,
FIRMS_001244,24.68829,73.00064,2026-08-23,20:53,N21,VIIRS,n,N,305.3,292.89,0.98,0.39,0.36,2.0NRT,2026-08-23 00:00:00+00:00,SOURCE_0328,0.2692817258878132,True,LOW,0.98,0.0,2,2026-08-23 00:00:00+00:00,0.0,2026-08-23 00:00:00+00:00,0.0
FIRMS_000623,24.68919,73.00189,2026-08-24,21:29,N20,VIIRS,n,N,304.95,290.34,0.68,0.32,0.55,2.0NRT,2026-08-24 00:00:00+00:00,SOURCE_0328,0.2692817258878132,True,LOW,0.98,-0.29999999999999993,3,2026-08-23 00:00:00+00:00,1.0,2026-08-23 00:00:00+00:00,24.0
FIRMS_001252,25.94286,72.19045,2026-08-23,20:55,N21,VIIRS,n,N,307.37,294.51,0.97,0.38,0.36,2.0NRT,2026-08-23 00:00:00+00:00,SOURCE_0329,0.39609322807818176,True,MEDIUM,,,1,2026-08-23 00:00:00+00:00,0.0,,
FIRMS_000625,25.94493,72.19168,2026-08-24,21:29,N20,VIIRS,n,N,307.22,293.25,1.55,0.54,0.51,2.0NRT,2026-08-24 00:00:00+00:00,SOURCE_0329,0.39609322807818176,True,MEDIUM,0.97,0.5800000000000001,2,2026-08-23 00:00:00+00:00,1.0,2026-08-23 00:00:00+00:00,24.0
FIRMS_001297,25.94196,72.19294,2026-08-24,20:34,N21,VIIRS,n,N,305.95,294.78,1.97,0.53,0.42,2.0NRT,2026-08-24 00:00:00+00:00,SOURCE_0329,0.39609322807818176,True,MEDIUM,1.55,0.41999999999999993,3,2026-08-23 00:00:00+00:00,1.0,2026-08-24 00:00:00+00:00,0.0
FIRMS_000663,25.9438,72.19157,2026-08-25,21:12,N20,VIIRS,n,N,304.35,280.35,0.77,0.45,0.39,2.0NRT,2026-08-25 00:00:00+00:00,SOURCE_0329,0.39609322807818176,True,MEDIUM,1.97,-1.2,4,2026-08-23 00:00:00+00:00,2.0,2026-08-24 00:00:00+00:00,24.0
FIRMS_001361,25.94452,72.18851,2026-08-25,20:17,N21,VIIRS,n,N,300.18,277.97,0.85,0.34,0.56,2.0NRT,2026-08-25 00:00:00+00:00,SOURCE_0329,0.39609322807818176,True,MEDIUM,0.77,0.07999999999999996,5,2026-08-23 00:00:00+00:00,2.0,2026-08-25 00:00:00+00:00,0.0
FIRMS_001195,22.92903,70.10583,2026-08-23,08:26,N21,VIIRS,n,D,337.17,303.9,7.97,0.39,0.36,2.0NRT,2026-08-23 00:00:00+00:00,SOURCE_0330,0.3720986795492919,True,MEDIUM,,,1,2026-08-23 00:00:00+00:00,0.0,,
FIRMS_000627,22.92938,70.10797,2026-08-24,21:31,N20,VIIRS,n,N,307.66,293.79,1.57,0.47,0.47,2.0NRT,2026-08-24 00:00:00+00:00,SOURCE_0330,0.3720986795492919,True,MEDIUM,7.97,-6.3999999999999995,2,2026-08-23 00:00:00+00:00,1.0,2026-08-23 00:00:00+00:00,24.0
FIRMS_000666,22.92767,70.10764,2026-08-25,21:12,N20,VIIRS,n,N,315.24,293.46,1.1,0.41,0.37,2.0NRT,2026-08-25 00:00:00+00:00,SOURCE_0330,0.3720986795492919,True,MEDIUM,1.57,-0.47,3,2026-08-23 00:00:00+00:00,2.0,2026-08-24 00:00:00+00:00,24.0
FIRMS_000628,22.93402,69.69881,2026-08-24,21:31,N20,VIIRS,n,N,314.16,294.18,2.18,0.44,0.46,2.0NRT,2026-08-24 00:00:00+00:00,SOURCE_0331,0.308483073384298,True,MEDIUM,,,1,2026-08-24 00:00:00+00:00,0.0,,
FIRMS_001312,22.93522,69.69798,2026-08-24,20:36,N21,VIIRS,n,N,309.2,293.68,1.47,0.45,0.47,2.0NRT,2026-08-24 00:00:00+00:00,SOURCE_0331,0.308483073384298,True,MEDIUM,2.18,-0.7100000000000002,2,2026-08-24 00:00:00+00:00,0.0,2026-08-24 00:00:00+00:00,0.0
FIRMS_001313,22.93092,69.6974,2026-08-24,20:36,N21,VIIRS,n,N,305.22,293.62,1.29,0.45,0.47,2.0NRT,2026-08-24 00:00:00+00:00,SOURCE_0331,0.308483073384298,True,MEDIUM,1.47,-0.17999999999999994,3,2026-08-24 00:00:00+00:00,0.0,2026-08-24 00:00:00+00:00,0.0
FIRMS_000668,22.93445,69.69788,2026-08-25,21:12,N20,VIIRS,n,N,330.6,293.92,3.76,0.4,0.37,2.0NRT,2026-08-25 00:00:00+00:00,SOURCE_0331,0.308483073384298,True,MEDIUM,1.29,2.4699999999999998,4,2026-08-24 00:00:00+00:00,1.0,2026-08-24 00:00:00+00:00,24.0
FIRMS_000669,22.9338,69.70174,2026-08-25,21:12,N20,VIIRS,n,N,317.05,294.03,2.97,0.4,0.37,2.0NRT,2026-08-25 00:00:00+00:00,SOURCE_0331,0.308483073384298,True,MEDIUM,3.76,-0.7899999999999996,5,2026-08-24 00:00:00+00:00,1.0,2026-08-25 00:00:00+00:00,0.0
FIRMS_000670,22.9311,69.69724,2026-08-25,21:12,N20,VIIRS,n,N,306.28,294.03,1.76,0.4,0.37,2.0NRT,2026-08-25 00:00:00+00:00,SOURCE_0331,0.308483073384298,True,MEDIUM,2.97,-1.2100000000000002,6,2026-08-24 00:00:00+00:00,1.0,2026-08-25 00:00:00+00:00,0.0
FIRMS_000629,22.34236,69.87119,2026-08-24,21:31,N20,VIIRS,n,N,331.0,292.96,5.31,0.46,0.47,2.0NRT,2026-08-24 00:00:00+00:00,SOURCE_0332,0.2448674672193041,True,LOW,,,1,2026-08-24 00:00:00+00:00,0.0,,
FIRMS_001315,22.34392,69.86665,2026-08-24,20:36,N21,VIIRS,n,N,339.9,293.84,7.01,0.43,0.46,2.0NRT,2026-08-24 00:00:00+00:00,SOURCE_0332,0.2448674672193041,True,LOW,5.31,1.7000000000000002,2,2026-08-24 00:00:00+00:00,0.0,2026-08-24 00:00:00+00:00,0.0
FIRMS_001316,22.3444,69.86245,2026-08-24,20:36,N21,VIIRS,n,N,308.11,293.06,2.37,0.44,0.46,2.0NRT,2026-08-24 00:00:00+00:00,SOURCE_0332,0.2448674672193041,True,LOW,7.01,-4.64,3,2026-08-24 00:00:00+00:00,0.0,2026-08-24 00:00:00+00:00,0.0
FIRMS_001317,22.34343,69.87085,2026-08-24,20:36,N21,VIIRS,n,N,313.73,293.41,7.01,0.43,0.46,2.0NRT,2026-08-24 00:00:00+00:00,SOURCE_0332,0.2448674672193041,True,LOW,2.37,4.64,4,2026-08-24 00:00:00+00:00,0.0,2026-08-24 00:00:00+00:00,0.0
FIRMS_001318,22.34017,69.86192,2026-08-24,20:36,N21,VIIRS,n,N,307.83,293.93,3.82,0.44,0.46,2.0NRT,2026-08-24 00:00:00+00:00,SOURCE_0332,0.2448674672193041,True,LOW,7.01,-3.19,5,2026-08-24 00:00:00+00:00,0.0,2026-08-24 00:00:00+00:00,0.0
FIRMS_001319,22.33969,69.86611,2026-08-24,20:36,N21,VIIRS,n,N,315.85,294.07,2.69,0.43,0.46,2.0NRT,2026-08-24 00:00:00+00:00,SOURCE_0332,0.2448674672193041,True,LOW,3.82,-1.13,6,2026-08-24 00:00:00+00:00,0.0,2026-08-24 00:00:00+00:00,0.0
FIRMS_001320,22.33921,69.8703,2026-08-24,20:36,N21,VIIRS,n,N,309.15,293.54,2.69,0.43,0.46,2.0NRT,2026-08-24 00:00:00+00:00,SOURCE_0332,0.2448674672193041,True,LOW,2.69,0.0,7,2026-08-24 00:00:00+00:00,0.0,2026-08-24 00:00:00+00:00,0.0
FIRMS_000632,29.45627,76.8924,2026-08-25,07:05,N20,VIIRS,n,D,327.41,281.67,4.73,0.63,0.72,2.0NRT,2026-08-25 00:00:00+00:00,SOURCE_0333,0.129241536692149,False,LOW,,,1,2026-08-25 00:00:00+00:00,0.0,,
FIRMS_000633,15.38928,75.22285,2026-08-25,08:41,N20,VIIRS,n,D,331.45,297.05,3.57,0.42,0.45,2.0NRT,2026-08-25 00:00:00+00:00,SOURCE_0334,0.129241536692149,False,LOW,,,1,2026-08-25 00:00:00+00:00,0.0,,
FIRMS_000634,17.08532,79.68513,2026-08-25,08:41,N20,VIIRS,n,D,332.03,288.06,4.27,0.43,0.62,2.0NRT,2026-08-25 00:00:00+00:00,SOURCE_0335,0.129241536692149,False,LOW,,,1,2026-08-25 00:00:00+00:00,0.0,,
FIRMS_000635,14.86755,79.73705,2026-08-25,08:41,N20,VIIRS,n,D,337.02,291.31,3.45,0.41,0.61,2.0NRT,2026-08-25 00:00:00+00:00,SOURCE_0336,0.129241536692149,False,LOW,,,1,2026-08-25 00:00:00+00:00,0.0,,
FIRMS_000636,18.70882,74.45466,2026-08-25,08:41,N20,VIIRS,n,D,336.09,295.12,3.57,0.41,0.45,2.0NRT,2026-08-25 00:00:00+00:00,SOURCE_0337,0.129241536692149,False,LOW,,,1,2026-08-25 00:00:00+00:00,0.0,,
FIRMS_000639,22.93576,69.1861,2026-08-25,08:43,N20,VIIRS,n,D,331.31,298.51,0.9,0.4,0.37,2.0NRT,2026-08-25 00:00:00+00:00,SOURCE_0338,0.129241536692149,False,LOW,,,1,2026-08-25 00:00:00+00:00,0.0,,
FIRMS_000640,26.75963,83.19836,2026-08-25,19:30,N20,VIIRS,n,N,301.32,278.65,1.23,0.44,0.62,2.0NRT,2026-08-25 00:00:00+00:00,SOURCE_0339,0.16305995342683668,False,LOW,,,1,2026-08-25 00:00:00+00:00,0.0,,
FIRMS_001360,26.75887,83.20107,2026-08-25,20:17,N21,VIIRS,n,N,310.96,289.53,1.19,0.4,0.37,2.0NRT,2026-08-25 00:00:00+00:00,SOURCE_0339,0.16305995342683668,False,LOW,1.23,-0.040000000000000036,2,2026-08-25 00:00:00+00:00,0.0,2026-08-25 00:00:00+00:00,0.0
FIRMS_000641,22.80134,86.09074,2026-08-25,19:32,N20,VIIRS,n,N,308.76,281.25,2.73,0.52,0.5,2.0NRT,2026-08-25 00:00:00+00:00,SOURCE_0340,0.129241536692149,False,LOW,,,1,2026-08-25 00:00:00+00:00,0.0,,
FIRMS_001295,23.66204,87.15504,2026-08-24,20:34,N21,VIIRS,n,N,306.74,277.33,2.54,0.42,0.61,2.0NRT,2026-08-24 00:00:00+00:00,SOURCE_0341,0.25067010812072044,True,LOW,,,1,2026-08-24 00:00:00+00:00,0.0,,
FIRMS_000642,23.66496,87.15575,2026-08-25,19:32,N20,VIIRS,n,N,310.24,276.63,1.93,0.46,0.47,2.0NRT,2026-08-25 00:00:00+00:00,SOURCE_0341,0.25067010812072044,True,LOW,2.54,-0.6100000000000001,2,2026-08-24 00:00:00+00:00,1.0,2026-08-24 00:00:00+00:00,24.0
FIRMS_000643,23.61165,87.14617,2026-08-25,19:32,N20,VIIRS,n,N,298.73,274.79,0.41,0.46,0.47,2.0NRT,2026-08-25 00:00:00+00:00,SOURCE_0342,0.129241536692149,False,LOW,,,1,2026-08-25 00:00:00+00:00,0.0,,
FIRMS_000645,22.78985,86.19658,2026-08-25,19:32,N20,VIIRS,n,N,299.79,278.86,1.59,0.51,0.49,2.0NRT,2026-08-25 00:00:00+00:00,SOURCE_0343,0.129241536692149,False,LOW,,,1,2026-08-25 00:00:00+00:00,0.0,,
FIRMS_000646,22.7893,86.20161,2026-08-25,19:32,N20,VIIRS,n,N,298.23,279.01,0.92,0.51,0.49,2.0NRT,2026-08-25 00:00:00+00:00,SOURCE_0344,0.129241536692149,False,LOW,,,1,2026-08-25 00:00:00+00:00,0.0,,
FIRMS_000647,22.78875,86.20664,2026-08-25,19:32,N20,VIIRS,n,N,298.14,276.01,0.92,0.51,0.49,2.0NRT,2026-08-25 00:00:00+00:00,SOURCE_0345,0.129241536692149,False,LOW,,,1,2026-08-25 00:00:00+00:00,0.0,,
FIRMS_000651,21.74762,83.84057,2026-08-25,19:32,N20,VIIRS,n,N,298.87,279.45,0.68,0.35,0.57,2.0NRT,2026-08-25 00:00:00+00:00,SOURCE_0346,0.129241536692149,False,LOW,,,1,2026-08-25 00:00:00+00:00,0.0,,
FIRMS_000652,21.39248,81.64462,2026-08-25,19:32,N20,VIIRS,n,N,301.02,277.24,0.73,0.48,0.65,2.0NRT,2026-08-25 00:00:00+00:00,SOURCE_0347,0.129241536692149,False,LOW,,,1,2026-08-25 00:00:00+00:00,0.0,,
FIRMS_000653,21.37752,81.67648,2026-08-25,19:32,N20,VIIRS,n,N,303.65,277.68,1.85,0.48,0.65,2.0NRT,2026-08-25 00:00:00+00:00,SOURCE_0348,0.129241536692149,False,LOW,,,1,2026-08-25 00:00:00+00:00,0.0,,
FIRMS_000654,21.19596,81.41667,2026-08-25,19:32,N20,VIIRS,n,N,327.82,281.6,2.93,0.5,0.66,2.0NRT,2026-08-25 00:00:00+00:00,SOURCE_0349,0.18705450195572657,False,LOW,,,1,2026-08-25 00:00:00+00:00,0.0,,
FIRMS_000655,21.19639,81.41189,2026-08-25,19:32,N20,VIIRS,n,N,307.28,281.28,2.93,0.5,0.66,2.0NRT,2026-08-25 00:00:00+00:00,SOURCE_0349,0.18705450195572657,False,LOW,2.93,0.0,2,2026-08-25 00:00:00+00:00,0.0,2026-08-25 00:00:00+00:00,0.0
FIRMS_001353,21.19608,81.41749,2026-08-25,20:17,N21,VIIRS,n,N,317.2,289.77,1.76,0.39,0.36,2.0NRT,2026-08-25 00:00:00+00:00,SOURCE_0349,0.18705450195572657,False,LOW,2.93,-1.1700000000000002,3,2026-08-25 00:00:00+00:00,0.0,2026-08-25 00:00:00+00:00,0.0
FIRMS_000656,21.3352,78.96751,2026-08-25,19:32,N20,VIIRS,n,N,301.03,280.3,2.37,0.72,0.76,2.0NRT,2026-08-25 00:00:00+00:00,SOURCE_0350,0.129241536692149,False,LOW,,,1,2026-08-25 00:00:00+00:00,0.0,,
FIRMS_000658,17.60567,83.19904,2026-08-25,19:32,N20,VIIRS,n,N,306.36,285.52,1.83,0.34,0.56,2.0NRT,2026-08-25 00:00:00+00:00,SOURCE_0351,0.129241536692149,False,LOW,,,1,2026-08-25 00:00:00+00:00,0.0,,
FIRMS_000659,34.47789,73.86224,2026-08-25,21:08,N20,VIIRS,n,N,296.97,286.25,6.61,0.42,0.38,2.0NRT,2026-08-25 00:00:00+00:00,SOURCE_0352,0.20566611972281934,False,LOW,,,1,2026-08-25 00:00:00+00:00,0.0,,
FIRMS_000660,34.47523,73.85731,2026-08-25,21:08,N20,VIIRS,n,N,331.54,291.71,6.61,0.42,0.38,2.0NRT,2026-08-25 00:00:00+00:00,SOURCE_0352,0.20566611972281934,False,LOW,6.61,0.0,2,2026-08-25 00:00:00+00:00,0.0,2026-08-25 00:00:00+00:00,0.0
FIRMS_000661,34.47445,73.86165,2026-08-25,21:08,N20,VIIRS,n,N,303.5,288.2,6.61,0.42,0.38,2.0NRT,2026-08-25 00:00:00+00:00,SOURCE_0352,0.20566611972281934,False,LOW,6.61,0.0,3,2026-08-25 00:00:00+00:00,0.0,2026-08-25 00:00:00+00:00,0.0
FIRMS_000662,34.47186,73.85632,2026-08-25,21:08,N20,VIIRS,n,N,298.24,287.8,1.3,0.42,0.38,2.0NRT,2026-08-25 00:00:00+00:00,SOURCE_0352,0.20566611972281934,False,LOW,6.61,-5.3100000000000005,4,2026-08-25 00:00:00+00:00,0.0,2026-08-25 00:00:00+00:00,0.0
FIRMS_000664,21.18221,81.38339,2026-08-25,21:12,N20,VIIRS,n,N,302.23,282.69,3.38,0.65,0.73,2.0NRT,2026-08-25 00:00:00+00:00,SOURCE_0353,0.18705450195572657,False,LOW,,,1,2026-08-25 00:00:00+00:00,0.0,,
FIRMS_001357,21.18432,81.38468,2026-08-25,20:17,N21,VIIRS,n,N,308.6,290.35,1.61,0.39,0.36,2.0NRT,2026-08-25 00:00:00+00:00,SOURCE_0353,0.18705450195572657,False,LOW,3.38,-1.7699999999999998,2,2026-08-25 00:00:00+00:00,0.0,2026-08-25 00:00:00+00:00,0.0
FIRMS_001358,21.18102,81.38407,2026-08-25,20:17,N21,VIIRS,n,N,309.56,290.28,2.19,0.39,0.36,2.0NRT,2026-08-25 00:00:00+00:00,SOURCE_0353,0.18705450195572657,False,LOW,1.61,0.5799999999999998,3,2026-08-25 00:00:00+00:00,0.0,2026-08-25 00:00:00+00:00,0.0
FIRMS_000665,23.49973,68.57806,2026-08-25,21:12,N20,VIIRS,n,N,299.67,289.53,0.72,0.38,0.36,2.0NRT,2026-08-25 00:00:00+00:00,SOURCE_0354,0.129241536692149,False,LOW,,,1,2026-08-25 00:00:00+00:00,0.0,,
FIRMS_000667,22.92693,69.82433,2026-08-25,21:12,N20,VIIRS,n,N,307.02,294.39,2.03,0.4,0.37,2.0NRT,2026-08-25 00:00:00+00:00,SOURCE_0355,0.129241536692149,False,LOW,,,1,2026-08-25 00:00:00+00:00,0.0,,
FIRMS_000671,22.3412,69.85442,2026-08-25,21:12,N20,VIIRS,n,N,306.8,291.97,2.19,0.41,0.37,2.0NRT,2026-08-25 00:00:00+00:00,SOURCE_0356,0.16305995342683668,False,LOW,,,1,2026-08-25 00:00:00+00:00,0.0,,
FIRMS_000672,22.33997,69.85574,2026-08-25,21:12,N20,VIIRS,n,N,308.37,292.92,3.06,0.41,0.37,2.0NRT,2026-08-25 00:00:00+00:00,SOURCE_0356,0.16305995342683668,False,LOW,2.19,0.8700000000000001,2,2026-08-25 00:00:00+00:00,0.0,2026-08-25 00:00:00+00:00,0.0
FIRMS_000673,22.42014,69.04203,2026-08-25,21:12,N20,VIIRS,n,N,302.36,284.81,0.79,0.39,0.36,2.0NRT,2026-08-25 00:00:00+00:00,SOURCE_0357,0.129241536692149,False,LOW,,,1,2026-08-25 00:00:00+00:00,0.0,,
FIRMS_000674,22.41745,69.03764,2026-08-25,21:12,N20,VIIRS,n,N,310.21,285.03,0.7,0.39,0.36,2.0NRT,2026-08-25 00:00:00+00:00,SOURCE_0358,0.129241536692149,False,LOW,,,1,2026-08-25 00:00:00+00:00,0.0,,
FIRMS_001310,20.91008,71.45858,2026-08-24,20:36,N21,VIIRS,n,N,304.73,291.81,1.97,0.51,0.41,2.0NRT,2026-08-24 00:00:00+00:00,SOURCE_0359,0.2692817258878132,True,LOW,,,1,2026-08-24 00:00:00+00:00,0.0,,
FIRMS_000677,20.9112,71.45757,2026-08-25,21:12,N20,VIIRS,n,N,302.1,284.29,0.57,0.49,0.4,2.0NRT,2026-08-25 00:00:00+00:00,SOURCE_0359,0.2692817258878132,True,LOW,1.97,-1.4,2,2026-08-24 00:00:00+00:00,1.0,2026-08-24 00:00:00+00:00,24.0
FIRMS_001379,20.91191,71.45881,2026-08-25,20:19,N21,VIIRS,n,N,305.05,290.37,0.96,0.33,0.55,2.0NRT,2026-08-25 00:00:00+00:00,SOURCE_0359,0.2692817258878132,True,LOW,0.57,0.39,3,2026-08-24 00:00:00+00:00,1.0,2026-08-25 00:00:00+00:00,0.0
FIRMS_000678,17.95949,80.79189,2026-08-25,21:14,N20,VIIRS,n,N,304.32,282.64,2.56,0.7,0.75,2.0NRT,2026-08-25 00:00:00+00:00,SOURCE_0360,0.20566611972281934,False,LOW,,,1,2026-08-25 00:00:00+00:00,0.0,,
FIRMS_000679,17.95897,80.78802,2026-08-25,21:14,N20,VIIRS,n,N,301.14,282.43,3.86,0.7,0.75,2.0NRT,2026-08-25 00:00:00+00:00,SOURCE_0360,0.20566611972281934,False,LOW,2.56,1.2999999999999998,2,2026-08-25 00:00:00+00:00,0.0,2026-08-25 00:00:00+00:00,0.0
FIRMS_001381,17.95628,80.79455,2026-08-25,20:19,N21,VIIRS,n,N,329.1,292.45,5.23,0.39,0.36,2.0NRT,2026-08-25 00:00:00+00:00,SOURCE_0360,0.20566611972281934,False,LOW,3.86,1.3700000000000006,3,2026-08-25 00:00:00+00:00,0.0,2026-08-25 00:00:00+00:00,0.0
FIRMS_001382,17.95747,80.7872,2026-08-25,20:19,N21,VIIRS,n,N,309.77,291.44,3.33,0.39,0.36,2.0NRT,2026-08-25 00:00:00+00:00,SOURCE_0360,0.20566611972281934,False,LOW,5.23,-1.9000000000000004,4,2026-08-25 00:00:00+00:00,0.0,2026-08-25 00:00:00+00:00,0.0
FIRMS_000680,15.34013,76.27901,2026-08-25,21:14,N20,VIIRS,n,N,303.12,286.55,1.89,0.4,0.6,2.0NRT,2026-08-25 00:00:00+00:00,SOURCE_0361,0.16305995342683668,False,LOW,,,1,2026-08-25 00:00:00+00:00,0.0,,
FIRMS_000681,15.33927,76.27831,2026-08-25,21:14,N20,VIIRS,n,N,307.71,286.95,2.0,0.4,0.6,2.0NRT,2026-08-25 00:00:00+00:00,SOURCE_0361,0.16305995342683668,False,LOW,1.89,0.1100000000000001,2,2026-08-25 00:00:00+00:00,0.0,2026-08-25 00:00:00+00:00,0.0
FIRMS_000682,15.10937,76.80316,2026-08-25,21:14,N20,VIIRS,n,N,296.23,286.09,2.57,0.44,0.62,2.0NRT,2026-08-25 00:00:00+00:00,SOURCE_0362,0.129241536692149,False,LOW,,,1,2026-08-25 00:00:00+00:00,0.0,,
FIRMS_000683,15.11204,76.8075,2026-08-25,21:14,N20,VIIRS,n,N,300.58,287.16,2.02,0.44,0.62,2.0NRT,2026-08-25 00:00:00+00:00,SOURCE_0363,0.129241536692149,False,LOW,,,1,2026-08-25 00:00:00+00:00,0.0,,
FIRMS_000684,27.82257,95.50542,2026-08-19,06:22,N21,VIIRS,n,D,332.09,289.61,4.27,0.41,0.45,2.0NRT,2026-08-19 00:00:00+00:00,SOURCE_0364,0.129241536692149,False,LOW,,,1,2026-08-19 00:00:00+00:00,0.0,,
FIRMS_000685,10.96018,76.78088,2026-08-19,07:58,N21,VIIRS,n,D,331.84,296.12,5.99,0.48,0.4,2.0NRT,2026-08-19 00:00:00+00:00,SOURCE_0365,0.16305995342683668,False,LOW,,,1,2026-08-19 00:00:00+00:00,0.0,,
FIRMS_000686,10.95938,76.78011,2026-08-19,07:58,N21,VIIRS,n,D,331.65,295.71,5.83,0.48,0.4,2.0NRT,2026-08-19 00:00:00+00:00,SOURCE_0365,0.16305995342683668,False,LOW,5.99,-0.16000000000000014,2,2026-08-19 00:00:00+00:00,0.0,2026-08-19 00:00:00+00:00,0.0
FIRMS_000687,8.88492,78.10483,2026-08-19,07:58,N21,VIIRS,l,D,336.28,303.21,7.56,0.44,0.38,2.0NRT,2026-08-19 00:00:00+00:00,SOURCE_0366,0.16305995342683668,False,LOW,,,1,2026-08-19 00:00:00+00:00,0.0,,
FIRMS_000691,8.88693,78.10458,2026-08-19,07:58,N21,VIIRS,l,D,335.91,302.4,9.25,0.44,0.38,2.0NRT,2026-08-19 00:00:00+00:00,SOURCE_0366,0.16305995342683668,False,LOW,7.56,1.6900000000000004,2,2026-08-19 00:00:00+00:00,0.0,2026-08-19 00:00:00+00:00,0.0
FIRMS_000688,9.36143,78.66453,2026-08-19,07:58,N21,VIIRS,l,D,340.4,303.02,8.62,0.41,0.37,2.0NRT,2026-08-19 00:00:00+00:00,SOURCE_0367,0.129241536692149,False,LOW,,,1,2026-08-19 00:00:00+00:00,0.0,,
FIRMS_000689,9.38254,78.68787,2026-08-19,07:58,N21,VIIRS,l,D,337.2,302.15,4.57,0.41,0.37,2.0NRT,2026-08-19 00:00:00+00:00,SOURCE_0368,0.129241536692149,False,LOW,,,1,2026-08-19 00:00:00+00:00,0.0,,
FIRMS_000690,9.49461,78.04112,2026-08-19,07:58,N21,VIIRS,l,D,342.19,304.09,14.71,0.44,0.38,2.0NRT,2026-08-19 00:00:00+00:00,SOURCE_0369,0.129241536692149,False,LOW,,,1,2026-08-19 00:00:00+00:00,0.0,,
FIRMS_000692,20.96184,86.00768,2026-08-19,08:01,N21,VIIRS,n,D,330.47,286.25,7.16,0.59,0.53,2.0NRT,2026-08-19 00:00:00+00:00,SOURCE_0370,0.18705450195572657,False,LOW,,,1,2026-08-19 00:00:00+00:00,0.0,,
FIRMS_000760,20.96274,86.0116,2026-08-19,20:29,N21,VIIRS,n,N,308.79,288.59,2.99,0.32,0.54,2.0NRT,2026-08-19 00:00:00+00:00,SOURCE_0370,0.18705450195572657,False,LOW,7.16,-4.17,2,2026-08-19 00:00:00+00:00,0.0,2026-08-19 00:00:00+00:00,0.0
FIRMS_000761,20.96212,86.01457,2026-08-19,20:29,N21,VIIRS,n,N,303.95,288.19,3.42,0.32,0.55,2.0NRT,2026-08-19 00:00:00+00:00,SOURCE_0370,0.18705450195572657,False,LOW,2.99,0.4299999999999997,3,2026-08-19 00:00:00+00:00,0.0,2026-08-19 00:00:00+00:00,0.0
FIRMS_000694,27.32586,95.27505,2026-08-19,18:45,N21,VIIRS,n,N,304.88,280.26,3.36,0.63,0.54,2.0NRT,2026-08-19 00:00:00+00:00,SOURCE_0371,0.25067010812072044,True,LOW,,,1,2026-08-19 00:00:00+00:00,0.0,,
FIRMS_000832,27.32581,95.27686,2026-08-20,20:08,N21,VIIRS,n,N,313.3,285.79,1.74,0.45,0.63,2.0NRT,2026-08-20 00:00:00+00:00,SOURCE_0371,0.25067010812072044,True,LOW,3.36,-1.6199999999999999,2,2026-08-19 00:00:00+00:00,1.0,2026-08-19 00:00:00+00:00,24.0
FIRMS_000695,26.77066,94.50631,2026-08-19,18:45,N21,VIIRS,n,N,308.8,287.51,1.52,0.35,0.56,2.0NRT,2026-08-19 00:00:00+00:00,SOURCE_0372,0.129241536692149,False,LOW,,,1,2026-08-19 00:00:00+00:00,0.0,,
FIRMS_000696,31.24827,76.92823,2026-08-19,20:25,N21,VIIRS,n,N,305.05,289.04,0.76,0.44,0.38,2.0NRT,2026-08-19 00:00:00+00:00,SOURCE_0373,0.129241536692149,False,LOW,,,1,2026-08-19 00:00:00+00:00,0.0,,
FIRMS_000703,23.51684,87.27125,2026-08-19,20:27,N21,VIIRS,n,N,305.73,287.18,3.24,0.34,0.56,2.0NRT,2026-08-19 00:00:00+00:00,SOURCE_0374,0.129241536692149,False,LOW,,,1,2026-08-19 00:00:00+00:00,0.0,,
FIRMS_000706,22.94316,85.96852,2026-08-19,20:27,N21,VIIRS,n,N,302.4,288.57,1.22,0.58,0.52,2.0NRT,2026-08-19 00:00:00+00:00,SOURCE_0375,0.129241536692149,False,LOW,,,1,2026-08-19 00:00:00+00:00,0.0,,
FIRMS_000722,22.24621,87.38834,2026-08-19,20:27,N21,VIIRS,n,N,305.74,280.88,0.81,0.37,0.58,2.0NRT,2026-08-19 00:00:00+00:00,SOURCE_0376,0.16305995342683668,False,LOW,,,1,2026-08-19 00:00:00+00:00,0.0,,
FIRMS_000724,22.24631,87.38953,2026-08-19,20:27,N21,VIIRS,n,N,302.36,280.59,0.2,0.37,0.58,2.0NRT,2026-08-19 00:00:00+00:00,SOURCE_0376,0.16305995342683668,False,LOW,0.81,-0.6100000000000001,2,2026-08-19 00:00:00+00:00,0.0,2026-08-19 00:00:00+00:00,0.0
FIRMS_000739,17.96787,83.15147,2026-08-19,20:29,N21,VIIRS,n,N,305.75,286.92,1.1,0.48,0.48,2.0NRT,2026-08-19 00:00:00+00:00,SOURCE_0377,0.25067010812072044,True,LOW,,,1,2026-08-19 00:00:00+00:00,0.0,,
FIRMS_000929,17.96913,83.15405,2026-08-20,20:12,N21,VIIRS,n,N,305.12,286.79,2.23,0.41,0.37,2.0NRT,2026-08-20 00:00:00+00:00,SOURCE_0377,0.25067010812072044,True,LOW,1.1,1.13,2,2026-08-19 00:00:00+00:00,1.0,2026-08-19 00:00:00+00:00,24.0
FIRMS_000740,17.98248,80.82807,2026-08-19,20:29,N21,VIIRS,n,N,304.47,287.66,2.05,0.52,0.41,2.0NRT,2026-08-19 00:00:00+00:00,SOURCE_0378,0.129241536692149,False,LOW,,,1,2026-08-19 00:00:00+00:00,0.0,,
FIRMS_000741,17.95848,80.78828,2026-08-19,20:29,N21,VIIRS,n,N,324.37,288.81,4.28,0.52,0.41,2.0NRT,2026-08-19 00:00:00+00:00,SOURCE_0379,0.3270946911513908,True,MEDIUM,,,1,2026-08-19 00:00:00+00:00,0.0,,
FIRMS_000742,17.95761,80.79309,2026-08-19,20:29,N21,VIIRS,n,N,330.42,289.71,5.58,0.52,0.41,2.0NRT,2026-08-19 00:00:00+00:00,SOURCE_0379,0.3270946911513908,True,MEDIUM,4.28,1.2999999999999998,2,2026-08-19 00:00:00+00:00,0.0,2026-08-19 00:00:00+00:00,0.0
FIRMS_000743,17.95841,80.78658,2026-08-19,20:29,N21,VIIRS,n,N,325.33,288.71,2.92,0.52,0.41,2.0NRT,2026-08-19 00:00:00+00:00,SOURCE_0379,0.3270946911513908,True,MEDIUM,5.58,-2.66,3,2026-08-19 00:00:00+00:00,0.0,2026-08-19 00:00:00+00:00,0.0
FIRMS_000744,17.95672,80.79622,2026-08-19,20:29,N21,VIIRS,n,N,325.58,287.88,3.3,0.52,0.41,2.0NRT,2026-08-19 00:00:00+00:00,SOURCE_0379,0.3270946911513908,True,MEDIUM,2.92,0.3799999999999999,4,2026-08-19 00:00:00+00:00,0.0,2026-08-19 00:00:00+00:00,0.0
FIRMS_000745,17.95757,80.7914,2026-08-19,20:29,N21,VIIRS,n,N,307.04,289.13,2.92,0.52,0.41,2.0NRT,2026-08-19 00:00:00+00:00,SOURCE_0379,0.3270946911513908,True,MEDIUM,3.3,-0.3799999999999999,5,2026-08-19 00:00:00+00:00,0.0,2026-08-19 00:00:00+00:00,0.0
FIRMS_000930,17.95719,80.79021,2026-08-20,20:12,N21,VIIRS,n,N,310.95,288.65,1.85,0.39,0.36,2.0NRT,2026-08-20 00:00:00+00:00,SOURCE_0379,0.3270946911513908,True,MEDIUM,2.92,-1.0699999999999998,6,2026-08-19 00:00:00+00:00,1.0,2026-08-19 00:00:00+00:00,24.0
FIRMS_000931,17.95664,80.79382,2026-08-20,20:12,N21,VIIRS,n,N,317.42,286.31,1.85,0.39,0.36,2.0NRT,2026-08-20 00:00:00+00:00,SOURCE_0379,0.3270946911513908,True,MEDIUM,1.85,0.0,7,2026-08-19 00:00:00+00:00,1.0,2026-08-20 00:00:00+00:00,0.0
FIRMS_000932,17.95608,80.79744,2026-08-20,20:12,N21,VIIRS,n,N,305.05,283.97,1.41,0.39,0.36,2.0NRT,2026-08-20 00:00:00+00:00,SOURCE_0379,0.3270946911513908,True,MEDIUM,1.85,-0.44000000000000017,8,2026-08-19 00:00:00+00:00,1.0,2026-08-20 00:00:00+00:00,0.0
FIRMS_000751,20.78388,85.25973,2026-08-19,20:29,N21,VIIRS,n,N,304.54,288.79,2.13,0.58,0.52,2.0NRT,2026-08-19 00:00:00+00:00,SOURCE_0380,0.129241536692149,False,LOW,,,1,2026-08-19 00:00:00+00:00,0.0,,
FIRMS_000759,20.96462,86.00256,2026-08-19,20:29,N21,VIIRS,n,N,306.47,288.86,0.97,0.32,0.54,2.0NRT,2026-08-19 00:00:00+00:00,SOURCE_0381,0.129241536692149,False,LOW,,,1,2026-08-19 00:00:00+00:00,0.0,,
FIRMS_000780,20.96873,85.1527,2026-08-19,20:29,N21,VIIRS,n,N,308.23,288.16,2.12,0.56,0.52,2.0NRT,2026-08-19 00:00:00+00:00,SOURCE_0382,0.129241536692149,False,LOW,,,1,2026-08-19 00:00:00+00:00,0.0,,
FIRMS_000790,11.42396,77.4256,2026-08-19,20:32,N21,VIIRS,n,N,304.77,277.28,1.06,0.43,0.38,2.0NRT,2026-08-19 00:00:00+00:00,SOURCE_0383,0.129241536692149,False,LOW,,,1,2026-08-19 00:00:00+00:00,0.0,,
FIRMS_000799,9.14298,77.53522,2026-08-20,07:37,N21,VIIRS,n,D,333.19,293.66,6.2,0.61,0.53,2.0NRT,2026-08-20 00:00:00+00:00,SOURCE_0384,0.16305995342683668,False,LOW,,,1,2026-08-20 00:00:00+00:00,0.0,,
FIRMS_000800,9.14139,77.53202,2026-08-20,07:37,N21,VIIRS,n,D,335.88,294.16,3.72,0.61,0.53,2.0NRT,2026-08-20 00:00:00+00:00,SOURCE_0384,0.16305995342683668,False,LOW,6.2,-2.48,2,2026-08-20 00:00:00+00:00,0.0,2026-08-20 00:00:00+00:00,0.0
FIRMS_000802,17.53239,83.00151,2026-08-20,07:39,N21,VIIRS,l,D,330.1,300.25,3.38,0.39,0.36,2.0NRT,2026-08-20 00:00:00+00:00,SOURCE_0385,0.129241536692149,False,LOW,,,1,2026-08-20 00:00:00+00:00,0.0,,
FIRMS_000803,17.60865,83.20535,2026-08-20,07:39,N21,VIIRS,n,D,332.41,298.32,5.91,0.38,0.36,2.0NRT,2026-08-20 00:00:00+00:00,SOURCE_0386,0.129241536692149,False,LOW,,,1,2026-08-20 00:00:00+00:00,0.0,,
FIRMS_000804,16.97086,77.69366,2026-08-20,07:39,N21,VIIRS,n,D,330.17,295.34,3.18,0.43,0.46,2.0NRT,2026-08-20 00:00:00+00:00,SOURCE_0387,0.129241536692149,False,LOW,,,1,2026-08-20 00:00:00+00:00,0.0,,
FIRMS_000805,18.64043,74.56492,2026-08-20,07:39,N21,VIIRS,n,D,340.74,293.78,4.3,0.32,0.55,2.0NRT,2026-08-20 00:00:00+00:00,SOURCE_0388,0.129241536692149,False,LOW,,,1,2026-08-20 00:00:00+00:00,0.0,,
FIRMS_000806,16.19041,78.37185,2026-08-20,07:39,N21,VIIRS,n,D,339.8,290.86,5.61,0.41,0.45,2.0NRT,2026-08-20 00:00:00+00:00,SOURCE_0389,0.129241536692149,False,LOW,,,1,2026-08-20 00:00:00+00:00,0.0,,
FIRMS_000821,30.36296,74.2361,2026-08-20,07:44,N21,VIIRS,n,D,331.16,298.43,2.27,0.4,0.44,2.0NRT,2026-08-20 00:00:00+00:00,SOURCE_0390,0.129241536692149,False,LOW,,,1,2026-08-20 00:00:00+00:00,0.0,,
FIRMS_000826,28.71234,76.83447,2026-08-20,20:08,N21,VIIRS,n,N,303.17,286.02,2.32,0.48,0.48,2.0NRT,2026-08-20 00:00:00+00:00,SOURCE_0391,0.16305995342683668,False,LOW,,,1,2026-08-20 00:00:00+00:00,0.0,,
FIRMS_000827,28.71263,76.83237,2026-08-20,20:08,N21,VIIRS,n,N,301.89,285.65,1.57,0.48,0.48,2.0NRT,2026-08-20 00:00:00+00:00,SOURCE_0391,0.16305995342683668,False,LOW,2.32,-0.7499999999999998,2,2026-08-20 00:00:00+00:00,0.0,2026-08-20 00:00:00+00:00,0.0
FIRMS_000828,28.13022,76.89521,2026-08-20,20:08,N21,VIIRS,n,N,307.03,287.76,0.92,0.47,0.47,2.0NRT,2026-08-20 00:00:00+00:00,SOURCE_0392,0.129241536692149,False,LOW,,,1,2026-08-20 00:00:00+00:00,0.0,,
FIRMS_000829,26.75916,83.19909,2026-08-20,20:08,N21,VIIRS,n,N,303.84,280.28,1.13,0.38,0.36,2.0NRT,2026-08-20 00:00:00+00:00,SOURCE_0393,0.129241536692149,False,LOW,,,1,2026-08-20 00:00:00+00:00,0.0,,
FIRMS_000831,33.43012,78.19984,2026-08-20,20:08,N21,VIIRS,n,N,302.75,281.21,1.48,0.46,0.47,2.0NRT,2026-08-20 00:00:00+00:00,SOURCE_0394,0.129241536692149,False,LOW,,,1,2026-08-20 00:00:00+00:00,0.0,,
FIRMS_000836,23.80334,85.5392,2026-08-20,20:10,N21,VIIRS,n,N,303.92,287.55,0.98,0.44,0.38,2.0NRT,2026-08-20 00:00:00+00:00,SOURCE_0395,0.129241536692149,False,LOW,,,1,2026-08-20 00:00:00+00:00,0.0,,
FIRMS_000838,23.77931,85.57391,2026-08-20,20:10,N21,VIIRS,n,N,306.79,291.13,2.3,0.44,0.38,2.0NRT,2026-08-20 00:00:00+00:00,SOURCE_0396,0.129241536692149,False,LOW,,,1,2026-08-20 00:00:00+00:00,0.0,,
FIRMS_000839,23.72135,85.00805,2026-08-20,20:10,N21,VIIRS,n,N,303.88,288.22,0.94,0.42,0.38,2.0NRT,2026-08-20 00:00:00+00:00,SOURCE_0397,0.129241536692149,False,LOW,,,1,2026-08-20 00:00:00+00:00,0.0,,
FIRMS_000842,23.69586,87.09464,2026-08-20,20:10,N21,VIIRS,n,N,310.56,289.92,2.37,0.52,0.41,2.0NRT,2026-08-20 00:00:00+00:00,SOURCE_0398,0.129241536692149,False,LOW,,,1,2026-08-20 00:00:00+00:00,0.0,,
FIRMS_000846,23.69119,87.0988,2026-08-20,20:10,N21,VIIRS,n,N,307.7,289.91,3.12,0.52,0.41,2.0NRT,2026-08-20 00:00:00+00:00,SOURCE_0399,0.129241536692149,False,LOW,,,1,2026-08-20 00:00:00+00:00,0.0,,
FIRMS_000858,23.66539,86.91727,2026-08-20,20:10,N21,VIIRS,n,N,309.68,287.72,2.82,0.51,0.41,2.0NRT,2026-08-20 00:00:00+00:00,SOURCE_0400,0.129241536692149,False,LOW,,,1,2026-08-20 00:00:00+00:00,0.0,,
FIRMS_000871,23.82633,85.49837,2026-08-20,20:10,N21,VIIRS,n,N,305.02,284.8,1.07,0.44,0.38,2.0NRT,2026-08-20 00:00:00+00:00,SOURCE_0401,0.22087291869041425,False,LOW,,,1,2026-08-20 00:00:00+00:00,0.0,,
FIRMS_000872,23.82286,85.49767,2026-08-20,20:10,N21,VIIRS,n,N,305.53,285.43,1.07,0.44,0.38,2.0NRT,2026-08-20 00:00:00+00:00,SOURCE_0401,0.22087291869041425,False,LOW,1.07,0.0,2,2026-08-20 00:00:00+00:00,0.0,2026-08-20 00:00:00+00:00,0.0
FIRMS_000873,23.82524,85.49557,2026-08-20,20:10,N21,VIIRS,n,N,301.84,284.86,0.87,0.44,0.38,2.0NRT,2026-08-20 00:00:00+00:00,SOURCE_0401,0.22087291869041425,False,LOW,1.07,-0.20000000000000007,3,2026-08-20 00:00:00+00:00,0.0,2026-08-20 00:00:00+00:00,0.0
FIRMS_000874,23.82452,85.4998,2026-08-20,20:10,N21,VIIRS,n,N,302.72,284.85,0.87,0.44,0.38,2.0NRT,2026-08-20 00:00:00+00:00,SOURCE_0401,0.22087291869041425,False,LOW,0.87,0.0,4,2026-08-20 00:00:00+00:00,0.0,2026-08-20 00:00:00+00:00,0.0
FIRMS_000875,23.82177,85.49487,2026-08-20,20:10,N21,VIIRS,n,N,304.98,286.16,0.87,0.44,0.38,2.0NRT,2026-08-20 00:00:00+00:00,SOURCE_0401,0.22087291869041425,False,LOW,0.87,0.0,5,2026-08-20 00:00:00+00:00,0.0,2026-08-20 00:00:00+00:00,0.0
FIRMS_000887,22.06585,83.70532,2026-08-20,20:10,N21,VIIRS,n,N,313.22,289.64,1.34,0.4,0.37,2.0NRT,2026-08-20 00:00:00+00:00,SOURCE_0402,0.129241536692149,False,LOW,,,1,2026-08-20 00:00:00+00:00,0.0,,
FIRMS_000888,22.04119,83.73617,2026-08-20,20:10,N21,VIIRS,n,N,306.18,290.15,1.59,0.4,0.37,2.0NRT,2026-08-20 00:00:00+00:00,SOURCE_0403,0.129241536692149,False,LOW,,,1,2026-08-20 00:00:00+00:00,0.0,,
FIRMS_000889,22.0391,83.72788,2026-08-20,20:10,N21,VIIRS,n,N,312.31,289.86,1.42,0.4,0.37,2.0NRT,2026-08-20 00:00:00+00:00,SOURCE_0404,0.16305995342683668,False,LOW,,,1,2026-08-20 00:00:00+00:00,0.0,,
FIRMS_000890,22.03848,83.7317,2026-08-20,20:10,N21,VIIRS,n,N,307.47,289.7,1.63,0.4,0.37,2.0NRT,2026-08-20 00:00:00+00:00,SOURCE_0404,0.16305995342683668,False,LOW,1.42,0.20999999999999996,2,2026-08-20 00:00:00+00:00,0.0,2026-08-20 00:00:00+00:00,0.0
FIRMS_000891,22.01404,83.75465,2026-08-20,20:10,N21,VIIRS,n,N,308.83,287.74,1.7,0.4,0.37,2.0NRT,2026-08-20 00:00:00+00:00,SOURCE_0405,0.129241536692149,False,LOW,,,1,2026-08-20 00:00:00+00:00,0.0,,
FIRMS_000892,21.96282,83.77252,2026-08-20,20:10,N21,VIIRS,n,N,306.73,288.21,0.97,0.4,0.37,2.0NRT,2026-08-20 00:00:00+00:00,SOURCE_0406,0.129241536692149,False,LOW,,,1,2026-08-20 00:00:00+00:00,0.0,,
FIRMS_000893,21.8591,83.96842,2026-08-20,20:10,N21,VIIRS,n,N,304.7,291.23,1.31,0.4,0.37,2.0NRT,2026-08-20 00:00:00+00:00,SOURCE_0407,0.129241536692149,False,LOW,,,1,2026-08-20 00:00:00+00:00,0.0,,
FIRMS_000894,21.79336,83.9878,2026-08-20,20:10,N21,VIIRS,n,N,305.66,291.11,1.61,0.41,0.37,2.0NRT,2026-08-20 00:00:00+00:00,SOURCE_0408,0.129241536692149,False,LOW,,,1,2026-08-20 00:00:00+00:00,0.0,,
FIRMS_000895,21.80221,83.89371,2026-08-20,20:10,N21,VIIRS,n,N,305.17,290.04,1.19,0.4,0.37,2.0NRT,2026-08-20 00:00:00+00:00,SOURCE_0409,0.16305995342683668,False,LOW,,,1,2026-08-20 00:00:00+00:00,0.0,,
FIRMS_000896,21.80106,83.89022,2026-08-20,20:10,N21,VIIRS,n,N,305.92,288.97,1.43,0.4,0.37,2.0NRT,2026-08-20 00:00:00+00:00,SOURCE_0409,0.16305995342683668,False,LOW,1.19,0.24,2,2026-08-20 00:00:00+00:00,0.0,2026-08-20 00:00:00+00:00,0.0
FIRMS_000897,21.76922,84.01998,2026-08-20,20:10,N21,VIIRS,n,N,300.88,290.44,1.59,0.41,0.37,2.0NRT,2026-08-20 00:00:00+00:00,SOURCE_0410,0.16305995342683668,False,LOW,,,1,2026-08-20 00:00:00+00:00,0.0,,
FIRMS_000898,21.76586,84.01934,2026-08-20,20:10,N21,VIIRS,n,N,304.85,290.56,1.82,0.41,0.37,2.0NRT,2026-08-20 00:00:00+00:00,SOURCE_0410,0.16305995342683668,False,LOW,1.59,0.22999999999999998,2,2026-08-20 00:00:00+00:00,0.0,2026-08-20 00:00:00+00:00,0.0
FIRMS_000899,21.75037,83.84077,2026-08-20,20:10,N21,VIIRS,n,N,300.67,288.68,2.1,0.4,0.37,2.0NRT,2026-08-20 00:00:00+00:00,SOURCE_0411,0.20566611972281934,False,LOW,,,1,2026-08-20 00:00:00+00:00,0.0,,
FIRMS_000900,21.74638,83.84399,2026-08-20,20:10,N21,VIIRS,n,N,326.34,289.81,1.82,0.4,0.37,2.0NRT,2026-08-20 00:00:00+00:00,SOURCE_0411,0.20566611972281934,False,LOW,2.1,-0.28,2,2026-08-20 00:00:00+00:00,0.0,2026-08-20 00:00:00+00:00,0.0
FIRMS_000901,21.74702,83.84013,2026-08-20,20:10,N21,VIIRS,n,N,309.34,289.45,3.43,0.4,0.37,2.0NRT,2026-08-20 00:00:00+00:00,SOURCE_0411,0.20566611972281934,False,LOW,1.82,1.61,3,2026-08-20 00:00:00+00:00,0.0,2026-08-20 00:00:00+00:00,0.0
FIRMS_000902,21.74303,83.84335,2026-08-20,20:10,N21,VIIRS,n,N,304.43,288.23,1.82,0.4,0.37,2.0NRT,2026-08-20 00:00:00+00:00,SOURCE_0411,0.20566611972281934,False,LOW,3.43,-1.61,4,2026-08-20 00:00:00+00:00,0.0,2026-08-20 00:00:00+00:00,0.0
FIRMS_000907,19.92169,79.11499,2026-08-20,20:10,N21,VIIRS,n,N,303.53,287.62,0.63,0.43,0.38,2.0NRT,2026-08-20 00:00:00+00:00,SOURCE_0412,0.129241536692149,False,LOW,,,1,2026-08-20 00:00:00+00:00,0.0,,
FIRMS_000911,23.55139,86.54254,2026-08-20,20:10,N21,VIIRS,n,N,305.38,286.48,1.88,0.49,0.4,2.0NRT,2026-08-20 00:00:00+00:00,SOURCE_0413,0.25067010812072044,True,LOW,,,1,2026-08-20 00:00:00+00:00,0.0,,
FIRMS_001009,23.5531,86.53947,2026-08-21,19:49,N21,VIIRS,n,N,305.74,285.35,2.72,0.39,0.36,2.0NRT,2026-08-21 00:00:00+00:00,SOURCE_0413,0.25067010812072044,True,LOW,1.88,0.8400000000000003,2,2026-08-20 00:00:00+00:00,1.0,2026-08-20 00:00:00+00:00,24.0
FIRMS_000912,23.69462,85.36964,2026-08-20,20:10,N21,VIIRS,n,N,322.14,291.01,2.69,0.43,0.38,2.0NRT,2026-08-20 00:00:00+00:00,SOURCE_0414,0.129241536692149,False,LOW,,,1,2026-08-20 00:00:00+00:00,0.0,,
FIRMS_000913,23.66319,85.5509,2026-08-20,20:10,N21,VIIRS,n,N,305.72,290.82,1.52,0.44,0.38,2.0NRT,2026-08-20 00:00:00+00:00,SOURCE_0415,0.129241536692149,False,LOW,,,1,2026-08-20 00:00:00+00:00,0.0,,
FIRMS_000914,23.69721,85.29251,2026-08-20,20:10,N21,VIIRS,n,N,305.06,290.94,1.33,0.43,0.38,2.0NRT,2026-08-20 00:00:00+00:00,SOURCE_0416,0.129241536692149,False,LOW,,,1,2026-08-20 00:00:00+00:00,0.0,,
FIRMS_000915,23.69448,85.28766,2026-08-20,20:10,N21,VIIRS,n,N,307.33,291.26,1.44,0.43,0.38,2.0NRT,2026-08-20 00:00:00+00:00,SOURCE_0417,0.129241536692149,False,LOW,,,1,2026-08-20 00:00:00+00:00,0.0,,
FIRMS_000916,23.73912,85.00741,2026-08-20,20:10,N21,VIIRS,n,N,310.68,288.69,1.92,0.42,0.38,2.0NRT,2026-08-20 00:00:00+00:00,SOURCE_0418,0.129241536692149,False,LOW,,,1,2026-08-20 00:00:00+00:00,0.0,,
FIRMS_000927,13.39201,80.10139,2026-08-20,20:12,N21,VIIRS,n,N,313.52,293.14,2.74,0.38,0.36,2.0NRT,2026-08-20 00:00:00+00:00,SOURCE_0419,0.129241536692149,False,LOW,,,1,2026-08-20 00:00:00+00:00,0.0,,
FIRMS_000928,16.35903,81.28316,2026-08-20,20:12,N21,VIIRS,n,N,312.12,291.7,2.97,0.39,0.36,2.0NRT,2026-08-20 00:00:00+00:00,SOURCE_0420,0.129241536692149,False,LOW,,,1,2026-08-20 00:00:00+00:00,0.0,,
FIRMS_000933,18.68787,73.02982,2026-08-20,20:12,N21,VIIRS,n,N,299.67,286.97,2.22,0.63,0.54,2.0NRT,2026-08-20 00:00:00+00:00,SOURCE_0421,0.129241536692149,False,LOW,,,1,2026-08-20 00:00:00+00:00,0.0,,
FIRMS_000934,18.6829,73.02922,2026-08-20,20:12,N21,VIIRS,n,N,304.41,290.29,2.22,0.63,0.54,2.0NRT,2026-08-20 00:00:00+00:00,SOURCE_0422,0.129241536692149,False,LOW,,,1,2026-08-20 00:00:00+00:00,0.0,,
FIRMS_000938,12.03978,79.0528,2026-08-20,20:14,N21,VIIRS,n,N,296.42,276.78,0.65,0.39,0.36,2.0NRT,2026-08-20 00:00:00+00:00,SOURCE_0423,0.129241536692149,False,LOW,,,1,2026-08-20 00:00:00+00:00,0.0,,
FIRMS_000939,9.27709,78.06376,2026-08-20,20:14,N21,VIIRS,n,N,305.94,276.75,0.86,0.4,0.37,2.0NRT,2026-08-20 00:00:00+00:00,SOURCE_0424,0.129241536692149,False,LOW,,,1,2026-08-20 00:00:00+00:00,0.0,,
FIRMS_000941,12.91629,77.42502,2026-08-20,20:14,N21,VIIRS,n,N,301.72,288.99,0.65,0.44,0.38,2.0NRT,2026-08-20 00:00:00+00:00,SOURCE_0425,0.129241536692149,False,LOW,,,1,2026-08-20 00:00:00+00:00,0.0,,
FIRMS_000942,12.74548,77.62041,2026-08-20,20:14,N21,VIIRS,n,N,311.39,286.21,1.3,0.43,0.38,2.0NRT,2026-08-20 00:00:00+00:00,SOURCE_0426,0.129241536692149,False,LOW,,,1,2026-08-20 00:00:00+00:00,0.0,,
FIRMS_000943,12.68491,76.4514,2026-08-20,20:14,N21,VIIRS,n,N,311.27,282.46,1.91,0.48,0.4,2.0NRT,2026-08-20 00:00:00+00:00,SOURCE_0427,0.129241536692149,False,LOW,,,1,2026-08-20 00:00:00+00:00,0.0,,
FIRMS_000944,12.04919,79.05791,2026-08-20,20:14,N21,VIIRS,n,N,307.8,277.73,1.4,0.39,0.36,2.0NRT,2026-08-20 00:00:00+00:00,SOURCE_0428,0.129241536692149,False,LOW,,,1,2026-08-20 00:00:00+00:00,0.0,,
FIRMS_000947,25.93938,72.19437,2026-08-20,21:50,N21,VIIRS,n,N,309.92,290.38,2.26,0.66,0.73,2.0NRT,2026-08-20 00:00:00+00:00,SOURCE_0429,0.129241536692149,False,LOW,,,1,2026-08-20 00:00:00+00:00,0.0,,
FIRMS_000951,10.02387,77.57968,2026-08-21,07:20,N21,VIIRS,n,D,350.54,297.52,13.65,0.62,0.71,2.0NRT,2026-08-21 00:00:00+00:00,SOURCE_0430,0.129241536692149,False,LOW,,,1,2026-08-21 00:00:00+00:00,0.0,,
FIRMS_000952,10.01859,77.58141,2026-08-21,07:20,N21,VIIRS,n,D,343.03,296.89,17.06,0.62,0.71,2.0NRT,2026-08-21 00:00:00+00:00,SOURCE_0431,0.129241536692149,False,LOW,,,1,2026-08-21 00:00:00+00:00,0.0,,
FIRMS_000955,11.77683,78.67175,2026-08-21,07:20,N21,VIIRS,n,D,345.59,291.44,6.7,0.48,0.65,2.0NRT,2026-08-21 00:00:00+00:00,SOURCE_0432,0.16305995342683668,False,LOW,,,1,2026-08-21 00:00:00+00:00,0.0,,
FIRMS_000956,11.7761,78.67162,2026-08-21,07:20,N21,VIIRS,n,D,339.85,291.28,5.95,0.48,0.65,2.0NRT,2026-08-21 00:00:00+00:00,SOURCE_0432,0.16305995342683668,False,LOW,6.7,-0.75,2,2026-08-21 00:00:00+00:00,0.0,2026-08-21 00:00:00+00:00,0.0
FIRMS_000957,12.3086,79.8354,2026-08-21,07:20,N21,VIIRS,n,D,331.79,291.55,2.32,0.39,0.59,2.0NRT,2026-08-21 00:00:00+00:00,SOURCE_0433,0.129241536692149,False,LOW,,,1,2026-08-21 00:00:00+00:00,0.0,,
FIRMS_000959,13.40486,80.21468,2026-08-21,07:20,N21,VIIRS,n,D,330.46,284.92,3.1,0.35,0.57,2.0NRT,2026-08-21 00:00:00+00:00,SOURCE_0434,0.129241536692149,False,LOW,,,1,2026-08-21 00:00:00+00:00,0.0,,
FIRMS_000961,14.67207,79.82387,2026-08-21,07:20,N21,VIIRS,n,D,330.08,293.88,2.82,0.35,0.57,2.0NRT,2026-08-21 00:00:00+00:00,SOURCE_0435,0.129241536692149,False,LOW,,,1,2026-08-21 00:00:00+00:00,0.0,,
FIRMS_000965,14.78502,79.98163,2026-08-21,07:20,N21,VIIRS,n,D,334.18,294.46,2.91,0.34,0.56,2.0NRT,2026-08-21 00:00:00+00:00,SOURCE_0436,0.129241536692149,False,LOW,,,1,2026-08-21 00:00:00+00:00,0.0,,
FIRMS_000966,14.75264,79.70685,2026-08-21,07:20,N21,VIIRS,n,D,332.97,291.83,3.81,0.36,0.57,2.0NRT,2026-08-21 00:00:00+00:00,SOURCE_0437,0.129241536692149,False,LOW,,,1,2026-08-21 00:00:00+00:00,0.0,,
FIRMS_000971,15.81428,80.01816,2026-08-21,07:22,N21,VIIRS,n,D,330.86,294.34,2.83,0.33,0.55,2.0NRT,2026-08-21 00:00:00+00:00,SOURCE_0438,0.129241536692149,False,LOW,,,1,2026-08-21 00:00:00+00:00,0.0,,
FIRMS_000972,15.74401,79.29642,2026-08-21,07:22,N21,VIIRS,n,D,350.7,296.12,7.04,0.37,0.58,2.0NRT,2026-08-21 00:00:00+00:00,SOURCE_0439,0.129241536692149,False,LOW,,,1,2026-08-21 00:00:00+00:00,0.0,,
FIRMS_000973,16.60639,79.74261,2026-08-21,07:22,N21,VIIRS,n,D,332.67,295.56,2.15,0.33,0.55,2.0NRT,2026-08-21 00:00:00+00:00,SOURCE_0440,0.129241536692149,False,LOW,,,1,2026-08-21 00:00:00+00:00,0.0,,
FIRMS_000974,17.49645,82.98081,2026-08-21,07:22,N21,VIIRS,n,D,339.61,295.66,3.86,0.39,0.44,2.0NRT,2026-08-21 00:00:00+00:00,SOURCE_0441,0.129241536692149,False,LOW,,,1,2026-08-21 00:00:00+00:00,0.0,,
FIRMS_000975,17.23297,79.42318,2026-08-21,07:22,N21,VIIRS,n,D,333.05,294.1,2.64,0.34,0.56,2.0NRT,2026-08-21 00:00:00+00:00,SOURCE_0442,0.129241536692149,False,LOW,,,1,2026-08-21 00:00:00+00:00,0.0,,
FIRMS_000977,23.48346,87.3627,2026-08-21,07:22,N21,VIIRS,n,D,337.08,297.47,5.06,0.39,0.36,2.0NRT,2026-08-21 00:00:00+00:00,SOURCE_0443,0.129241536692149,False,LOW,,,1,2026-08-21 00:00:00+00:00,0.0,,
FIRMS_000988,25.79926,94.77165,2026-08-21,07:24,N21,VIIRS,n,D,330.64,292.82,5.49,0.61,0.53,2.0NRT,2026-08-21 00:00:00+00:00,SOURCE_0444,0.129241536692149,False,LOW,,,1,2026-08-21 00:00:00+00:00,0.0,,
FIRMS_000991,29.04118,75.70134,2026-08-21,07:26,N21,VIIRS,n,D,349.66,291.73,6.91,0.33,0.55,2.0NRT,2026-08-21 00:00:00+00:00,SOURCE_0445,0.129241536692149,False,LOW,,,1,2026-08-21 00:00:00+00:00,0.0,,
FIRMS_000992,27.68631,72.68755,2026-08-21,07:26,N21,VIIRS,n,D,335.23,294.36,2.79,0.54,0.68,2.0NRT,2026-08-21 00:00:00+00:00,SOURCE_0446,0.129241536692149,False,LOW,,,1,2026-08-21 00:00:00+00:00,0.0,,
FIRMS_000993,26.37232,71.21835,2026-08-21,09:05,N21,VIIRS,n,D,330.16,294.38,2.65,0.4,0.6,2.0NRT,2026-08-21 00:00:00+00:00,SOURCE_0447,0.129241536692149,False,LOW,,,1,2026-08-21 00:00:00+00:00,0.0,,
FIRMS_000994,27.43703,70.86094,2026-08-21,09:07,N21,VIIRS,n,D,345.55,300.8,3.58,0.39,0.59,2.0NRT,2026-08-21 00:00:00+00:00,SOURCE_0448,0.129241536692149,False,LOW,,,1,2026-08-21 00:00:00+00:00,0.0,,
FIRMS_001008,23.6673,86.09382,2026-08-21,19:49,N21,VIIRS,n,N,309.03,290.14,3.18,0.4,0.37,2.0NRT,2026-08-21 00:00:00+00:00,SOURCE_0449,0.25067010812072044,True,LOW,,,1,2026-08-21 00:00:00+00:00,0.0,,
FIRMS_001137,23.66648,86.09274,2026-08-22,19:32,N21,VIIRS,n,N,303.66,282.02,1.05,0.43,0.46,2.0NRT,2026-08-22 00:00:00+00:00,SOURCE_0449,0.25067010812072044,True,LOW,3.18,-2.13,2,2026-08-21 00:00:00+00:00,1.0,2026-08-21 00:00:00+00:00,24.0
FIRMS_001012,22.36089,87.01716,2026-08-21,19:51,N21,VIIRS,n,N,311.46,280.02,0.94,0.38,0.36,2.0NRT,2026-08-21 00:00:00+00:00,SOURCE_0450,0.16305995342683668,False,LOW,,,1,2026-08-21 00:00:00+00:00,0.0,,
FIRMS_001027,22.36418,87.01775,2026-08-21,19:51,N21,VIIRS,n,N,304.88,279.03,0.94,0.38,0.36,2.0NRT,2026-08-21 00:00:00+00:00,SOURCE_0450,0.16305995342683668,False,LOW,0.94,0.0,2,2026-08-21 00:00:00+00:00,0.0,2026-08-21 00:00:00+00:00,0.0
FIRMS_001014,22.0553,88.1225,2026-08-21,19:51,N21,VIIRS,n,N,308.18,281.43,1.3,0.39,0.36,2.0NRT,2026-08-21 00:00:00+00:00,SOURCE_0451,0.16305995342683668,False,LOW,,,1,2026-08-21 00:00:00+00:00,0.0,,
FIRMS_001015,22.05469,88.12626,2026-08-21,19:51,N21,VIIRS,n,N,310.4,280.81,1.51,0.39,0.36,2.0NRT,2026-08-21 00:00:00+00:00,SOURCE_0451,0.16305995342683668,False,LOW,1.3,0.20999999999999996,2,2026-08-21 00:00:00+00:00,0.0,2026-08-21 00:00:00+00:00,0.0
FIRMS_001016,18.57163,74.18153,2026-08-21,19:51,N21,VIIRS,n,N,310.06,284.01,2.1,0.54,0.68,2.0NRT,2026-08-21 00:00:00+00:00,SOURCE_0452,0.129241536692149,False,LOW,,,1,2026-08-21 00:00:00+00:00,0.0,,
FIRMS_001017,18.80127,74.25323,2026-08-21,19:51,N21,VIIRS,n,N,300.25,277.53,1.25,0.54,0.68,2.0NRT,2026-08-21 00:00:00+00:00,SOURCE_0453,0.129241536692149,False,LOW,,,1,2026-08-21 00:00:00+00:00,0.0,,
FIRMS_001019,22.35731,82.30456,2026-08-21,19:51,N21,VIIRS,n,N,298.19,283.77,1.99,0.55,0.42,2.0NRT,2026-08-21 00:00:00+00:00,SOURCE_0454,0.129241536692149,False,LOW,,,1,2026-08-21 00:00:00+00:00,0.0,,
FIRMS_001025,22.35882,87.29031,2026-08-21,19:51,N21,VIIRS,n,N,307.56,280.0,1.11,0.38,0.36,2.0NRT,2026-08-21 00:00:00+00:00,SOURCE_0455,0.16305995342683668,False,LOW,,,1,2026-08-21 00:00:00+00:00,0.0,,
FIRMS_001026,22.35824,87.294,2026-08-21,19:51,N21,VIIRS,n,N,304.88,280.46,0.73,0.38,0.36,2.0NRT,2026-08-21 00:00:00+00:00,SOURCE_0455,0.16305995342683668,False,LOW,1.11,-0.3800000000000001,2,2026-08-21 00:00:00+00:00,0.0,2026-08-21 00:00:00+00:00,0.0
FIRMS_001031,14.87368,78.0514,2026-08-21,19:53,N21,VIIRS,n,N,299.72,280.11,0.81,0.54,0.51,2.0NRT,2026-08-21 00:00:00+00:00,SOURCE_0456,0.129241536692149,False,LOW,,,1,2026-08-21 00:00:00+00:00,0.0,,
FIRMS_001036,15.18721,76.65808,2026-08-21,19:53,N21,VIIRS,n,N,305.95,291.46,1.44,0.34,0.56,2.0NRT,2026-08-21 00:00:00+00:00,SOURCE_0457,0.129241536692149,False,LOW,,,1,2026-08-21 00:00:00+00:00,0.0,,
FIRMS_001044,15.3342,76.2795,2026-08-21,19:53,N21,VIIRS,n,N,298.65,283.65,0.52,0.36,0.57,2.0NRT,2026-08-21 00:00:00+00:00,SOURCE_0458,0.129241536692149,False,LOW,,,1,2026-08-21 00:00:00+00:00,0.0,,
FIRMS_001059,27.0781,73.81679,2026-08-21,21:29,N21,VIIRS,n,N,303.14,289.48,0.74,0.4,0.6,2.0NRT,2026-08-21 00:00:00+00:00,SOURCE_0459,0.129241536692149,False,LOW,,,1,2026-08-21 00:00:00+00:00,0.0,,
FIRMS_001060,24.82004,73.09278,2026-08-21,21:31,N21,VIIRS,n,N,298.63,277.9,0.92,0.41,0.6,2.0NRT,2026-08-21 00:00:00+00:00,SOURCE_0460,0.129241536692149,False,LOW,,,1,2026-08-21 00:00:00+00:00,0.0,,
FIRMS_001070,27.1462,88.45207,2026-08-22,07:05,N21,VIIRS,n,D,340.92,295.38,5.8,0.41,0.37,2.0NRT,2026-08-22 00:00:00+00:00,SOURCE_0461,0.129241536692149,False,LOW,,,1,2026-08-22 00:00:00+00:00,0.0,,
FIRMS_001072,9.18167,78.42713,2026-08-22,08:39,N21,VIIRS,n,D,335.64,295.68,1.39,0.36,0.57,2.0NRT,2026-08-22 00:00:00+00:00,SOURCE_0462,0.129241536692149,False,LOW,,,1,2026-08-22 00:00:00+00:00,0.0,,
FIRMS_001073,9.45034,78.84183,2026-08-22,08:41,N21,VIIRS,n,D,352.32,298.5,5.93,0.38,0.59,2.0NRT,2026-08-22 00:00:00+00:00,SOURCE_0463,0.129241536692149,False,LOW,,,1,2026-08-22 00:00:00+00:00,0.0,,
FIRMS_001074,9.42338,78.84542,2026-08-22,08:41,N21,VIIRS,n,D,336.06,295.17,3.0,0.38,0.59,2.0NRT,2026-08-22 00:00:00+00:00,SOURCE_0464,0.129241536692149,False,LOW,,,1,2026-08-22 00:00:00+00:00,0.0,,
FIRMS_001075,9.2724,77.87881,2026-08-22,08:41,N21,VIIRS,n,D,331.47,272.12,2.79,0.33,0.55,2.0NRT,2026-08-22 00:00:00+00:00,SOURCE_0465,0.129241536692149,False,LOW,,,1,2026-08-22 00:00:00+00:00,0.0,,
FIRMS_001081,27.43514,70.78793,2026-08-22,08:45,N21,VIIRS,n,D,340.31,305.64,3.19,0.4,0.44,2.0NRT,2026-08-22 00:00:00+00:00,SOURCE_0466,0.129241536692149,False,LOW,,,1,2026-08-22 00:00:00+00:00,0.0,,
FIRMS_001082,27.46791,95.42184,2026-08-22,19:30,N21,VIIRS,n,N,303.96,277.22,0.75,0.42,0.37,2.0NRT,2026-08-22 00:00:00+00:00,SOURCE_0467,0.129241536692149,False,LOW,,,1,2026-08-22 00:00:00+00:00,0.0,,
FIRMS_001083,27.90663,95.66188,2026-08-22,19:30,N21,VIIRS,n,N,307.39,292.62,3.67,0.42,0.38,2.0NRT,2026-08-22 00:00:00+00:00,SOURCE_0468,0.129241536692149,False,LOW,,,1,2026-08-22 00:00:00+00:00,0.0,,
FIRMS_001096,23.7768,85.99547,2026-08-22,19:32,N21,VIIRS,n,N,299.36,276.54,0.83,0.44,0.46,2.0NRT,2026-08-22 00:00:00+00:00,SOURCE_0469,0.129241536692149,False,LOW,,,1,2026-08-22 00:00:00+00:00,0.0,,
FIRMS_001098,23.7721,85.99903,2026-08-22,19:32,N21,VIIRS,n,N,295.9,272.08,0.33,0.44,0.46,2.0NRT,2026-08-22 00:00:00+00:00,SOURCE_0470,0.129241536692149,False,LOW,,,1,2026-08-22 00:00:00+00:00,0.0,,
FIRMS_001099,23.72299,86.42089,2026-08-22,19:32,N21,VIIRS,n,N,307.0,283.06,1.36,0.41,0.45,2.0NRT,2026-08-22 00:00:00+00:00,SOURCE_0471,0.2844885248554081,True,LOW,,,1,2026-08-22 00:00:00+00:00,0.0,,
FIRMS_001100,23.71888,86.42031,2026-08-22,19:32,N21,VIIRS,n,N,306.78,282.13,1.36,0.41,0.45,2.0NRT,2026-08-22 00:00:00+00:00,SOURCE_0471,0.2844885248554081,True,LOW,1.36,0.0,2,2026-08-22 00:00:00+00:00,0.0,2026-08-22 00:00:00+00:00,0.0
FIRMS_001219,23.72406,86.41985,2026-08-23,19:13,N21,VIIRS,n,N,301.15,278.41,1.28,0.41,0.61,2.0NRT,2026-08-23 00:00:00+00:00,SOURCE_0471,0.2844885248554081,True,LOW,1.36,-0.08000000000000007,3,2026-08-22 00:00:00+00:00,1.0,2026-08-22 00:00:00+00:00,24.0
FIRMS_001220,23.72372,86.42384,2026-08-23,19:13,N21,VIIRS,n,N,299.81,278.08,1.41,0.41,0.61,2.0NRT,2026-08-23 00:00:00+00:00,SOURCE_0471,0.2844885248554081,True,LOW,1.28,0.1299999999999999,4,2026-08-22 00:00:00+00:00,1.0,2026-08-23 00:00:00+00:00,0.0
FIRMS_001101,23.71651,86.44041,2026-08-22,19:32,N21,VIIRS,n,N,305.07,281.79,2.13,0.41,0.45,2.0NRT,2026-08-22 00:00:00+00:00,SOURCE_0472,0.25067010812072044,True,LOW,,,1,2026-08-22 00:00:00+00:00,0.0,,
FIRMS_001222,23.71639,86.44345,2026-08-23,19:13,N21,VIIRS,n,N,302.59,280.95,1.38,0.41,0.61,2.0NRT,2026-08-23 00:00:00+00:00,SOURCE_0472,0.25067010812072044,True,LOW,2.13,-0.75,2,2026-08-22 00:00:00+00:00,1.0,2026-08-22 00:00:00+00:00,24.0
FIRMS_001102,23.71429,86.42374,2026-08-22,19:32,N21,VIIRS,n,N,308.97,282.45,2.23,0.41,0.45,2.0NRT,2026-08-22 00:00:00+00:00,SOURCE_0473,0.25067010812072044,True,LOW,,,1,2026-08-22 00:00:00+00:00,0.0,,
FIRMS_001223,23.71256,86.42266,2026-08-23,19:13,N21,VIIRS,n,N,304.64,278.41,1.87,0.41,0.61,2.0NRT,2026-08-23 00:00:00+00:00,SOURCE_0473,0.25067010812072044,True,LOW,2.23,-0.3599999999999999,2,2026-08-22 00:00:00+00:00,1.0,2026-08-22 00:00:00+00:00,24.0
FIRMS_001118,23.77917,86.37136,2026-08-22,19:32,N21,VIIRS,n,N,304.31,282.56,1.09,0.41,0.45,2.0NRT,2026-08-22 00:00:00+00:00,SOURCE_0474,0.129241536692149,False,LOW,,,1,2026-08-22 00:00:00+00:00,0.0,,
FIRMS_001120,23.77603,86.36266,2026-08-22,19:32,N21,VIIRS,n,N,307.98,282.62,1.14,0.42,0.45,2.0NRT,2026-08-22 00:00:00+00:00,SOURCE_0475,0.20566611972281934,False,LOW,,,1,2026-08-22 00:00:00+00:00,0.0,,
FIRMS_001121,23.77553,86.36674,2026-08-22,19:32,N21,VIIRS,n,N,306.45,282.87,1.14,0.41,0.45,2.0NRT,2026-08-22 00:00:00+00:00,SOURCE_0475,0.20566611972281934,False,LOW,1.14,0.0,2,2026-08-22 00:00:00+00:00,0.0,2026-08-22 00:00:00+00:00,0.0
FIRMS_001122,23.77189,86.36209,2026-08-22,19:32,N21,VIIRS,n,N,303.78,282.53,0.79,0.42,0.45,2.0NRT,2026-08-22 00:00:00+00:00,SOURCE_0475,0.20566611972281934,False,LOW,1.14,-0.34999999999999987,3,2026-08-22 00:00:00+00:00,0.0,2026-08-22 00:00:00+00:00,0.0
FIRMS_001123,23.7714,86.36617,2026-08-22,19:32,N21,VIIRS,n,N,305.57,283.03,0.79,0.41,0.45,2.0NRT,2026-08-22 00:00:00+00:00,SOURCE_0475,0.20566611972281934,False,LOW,0.79,0.0,4,2026-08-22 00:00:00+00:00,0.0,2026-08-22 00:00:00+00:00,0.0
FIRMS_001126,23.76388,86.39387,2026-08-22,19:32,N21,VIIRS,n,N,307.45,284.08,3.06,0.41,0.45,2.0NRT,2026-08-22 00:00:00+00:00,SOURCE_0476,0.129241536692149,False,LOW,,,1,2026-08-22 00:00:00+00:00,0.0,,
FIRMS_001134,23.616,86.79124,2026-08-22,19:32,N21,VIIRS,n,N,295.4,268.0,0.82,0.39,0.44,2.0NRT,2026-08-22 00:00:00+00:00,SOURCE_0477,0.129241536692149,False,LOW,,,1,2026-08-22 00:00:00+00:00,0.0,,
FIRMS_001135,23.68847,86.08707,2026-08-22,19:32,N21,VIIRS,n,N,304.31,280.98,1.1,0.43,0.46,2.0NRT,2026-08-22 00:00:00+00:00,SOURCE_0478,0.129241536692149,False,LOW,,,1,2026-08-22 00:00:00+00:00,0.0,,
FIRMS_001138,23.82208,84.5723,2026-08-22,19:32,N21,VIIRS,n,N,300.45,271.34,1.33,0.54,0.51,2.0NRT,2026-08-22 00:00:00+00:00,SOURCE_0479,0.129241536692149,False,LOW,,,1,2026-08-22 00:00:00+00:00,0.0,,
FIRMS_001141,23.60728,85.67543,2026-08-22,19:32,N21,VIIRS,n,N,305.11,281.7,1.5,0.45,0.47,2.0NRT,2026-08-22 00:00:00+00:00,SOURCE_0480,0.129241536692149,False,LOW,,,1,2026-08-22 00:00:00+00:00,0.0,,
FIRMS_001142,23.66484,84.99831,2026-08-22,19:32,N21,VIIRS,n,N,307.18,279.12,1.88,0.5,0.49,2.0NRT,2026-08-22 00:00:00+00:00,SOURCE_0481,0.129241536692149,False,LOW,,,1,2026-08-22 00:00:00+00:00,0.0,,
FIRMS_001144,22.79656,86.20597,2026-08-22,19:32,N21,VIIRS,n,N,303.93,278.65,1.51,0.41,0.45,2.0NRT,2026-08-22 00:00:00+00:00,SOURCE_0482,0.129241536692149,False,LOW,,,1,2026-08-22 00:00:00+00:00,0.0,,
FIRMS_001145,22.79196,86.20944,2026-08-22,19:32,N21,VIIRS,n,N,304.11,279.24,1.56,0.41,0.45,2.0NRT,2026-08-22 00:00:00+00:00,SOURCE_0483,0.129241536692149,False,LOW,,,1,2026-08-22 00:00:00+00:00,0.0,,
FIRMS_001147,22.58739,85.90622,2026-08-22,19:32,N21,VIIRS,n,N,295.89,270.98,0.5,0.43,0.46,2.0NRT,2026-08-22 00:00:00+00:00,SOURCE_0484,0.129241536692149,False,LOW,,,1,2026-08-22 00:00:00+00:00,0.0,,
FIRMS_001148,22.57158,85.89577,2026-08-22,19:32,N21,VIIRS,n,N,304.16,280.21,1.74,0.43,0.46,2.0NRT,2026-08-22 00:00:00+00:00,SOURCE_0485,0.129241536692149,False,LOW,,,1,2026-08-22 00:00:00+00:00,0.0,,
FIRMS_001151,20.95187,86.04675,2026-08-22,19:32,N21,VIIRS,n,N,310.45,275.47,2.11,0.4,0.44,2.0NRT,2026-08-22 00:00:00+00:00,SOURCE_0486,0.129241536692149,False,LOW,,,1,2026-08-22 00:00:00+00:00,0.0,,
FIRMS_001153,10.59398,78.44864,2026-08-22,19:36,N21,VIIRS,n,N,308.07,288.38,1.01,0.47,0.64,2.0NRT,2026-08-22 00:00:00+00:00,SOURCE_0487,0.129241536692149,False,LOW,,,1,2026-08-22 00:00:00+00:00,0.0,,
FIRMS_001154,10.08148,77.23804,2026-08-22,19:36,N21,VIIRS,n,N,303.41,288.31,1.61,0.56,0.69,2.0NRT,2026-08-22 00:00:00+00:00,SOURCE_0488,0.16305995342683668,False,LOW,,,1,2026-08-22 00:00:00+00:00,0.0,,
FIRMS_001155,10.0775,77.2383,2026-08-22,19:36,N21,VIIRS,n,N,302.68,288.38,1.41,0.56,0.69,2.0NRT,2026-08-22 00:00:00+00:00,SOURCE_0488,0.16305995342683668,False,LOW,1.61,-0.20000000000000018,2,2026-08-22 00:00:00+00:00,0.0,2026-08-22 00:00:00+00:00,0.0
FIRMS_001160,24.6572,73.87634,2026-08-22,21:12,N21,VIIRS,n,N,304.12,293.14,1.08,0.47,0.47,2.0NRT,2026-08-22 00:00:00+00:00,SOURCE_0489,0.25067010812072044,True,LOW,,,1,2026-08-22 00:00:00+00:00,0.0,,
FIRMS_001242,24.65842,73.87619,2026-08-23,20:53,N21,VIIRS,n,N,309.35,294.33,1.25,0.41,0.37,2.0NRT,2026-08-23 00:00:00+00:00,SOURCE_0489,0.25067010812072044,True,LOW,1.08,0.16999999999999993,2,2026-08-22 00:00:00+00:00,1.0,2026-08-22 00:00:00+00:00,24.0
FIRMS_001161,23.40824,72.41575,2026-08-22,21:14,N21,VIIRS,n,N,303.37,292.03,0.72,0.4,0.44,2.0NRT,2026-08-22 00:00:00+00:00,SOURCE_0490,0.129241536692149,False,LOW,,,1,2026-08-22 00:00:00+00:00,0.0,,
FIRMS_001162,21.43299,72.97752,2026-08-22,21:14,N21,VIIRS,n,N,310.47,291.75,2.15,0.47,0.48,2.0NRT,2026-08-22 00:00:00+00:00,SOURCE_0491,0.16305995342683668,False,LOW,,,1,2026-08-22 00:00:00+00:00,0.0,,
FIRMS_001163,21.43188,72.97569,2026-08-22,21:14,N21,VIIRS,n,N,307.25,291.64,1.58,0.47,0.48,2.0NRT,2026-08-22 00:00:00+00:00,SOURCE_0491,0.16305995342683668,False,LOW,2.15,-0.5699999999999998,2,2026-08-22 00:00:00+00:00,0.0,2026-08-22 00:00:00+00:00,0.0
FIRMS_001165,9.62576,77.42727,2026-08-22,21:16,N21,VIIRS,n,N,295.09,280.75,3.12,0.78,0.78,2.0NRT,2026-08-22 00:00:00+00:00,SOURCE_0492,0.129241536692149,False,LOW,,,1,2026-08-22 00:00:00+00:00,0.0,,
FIRMS_001166,28.08151,95.72957,2026-08-23,06:46,N21,VIIRS,n,D,337.37,296.07,3.99,0.39,0.36,2.0NRT,2026-08-23 00:00:00+00:00,SOURCE_0493,0.129241536692149,False,LOW,,,1,2026-08-23 00:00:00+00:00,0.0,,
FIRMS_001167,27.96467,96.95645,2026-08-23,06:46,N21,VIIRS,n,D,331.24,296.94,10.19,0.41,0.37,2.0NRT,2026-08-23 00:00:00+00:00,SOURCE_0494,0.129241536692149,False,LOW,,,1,2026-08-23 00:00:00+00:00,0.0,,
FIRMS_001168,10.66683,78.1728,2026-08-23,08:22,N21,VIIRS,n,D,335.13,300.09,2.35,0.52,0.42,2.0NRT,2026-08-23 00:00:00+00:00,SOURCE_0495,0.129241536692149,False,LOW,,,1,2026-08-23 00:00:00+00:00,0.0,,
FIRMS_001169,11.0347,77.14651,2026-08-23,08:22,N21,VIIRS,n,D,335.06,298.72,3.86,0.47,0.4,2.0NRT,2026-08-23 00:00:00+00:00,SOURCE_0496,0.129241536692149,False,LOW,,,1,2026-08-23 00:00:00+00:00,0.0,,
FIRMS_001170,8.42499,77.62149,2026-08-23,08:22,N21,VIIRS,l,D,336.79,307.22,8.42,0.46,0.39,2.0NRT,2026-08-23 00:00:00+00:00,SOURCE_0497,0.129241536692149,False,LOW,,,1,2026-08-23 00:00:00+00:00,0.0,,
FIRMS_001173,8.8975,77.86558,2026-08-23,08:22,N21,VIIRS,n,D,347.98,302.76,7.04,0.48,0.4,2.0NRT,2026-08-23 00:00:00+00:00,SOURCE_0498,0.2448674672193041,True,LOW,,,1,2026-08-23 00:00:00+00:00,0.0,,
FIRMS_001174,8.90116,77.86504,2026-08-23,08:22,N21,VIIRS,n,D,342.45,302.95,7.04,0.48,0.4,2.0NRT,2026-08-23 00:00:00+00:00,SOURCE_0498,0.2448674672193041,True,LOW,7.04,0.0,2,2026-08-23 00:00:00+00:00,0.0,2026-08-23 00:00:00+00:00,0.0
FIRMS_001175,8.90054,77.86071,2026-08-23,08:22,N21,VIIRS,n,D,349.93,302.74,7.04,0.48,0.4,2.0NRT,2026-08-23 00:00:00+00:00,SOURCE_0498,0.2448674672193041,True,LOW,7.04,0.0,3,2026-08-23 00:00:00+00:00,0.0,2026-08-23 00:00:00+00:00,0.0
FIRMS_001176,8.89992,77.85637,2026-08-23,08:22,N21,VIIRS,n,D,346.67,302.13,6.53,0.48,0.4,2.0NRT,2026-08-23 00:00:00+00:00,SOURCE_0498,0.2448674672193041,True,LOW,7.04,-0.5099999999999998,4,2026-08-23 00:00:00+00:00,0.0,2026-08-23 00:00:00+00:00,0.0
FIRMS_001177,8.90481,77.86451,2026-08-23,08:22,N21,VIIRS,n,D,338.87,303.44,3.82,0.48,0.4,2.0NRT,2026-08-23 00:00:00+00:00,SOURCE_0498,0.2448674672193041,True,LOW,6.53,-2.7100000000000004,5,2026-08-23 00:00:00+00:00,0.0,2026-08-23 00:00:00+00:00,0.0
FIRMS_001178,8.90419,77.86017,2026-08-23,08:22,N21,VIIRS,n,D,346.76,303.21,3.82,0.48,0.4,2.0NRT,2026-08-23 00:00:00+00:00,SOURCE_0498,0.2448674672193041,True,LOW,3.82,0.0,6,2026-08-23 00:00:00+00:00,0.0,2026-08-23 00:00:00+00:00,0.0
FIRMS_001179,8.90358,77.85583,2026-08-23,08:22,N21,VIIRS,n,D,348.69,302.48,9.02,0.48,0.4,2.0NRT,2026-08-23 00:00:00+00:00,SOURCE_0498,0.2448674672193041,True,LOW,3.82,5.199999999999999,7,2026-08-23 00:00:00+00:00,0.0,2026-08-23 00:00:00+00:00,0.0
FIRMS_001180,9.2187,77.62897,2026-08-23,08:22,N21,VIIRS,n,D,339.64,307.61,10.49,0.47,0.4,2.0NRT,2026-08-23 00:00:00+00:00,SOURCE_0499,0.129241536692149,False,LOW,,,1,2026-08-23 00:00:00+00:00,0.0,,
FIRMS_001181,9.193,77.37519,2026-08-23,08:22,N21,VIIRS,n,D,336.48,302.74,3.7,0.46,0.39,2.0NRT,2026-08-23 00:00:00+00:00,SOURCE_0500,0.129241536692149,False,LOW,,,1,2026-08-23 00:00:00+00:00,0.0,,
FIRMS_001182,9.22068,77.46474,2026-08-23,08:22,N21,VIIRS,n,D,338.5,307.26,3.71,0.46,0.39,2.0NRT,2026-08-23 00:00:00+00:00,SOURCE_0501,0.129241536692149,False,LOW,,,1,2026-08-23 00:00:00+00:00,0.0,,
FIRMS_001183,9.28461,77.43481,2026-08-23,08:22,N21,VIIRS,n,D,335.92,303.08,1.94,0.46,0.39,2.0NRT,2026-08-23 00:00:00+00:00,SOURCE_0502,0.129241536692149,False,LOW,,,1,2026-08-23 00:00:00+00:00,0.0,,
FIRMS_001184,9.2728,77.32723,2026-08-23,08:22,N21,VIIRS,n,D,332.55,300.12,3.22,0.46,0.39,2.0NRT,2026-08-23 00:00:00+00:00,SOURCE_0503,0.129241536692149,False,LOW,,,1,2026-08-23 00:00:00+00:00,0.0,,
FIRMS_001186,10.10984,77.73901,2026-08-23,08:22,N21,VIIRS,n,D,332.03,289.06,3.0,0.49,0.4,2.0NRT,2026-08-23 00:00:00+00:00,SOURCE_0504,0.129241536692149,False,LOW,,,1,2026-08-23 00:00:00+00:00,0.0,,
FIRMS_001187,8.9486,77.96073,2026-08-23,08:22,N21,VIIRS,n,D,336.94,303.48,4.0,0.49,0.4,2.0NRT,2026-08-23 00:00:00+00:00,SOURCE_0505,0.129241536692149,False,LOW,,,1,2026-08-23 00:00:00+00:00,0.0,,
FIRMS_001188,9.44357,78.05501,2026-08-23,08:22,N21,VIIRS,n,D,341.41,303.99,12.43,0.5,0.41,2.0NRT,2026-08-23 00:00:00+00:00,SOURCE_0506,0.129241536692149,False,LOW,,,1,2026-08-23 00:00:00+00:00,0.0,,
FIRMS_001189,9.90945,78.20588,2026-08-23,08:22,N21,VIIRS,n,D,336.58,302.09,12.59,0.52,0.41,2.0NRT,2026-08-23 00:00:00+00:00,SOURCE_0507,0.129241536692149,False,LOW,,,1,2026-08-23 00:00:00+00:00,0.0,,
FIRMS_001190,9.89958,77.78525,2026-08-23,08:22,N21,VIIRS,n,D,339.16,303.59,13.81,0.49,0.4,2.0NRT,2026-08-23 00:00:00+00:00,SOURCE_0508,0.129241536692149,False,LOW,,,1,2026-08-23 00:00:00+00:00,0.0,,
FIRMS_001191,15.36111,78.60121,2026-08-23,08:24,N21,VIIRS,n,D,337.47,292.24,4.05,0.43,0.46,2.0NRT,2026-08-23 00:00:00+00:00,SOURCE_0509,0.129241536692149,False,LOW,,,1,2026-08-23 00:00:00+00:00,0.0,,
FIRMS_001192,16.113,78.21188,2026-08-23,08:24,N21,VIIRS,n,D,331.67,288.08,3.53,0.41,0.45,2.0NRT,2026-08-23 00:00:00+00:00,SOURCE_0510,0.129241536692149,False,LOW,,,1,2026-08-23 00:00:00+00:00,0.0,,
FIRMS_001193,14.26653,79.79261,2026-08-23,08:24,N21,VIIRS,n,D,333.38,284.37,2.2,0.49,0.49,2.0NRT,2026-08-23 00:00:00+00:00,SOURCE_0511,0.129241536692149,False,LOW,,,1,2026-08-23 00:00:00+00:00,0.0,,
FIRMS_001197,29.47683,76.85993,2026-08-23,08:28,N21,VIIRS,n,D,341.77,293.84,11.04,0.5,0.49,2.0NRT,2026-08-23 00:00:00+00:00,SOURCE_0512,0.16305995342683668,False,LOW,,,1,2026-08-23 00:00:00+00:00,0.0,,
FIRMS_001236,29.47537,76.8596,2026-08-23,20:53,N21,VIIRS,n,N,306.94,292.43,0.83,0.47,0.4,2.0NRT,2026-08-23 00:00:00+00:00,SOURCE_0512,0.16305995342683668,False,LOW,11.04,-10.209999999999999,2,2026-08-23 00:00:00+00:00,0.0,2026-08-23 00:00:00+00:00,0.0
FIRMS_001198,23.54908,87.2466,2026-08-23,19:13,N21,VIIRS,n,N,298.31,277.37,1.92,0.36,0.58,2.0NRT,2026-08-23 00:00:00+00:00,SOURCE_0513,0.129241536692149,False,LOW,,,1,2026-08-23 00:00:00+00:00,0.0,,
FIRMS_001202,27.53554,95.39848,2026-08-23,19:13,N21,VIIRS,n,N,302.84,279.41,0.28,0.43,0.38,2.0NRT,2026-08-23 00:00:00+00:00,SOURCE_0514,0.129241536692149,False,LOW,,,1,2026-08-23 00:00:00+00:00,0.0,,
FIRMS_001203,22.24316,87.38877,2026-08-23,19:13,N21,VIIRS,n,N,306.4,285.23,1.74,0.34,0.56,2.0NRT,2026-08-23 00:00:00+00:00,SOURCE_0515,0.129241536692149,False,LOW,,,1,2026-08-23 00:00:00+00:00,0.0,,
FIRMS_001207,24.11958,86.35051,2026-08-23,19:13,N21,VIIRS,n,N,302.42,282.55,1.21,0.42,0.61,2.0NRT,2026-08-23 00:00:00+00:00,SOURCE_0516,0.129241536692149,False,LOW,,,1,2026-08-23 00:00:00+00:00,0.0,,
FIRMS_001212,23.76707,86.37955,2026-08-23,19:13,N21,VIIRS,n,N,301.3,282.87,1.8,0.41,0.61,2.0NRT,2026-08-23 00:00:00+00:00,SOURCE_0517,0.129241536692149,False,LOW,,,1,2026-08-23 00:00:00+00:00,0.0,,
FIRMS_001227,23.61102,87.14495,2026-08-23,19:13,N21,VIIRS,n,N,296.59,282.12,1.75,0.37,0.58,2.0NRT,2026-08-23 00:00:00+00:00,SOURCE_0518,0.16305995342683668,False,LOW,,,1,2026-08-23 00:00:00+00:00,0.0,,
FIRMS_001228,23.6107,87.14855,2026-08-23,19:13,N21,VIIRS,n,N,296.84,282.29,2.08,0.37,0.58,2.0NRT,2026-08-23 00:00:00+00:00,SOURCE_0518,0.16305995342683668,False,LOW,1.75,0.33000000000000007,2,2026-08-23 00:00:00+00:00,0.0,2026-08-23 00:00:00+00:00,0.0
FIRMS_001235,31.2488,76.9297,2026-08-23,20:53,N21,VIIRS,n,N,300.72,290.7,0.38,0.45,0.39,2.0NRT,2026-08-23 00:00:00+00:00,SOURCE_0519,0.25067010812072044,True,LOW,,,1,2026-08-23 00:00:00+00:00,0.0,,
FIRMS_001292,31.25072,76.92702,2026-08-24,20:34,N21,VIIRS,n,N,304.62,291.29,0.46,0.4,0.37,2.0NRT,2026-08-24 00:00:00+00:00,SOURCE_0519,0.25067010812072044,True,LOW,0.38,0.08000000000000002,2,2026-08-23 00:00:00+00:00,1.0,2026-08-23 00:00:00+00:00,24.0
FIRMS_001239,29.35825,76.95921,2026-08-23,20:53,N21,VIIRS,n,N,307.37,290.96,1.47,0.48,0.4,2.0NRT,2026-08-23 00:00:00+00:00,SOURCE_0520,0.129241536692149,False,LOW,,,1,2026-08-23 00:00:00+00:00,0.0,,
FIRMS_001240,29.12311,75.77846,2026-08-23,20:53,N21,VIIRS,n,N,310.56,291.34,2.22,0.43,0.38,2.0NRT,2026-08-23 00:00:00+00:00,SOURCE_0521,0.25067010812072044,True,LOW,,,1,2026-08-23 00:00:00+00:00,0.0,,
FIRMS_001293,29.12299,75.77946,2026-08-24,20:34,N21,VIIRS,n,N,309.56,295.69,0.55,0.41,0.37,2.0NRT,2026-08-24 00:00:00+00:00,SOURCE_0521,0.25067010812072044,True,LOW,2.22,-1.6700000000000002,2,2026-08-23 00:00:00+00:00,1.0,2026-08-23 00:00:00+00:00,24.0
FIRMS_001245,23.3138,70.48741,2026-08-23,20:53,N21,VIIRS,n,N,307.62,294.43,1.24,0.39,0.36,2.0NRT,2026-08-23 00:00:00+00:00,SOURCE_0522,0.25067010812072044,True,LOW,,,1,2026-08-23 00:00:00+00:00,0.0,,
FIRMS_001314,23.31523,70.48663,2026-08-24,20:36,N21,VIIRS,n,N,306.28,294.42,1.6,0.41,0.45,2.0NRT,2026-08-24 00:00:00+00:00,SOURCE_0522,0.25067010812072044,True,LOW,1.24,0.3600000000000001,2,2026-08-23 00:00:00+00:00,1.0,2026-08-23 00:00:00+00:00,24.0
FIRMS_001246,22.57408,70.22664,2026-08-23,20:53,N21,VIIRS,n,N,303.8,292.27,1.72,0.39,0.36,2.0NRT,2026-08-23 00:00:00+00:00,SOURCE_0523,0.129241536692149,False,LOW,,,1,2026-08-23 00:00:00+00:00,0.0,,
FIRMS_001254,19.93539,73.71249,2026-08-23,20:55,N21,VIIRS,n,N,301.45,290.77,0.55,0.45,0.39,2.0NRT,2026-08-23 00:00:00+00:00,SOURCE_0524,0.25067010812072044,True,LOW,,,1,2026-08-23 00:00:00+00:00,0.0,,
FIRMS_001311,19.93503,73.71155,2026-08-24,20:36,N21,VIIRS,n,N,317.95,290.33,2.2,0.4,0.37,2.0NRT,2026-08-24 00:00:00+00:00,SOURCE_0524,0.25067010812072044,True,LOW,0.55,1.6500000000000001,2,2026-08-23 00:00:00+00:00,1.0,2026-08-23 00:00:00+00:00,24.0
FIRMS_001255,19.04779,73.11804,2026-08-23,20:55,N21,VIIRS,n,N,307.42,292.09,1.71,0.44,0.38,2.0NRT,2026-08-23 00:00:00+00:00,SOURCE_0525,0.16305995342683668,False,LOW,,,1,2026-08-23 00:00:00+00:00,0.0,,
FIRMS_001256,19.04974,73.11978,2026-08-23,20:55,N21,VIIRS,n,N,305.42,292.19,1.5,0.44,0.38,2.0NRT,2026-08-23 00:00:00+00:00,SOURCE_0525,0.16305995342683668,False,LOW,1.71,-0.20999999999999996,2,2026-08-23 00:00:00+00:00,0.0,2026-08-23 00:00:00+00:00,0.0
FIRMS_001268,27.28774,73.83964,2026-08-23,20:55,N21,VIIRS,n,N,308.69,293.64,1.09,0.4,0.37,2.0NRT,2026-08-23 00:00:00+00:00,SOURCE_0526,0.129241536692149,False,LOW,,,1,2026-08-23 00:00:00+00:00,0.0,,
FIRMS_001269,26.87672,73.51546,2026-08-23,20:55,N21,VIIRS,n,N,306.5,293.53,1.63,0.39,0.36,2.0NRT,2026-08-23 00:00:00+00:00,SOURCE_0527,0.129241536692149,False,LOW,,,1,2026-08-23 00:00:00+00:00,0.0,,
FIRMS_001271,11.13734,77.35052,2026-08-23,20:57,N21,VIIRS,n,N,308.69,287.11,1.5,0.34,0.56,2.0NRT,2026-08-23 00:00:00+00:00,SOURCE_0528,0.129241536692149,False,LOW,,,1,2026-08-23 00:00:00+00:00,0.0,,
FIRMS_001274,9.13882,78.25266,2026-08-24,08:03,N21,VIIRS,l,D,338.62,298.43,6.03,0.39,0.36,2.0NRT,2026-08-24 00:00:00+00:00,SOURCE_0529,0.129241536692149,False,LOW,,,1,2026-08-24 00:00:00+00:00,0.0,,
FIRMS_001275,10.44382,79.63159,2026-08-24,08:03,N21,VIIRS,n,D,332.01,288.22,3.01,0.39,0.36,2.0NRT,2026-08-24 00:00:00+00:00,SOURCE_0530,0.18705450195572657,False,LOW,,,1,2026-08-24 00:00:00+00:00,0.0,,
FIRMS_001277,10.44329,79.62807,2026-08-24,08:03,N21,VIIRS,n,D,335.68,288.58,3.01,0.39,0.36,2.0NRT,2026-08-24 00:00:00+00:00,SOURCE_0530,0.18705450195572657,False,LOW,3.01,0.0,2,2026-08-24 00:00:00+00:00,0.0,2026-08-24 00:00:00+00:00,0.0
FIRMS_001278,10.44661,79.62756,2026-08-24,08:03,N21,VIIRS,n,D,332.75,289.12,3.01,0.39,0.36,2.0NRT,2026-08-24 00:00:00+00:00,SOURCE_0530,0.18705450195572657,False,LOW,3.01,0.0,3,2026-08-24 00:00:00+00:00,0.0,2026-08-24 00:00:00+00:00,0.0
FIRMS_001276,9.04358,78.21024,2026-08-24,08:03,N21,VIIRS,l,D,332.46,295.91,3.33,0.39,0.36,2.0NRT,2026-08-24 00:00:00+00:00,SOURCE_0531,0.129241536692149,False,LOW,,,1,2026-08-24 00:00:00+00:00,0.0,,
FIRMS_001281,31.30223,75.0976,2026-08-24,08:09,N21,VIIRS,n,D,331.03,300.39,2.69,0.4,0.37,2.0NRT,2026-08-24 00:00:00+00:00,SOURCE_0532,0.129241536692149,False,LOW,,,1,2026-08-24 00:00:00+00:00,0.0,,
FIRMS_001291,31.32664,76.89409,2026-08-24,20:34,N21,VIIRS,n,N,303.53,291.91,0.76,0.4,0.37,2.0NRT,2026-08-24 00:00:00+00:00,SOURCE_0533,0.129241536692149,False,LOW,,,1,2026-08-24 00:00:00+00:00,0.0,,
FIRMS_001296,23.69767,85.35781,2026-08-24,20:34,N21,VIIRS,n,N,302.44,286.23,1.08,0.32,0.55,2.0NRT,2026-08-24 00:00:00+00:00,SOURCE_0534,0.16305995342683668,False,LOW,,,1,2026-08-24 00:00:00+00:00,0.0,,
FIRMS_001298,23.6974,85.3561,2026-08-24,20:34,N21,VIIRS,n,N,298.78,286.16,0.9,0.32,0.55,2.0NRT,2026-08-24 00:00:00+00:00,SOURCE_0534,0.16305995342683668,False,LOW,1.08,-0.18000000000000005,2,2026-08-24 00:00:00+00:00,0.0,2026-08-24 00:00:00+00:00,0.0
FIRMS_001330,15.14153,76.96049,2026-08-25,07:46,N21,VIIRS,n,D,331.71,289.56,1.82,0.41,0.45,2.0NRT,2026-08-25 00:00:00+00:00,SOURCE_0535,0.129241536692149,False,LOW,,,1,2026-08-25 00:00:00+00:00,0.0,,
FIRMS_001331,28.70671,76.85614,2026-08-25,20:14,N21,VIIRS,n,N,306.17,283.28,1.35,0.39,0.44,2.0NRT,2026-08-25 00:00:00+00:00,SOURCE_0536,0.129241536692149,False,LOW,,,1,2026-08-25 00:00:00+00:00,0.0,,
FIRMS_001332,18.69251,73.03823,2026-08-25,20:17,N21,VIIRS,n,N,306.34,291.2,3.2,0.49,0.49,2.0NRT,2026-08-25 00:00:00+00:00,SOURCE_0537,0.16305995342683668,False,LOW,,,1,2026-08-25 00:00:00+00:00,0.0,,
FIRMS_001333,18.69194,73.04287,2026-08-25,20:17,N21,VIIRS,n,N,307.97,291.16,2.48,0.49,0.49,2.0NRT,2026-08-25 00:00:00+00:00,SOURCE_0537,0.16305995342683668,False,LOW,3.2,-0.7200000000000002,2,2026-08-25 00:00:00+00:00,0.0,2026-08-25 00:00:00+00:00,0.0
FIRMS_001334,18.67913,73.0365,2026-08-25,20:17,N21,VIIRS,n,N,304.98,290.52,4.0,0.49,0.49,2.0NRT,2026-08-25 00:00:00+00:00,SOURCE_0538,0.129241536692149,False,LOW,,,1,2026-08-25 00:00:00+00:00,0.0,,
FIRMS_001335,17.46485,80.65231,2026-08-25,20:17,N21,VIIRS,n,N,308.11,286.21,1.05,0.39,0.36,2.0NRT,2026-08-25 00:00:00+00:00,SOURCE_0539,0.129241536692149,False,LOW,,,1,2026-08-25 00:00:00+00:00,0.0,,
FIRMS_001336,15.68491,78.45717,2026-08-25,20:17,N21,VIIRS,n,N,305.93,291.89,2.33,0.39,0.36,2.0NRT,2026-08-25 00:00:00+00:00,SOURCE_0540,0.129241536692149,False,LOW,,,1,2026-08-25 00:00:00+00:00,0.0,,
FIRMS_001337,15.65657,73.98945,2026-08-25,20:17,N21,VIIRS,n,N,298.34,286.54,1.7,0.39,0.44,2.0NRT,2026-08-25 00:00:00+00:00,SOURCE_0541,0.129241536692149,False,LOW,,,1,2026-08-25 00:00:00+00:00,0.0,,
FIRMS_001338,15.17786,77.10236,2026-08-25,20:17,N21,VIIRS,n,N,309.04,292.29,1.05,0.41,0.37,2.0NRT,2026-08-25 00:00:00+00:00,SOURCE_0542,0.16305995342683668,False,LOW,,,1,2026-08-25 00:00:00+00:00,0.0,,
FIRMS_001340,15.17445,77.10182,2026-08-25,20:17,N21,VIIRS,n,N,308.87,292.14,1.05,0.41,0.37,2.0NRT,2026-08-25 00:00:00+00:00,SOURCE_0542,0.16305995342683668,False,LOW,1.05,0.0,2,2026-08-25 00:00:00+00:00,0.0,2026-08-25 00:00:00+00:00,0.0
FIRMS_001339,15.22395,76.76291,2026-08-25,20:17,N21,VIIRS,n,N,305.15,292.43,1.23,0.42,0.38,2.0NRT,2026-08-25 00:00:00+00:00,SOURCE_0543,0.129241536692149,False,LOW,,,1,2026-08-25 00:00:00+00:00,0.0,,
FIRMS_001341,15.02173,78.0117,2026-08-25,20:17,N21,VIIRS,n,N,302.82,285.54,0.71,0.39,0.36,2.0NRT,2026-08-25 00:00:00+00:00,SOURCE_0544,0.16305995342683668,False,LOW,,,1,2026-08-25 00:00:00+00:00,0.0,,
FIRMS_001342,15.02118,78.01533,2026-08-25,20:17,N21,VIIRS,n,N,305.27,286.28,0.71,0.39,0.36,2.0NRT,2026-08-25 00:00:00+00:00,SOURCE_0544,0.16305995342683668,False,LOW,0.71,0.0,2,2026-08-25 00:00:00+00:00,0.0,2026-08-25 00:00:00+00:00,0.0
FIRMS_001346,15.17503,76.69223,2026-08-25,20:17,N21,VIIRS,n,N,311.77,290.27,2.07,0.42,0.38,2.0NRT,2026-08-25 00:00:00+00:00,SOURCE_0545,0.16305995342683668,False,LOW,,,1,2026-08-25 00:00:00+00:00,0.0,,
FIRMS_001349,15.17156,76.69174,2026-08-25,20:17,N21,VIIRS,n,N,316.27,291.73,2.76,0.42,0.38,2.0NRT,2026-08-25 00:00:00+00:00,SOURCE_0545,0.16305995342683668,False,LOW,2.07,0.69,2,2026-08-25 00:00:00+00:00,0.0,2026-08-25 00:00:00+00:00,0.0
FIRMS_001351,21.31093,81.59187,2026-08-25,20:17,N21,VIIRS,n,N,307.1,290.05,1.29,0.39,0.36,2.0NRT,2026-08-25 00:00:00+00:00,SOURCE_0546,0.129241536692149,False,LOW,,,1,2026-08-25 00:00:00+00:00,0.0,,
FIRMS_001352,18.80414,74.25832,2026-08-25,20:17,N21,VIIRS,n,N,314.73,290.13,1.88,0.41,0.45,2.0NRT,2026-08-25 00:00:00+00:00,SOURCE_0547,0.129241536692149,False,LOW,,,1,2026-08-25 00:00:00+00:00,0.0,,
FIRMS_001354,21.19365,81.39023,2026-08-25,20:17,N21,VIIRS,n,N,312.39,290.55,1.27,0.39,0.36,2.0NRT,2026-08-25 00:00:00+00:00,SOURCE_0548,0.16305995342683668,False,LOW,,,1,2026-08-25 00:00:00+00:00,0.0,,
FIRMS_001355,21.19034,81.38962,2026-08-25,20:17,N21,VIIRS,n,N,306.42,289.59,1.27,0.39,0.36,2.0NRT,2026-08-25 00:00:00+00:00,SOURCE_0548,0.16305995342683668,False,LOW,1.27,0.0,2,2026-08-25 00:00:00+00:00,0.0,2026-08-25 00:00:00+00:00,0.0
FIRMS_001356,21.18644,81.39273,2026-08-25,20:17,N21,VIIRS,n,N,307.39,290.17,2.81,0.39,0.36,2.0NRT,2026-08-25 00:00:00+00:00,SOURCE_0549,0.129241536692149,False,LOW,,,1,2026-08-25 00:00:00+00:00,0.0,,
FIRMS_001359,21.19039,81.19882,2026-08-25,20:17,N21,VIIRS,n,N,308.46,290.78,1.32,0.39,0.36,2.0NRT,2026-08-25 00:00:00+00:00,SOURCE_0550,0.129241536692149,False,LOW,,,1,2026-08-25 00:00:00+00:00,0.0,,
FIRMS_001365,23.16651,82.34164,2026-08-25,20:17,N21,VIIRS,n,N,303.04,266.14,0.75,0.4,0.37,2.0NRT,2026-08-25 00:00:00+00:00,SOURCE_0551,0.18705450195572657,False,LOW,,,1,2026-08-25 00:00:00+00:00,0.0,,
FIRMS_001366,23.16381,82.33716,2026-08-25,20:17,N21,VIIRS,n,N,304.82,266.63,1.46,0.4,0.37,2.0NRT,2026-08-25 00:00:00+00:00,SOURCE_0551,0.18705450195572657,False,LOW,0.75,0.71,2,2026-08-25 00:00:00+00:00,0.0,2026-08-25 00:00:00+00:00,0.0
FIRMS_001367,23.16317,82.34101,2026-08-25,20:17,N21,VIIRS,n,N,299.79,265.73,0.75,0.4,0.37,2.0NRT,2026-08-25 00:00:00+00:00,SOURCE_0551,0.18705450195572657,False,LOW,1.46,-0.71,3,2026-08-25 00:00:00+00:00,0.0,2026-08-25 00:00:00+00:00,0.0
FIRMS_001368,22.35787,82.30326,2026-08-25,20:17,N21,VIIRS,n,N,311.19,264.88,1.31,0.4,0.37,2.0NRT,2026-08-25 00:00:00+00:00,SOURCE_0552,0.129241536692149,False,LOW,,,1,2026-08-25 00:00:00+00:00,0.0,,
FIRMS_001369,21.74682,83.84542,2026-08-25,20:17,N21,VIIRS,n,N,303.7,279.88,2.91,0.46,0.39,2.0NRT,2026-08-25 00:00:00+00:00,SOURCE_0553,0.129241536692149,False,LOW,,,1,2026-08-25 00:00:00+00:00,0.0,,
FIRMS_001370,21.73116,82.21548,2026-08-25,20:17,N21,VIIRS,n,N,306.81,287.73,1.19,0.4,0.37,2.0NRT,2026-08-25 00:00:00+00:00,SOURCE_0554,0.129241536692149,False,LOW,,,1,2026-08-25 00:00:00+00:00,0.0,,
FIRMS_001371,21.37509,81.68103,2026-08-25,20:17,N21,VIIRS,n,N,314.57,290.19,3.85,0.39,0.36,2.0NRT,2026-08-25 00:00:00+00:00,SOURCE_0555,0.129241536692149,False,LOW,,,1,2026-08-25 00:00:00+00:00,0.0,,
FIRMS_001372,21.37116,81.68417,2026-08-25,20:17,N21,VIIRS,n,N,308.19,289.83,2.32,0.39,0.36,2.0NRT,2026-08-25 00:00:00+00:00,SOURCE_0556,0.129241536692149,False,LOW,,,1,2026-08-25 00:00:00+00:00,0.0,,
FIRMS_001373,21.37453,81.64227,2026-08-25,20:17,N21,VIIRS,n,N,309.0,289.59,2.78,0.39,0.36,2.0NRT,2026-08-25 00:00:00+00:00,SOURCE_0557,0.129241536692149,False,LOW,,,1,2026-08-25 00:00:00+00:00,0.0,,
FIRMS_001374,21.36512,81.67917,2026-08-25,20:17,N21,VIIRS,n,N,306.52,289.6,1.98,0.39,0.36,2.0NRT,2026-08-25 00:00:00+00:00,SOURCE_0558,0.129241536692149,False,LOW,,,1,2026-08-25 00:00:00+00:00,0.0,,
FIRMS_001375,21.24484,81.76915,2026-08-25,20:17,N21,VIIRS,n,N,304.63,289.61,1.21,0.4,0.37,2.0NRT,2026-08-25 00:00:00+00:00,SOURCE_0559,0.129241536692149,False,LOW,,,1,2026-08-25 00:00:00+00:00,0.0,,
FIRMS_001376,10.77575,78.88298,2026-08-25,20:19,N21,VIIRS,n,N,305.38,283.61,1.6,0.39,0.36,2.0NRT,2026-08-25 00:00:00+00:00,SOURCE_0560,0.129241536692149,False,LOW,,,1,2026-08-25 00:00:00+00:00,0.0,,
FIRMS_001377,12.2171,79.00295,2026-08-25,20:19,N21,VIIRS,n,N,299.01,272.29,0.9,0.39,0.36,2.0NRT,2026-08-25 00:00:00+00:00,SOURCE_0561,0.129241536692149,False,LOW,,,1,2026-08-25 00:00:00+00:00,0.0,,
FIRMS_001378,12.91749,79.11784,2026-08-25,20:19,N21,VIIRS,n,N,304.36,281.42,0.7,0.39,0.36,2.0NRT,2026-08-25 00:00:00+00:00,SOURCE_0562,0.129241536692149,False,LOW,,,1,2026-08-25 00:00:00+00:00,0.0,,
FIRMS_001380,19.82038,79.23856,2026-08-25,20:19,N21,VIIRS,n,N,322.73,286.31,1.6,0.39,0.36,2.0NRT,2026-08-25 00:00:00+00:00,SOURCE_0563,0.129241536692149,False,LOW,,,1,2026-08-25 00:00:00+00:00,0.0,,
