source_id,latitude,longitude,nearest_refinery_km,nearest_powerplant_km,nearest_mine_km,nearest_industrial_area_km,landcover_code,landcover_class,mean_distance_to_industry_km,min_distance_to_industry_km,mean_industrial_facilities_1km,mean_industrial_facilities_5km,industrial_land_ratio,forest_land_ratio,agricultural_land_ratio,nearest_facility_type,first_detection,last_detection,total_detections,active_days,mean_frp,max_frp,observation_span_days,recurrence_rate,detections_per_span_day,mean_gap_hours,std_gap_hours,median_gap_hours,min_gap_hours,max_gap_hours,temporal_regularity,max_active_days_7d,max_active_days_14d,max_active_days_30d,observation_days,event_type,predicted_event_type,mean_brightness,max_brightness,confidence_pct
SOURCE_0001,20.79575,85.25475,160.41048010693,0.92945546221523,19.434048094279,0.0,50,Built-up,45.19349592,0.0,2,2,1,0,0,industrial_area,2026-08-19 00:00:00+00:00,2026-08-20 00:00:00+00:00,7,2,6.0857142857143,11.08,1,0.28571428571429,7.0,4.0,8.9442719099992,0.0,0.0,24.0,0.10056040392404,2,2,2,7,Industrial,Industrial,325.21,348.24,71.33
SOURCE_0002,22.36498,87.30222,96.656249882125,5.7860588862863,61.14720775276,0.50796844201856,60,Bare / sparse vegetation,41.02437124,0.507968442,1,1,0,0,0,industrial_area,2026-08-19 00:00:00+00:00,2026-08-19 00:00:00+00:00,5,1,3.648,8.62,0,0.14285714285714,5.0,0.0,0.0,0.0,0.0,0.0,1.0,1,1,1,7,Other,Other,319.12,340.86,68.65
SOURCE_0003,10.95563,78.40146,157.14876229917,6.4401403944468,23.495606083479,6.4401403944468,30,Grassland,48.38116229,6.440140394,0,0,0,0,0,powerplant,2026-08-19 00:00:00+00:00,2026-08-19 00:00:00+00:00,1,1,4.21,4.21,0,0.14285714285714,1.0,,,,,,0.0,1,1,1,7,Forest/Natural,Forest/Natural,320.52,327.63,95.33
SOURCE_0004,8.74034,77.6055,192.46414814329,1.1234449355367,7.4813234459528,1.1234449355367,30,Grassland,50.54809037,1.123444936,0,2,0,0,0,powerplant,2026-08-19 00:00:00+00:00,2026-08-23 00:00:00+00:00,21,5,19.43380952381,239.09,4,0.71428571428571,5.25,4.8,9.6,0.0,0.0,24.0,0.094339622641509,5,5,5,7,Forest/Natural,Forest/Natural,358.58,1032.27,87.33
SOURCE_0005,10.74717,78.63906,130.33395881342,2.4437813868749,13.404894930565,2.4437813868749,30,Grassland,37.15660413,2.443781387,0,2,0,0,0,powerplant,2026-08-19 00:00:00+00:00,2026-08-19 00:00:00+00:00,1,1,5.39,5.39,0,0.14285714285714,1.0,,,,,,0.0,1,1,1,7,Forest/Natural,Forest/Natural,323.48,331.17,94.67
SOURCE_0006,10.93393,78.49468,146.59758562222,12.11937968744,23.718429589516,11.665018527839,10,Tree cover,48.52510336,11.66501853,0,0,0,1,0,industrial_area,2026-08-19 00:00:00+00:00,2026-08-19 00:00:00+00:00,1,1,1.95,1.95,0,0.14285714285714,1.0,,,,,,0.0,1,1,1,7,Forest/Natural,Forest/Natural,314.88,320.85,96.0
SOURCE_0007,8.64316,77.89857,223.62935130071,4.9657458867646,2.1147661055767,4.9657458867646,40,Cropland,58.91890229,2.114766106,0,3,0,0,1,mine,2026-08-19 00:00:00+00:00,2026-08-19 00:00:00+00:00,4,1,5.3875,6.62,0,0.14285714285714,4.0,0.0,0.0,0.0,0.0,0.0,1.0,1,1,1,7,Agricultural,Agricultural,323.47,334.86,87.33
SOURCE_0008,9.52572,78.76215,187.39521643665,16.929951043147,32.961707452355,13.129329834484,40,Cropland,62.60405119,13.12932983,0,0,0,0,1,industrial_area,2026-08-19 00:00:00+00:00,2026-08-19 00:00:00+00:00,1,1,5.93,5.93,0,0.14285714285714,1.0,,,,,,0.0,1,1,1,7,Agricultural,Agricultural,324.82,332.79,88.0
SOURCE_0009,21.10254,72.63605,160.06355456385,1.9604336054882,55.696083781209,0.0,10,Tree cover,54.43001799,0.0,1,2,1,1,0,industrial_area,2026-08-19 00:00:00+00:00,2026-08-20 00:00:00+00:00,3,2,6.2766666666667,7.3,1,0.28571428571429,3.0,12.0,12.0,12.0,0.0,24.0,0.076923076923077,2,2,2,7,Industrial,Forest/Natural,325.69,336.9,92.0
SOURCE_0010,27.31678,95.26754,39.813284204388,15.638516615543,6.8119729956518,3.2754329213884,40,Cropland,16.38480168,3.275432921,0,1,0,0,1,industrial_area,2026-08-19 00:00:00+00:00,2026-08-20 00:00:00+00:00,2,2,1.94,2.63,1,0.28571428571429,2.0,24.0,0.0,24.0,24.0,24.0,0.0,2,2,2,7,Agricultural,Agricultural,314.85,322.89,87.33
SOURCE_0011,23.75207,86.41506,208.2483704307,9.1154687096371,0.214954282545,2.766388708625,10,Tree cover,55.08629553,0.214954283,1,2,1,1,0,mine,2026-08-19 00:00:00+00:00,2026-08-20 00:00:00+00:00,4,2,1.1475,1.64,1,0.28571428571429,4.0,8.0,11.313708498985,0.0,0.0,24.0,0.081210303141612,2,2,2,7,Industrial,Industrial,312.87,319.92,76.15
SOURCE_0012,23.73835,86.43285,210.25969258467,9.3828810892483,0.0,5.1814938710467,30,Grassland,56.20601689,0.0,1,1,1,0,0,mine,2026-08-19 00:00:00+00:00,2026-08-23 00:00:00+00:00,22,5,2.3777272727273,6.75,4,0.71428571428571,5.5,4.5714285714286,9.4242414299832,0.0,0.0,24.0,0.09593024170792,5,5,5,7,Industrial,Forest/Natural,315.94,335.25,86.0
SOURCE_0013,23.71062,86.43102,213.53141674386,12.565566070998,0.29633360666179,3.4098164810858,10,Tree cover,57.45078323,0.296333607,1,2,1,1,0,mine,2026-08-19 00:00:00+00:00,2026-08-19 00:00:00+00:00,1,1,1.47,1.47,0,0.14285714285714,1.0,,,,,,0.0,1,1,1,7,Industrial,Forest/Natural,313.68,319.41,94.0
SOURCE_0014,23.6914,86.40305,215.269279329,12.105311353512,0.0,1.1340998404217,60,Bare / sparse vegetation,57.12717263,0.0,1,2,1,0,0,mine,2026-08-19 00:00:00+00:00,2026-08-19 00:00:00+00:00,1,1,0.98,0.98,0,0.14285714285714,1.0,,,,,,0.0,1,1,1,7,Industrial,Other,312.45,317.94,60.67
SOURCE_0015,23.68521,86.392,215.80303595908,12.250165217082,0.0,1.7621828416416,60,Bare / sparse vegetation,57.453846,0.0,1,2,1,0,0,mine,2026-08-19 00:00:00+00:00,2026-08-23 00:00:00+00:00,44,5,2.4952272727273,8.98,4,0.71428571428571,11.0,2.2325581395349,6.9711605563517,0.0,0.0,24.0,0.12545224662464,5,5,5,7,Industrial,Other,316.24,341.94,77.5
SOURCE_0016,24.92421,84.15677,219.46298515408,15.877054117477,6.035501765424,0.52389906936801,40,Cropland,60.47486003,0.523899069,1,1,0,0,1,industrial_area,2026-08-19 00:00:00+00:00,2026-08-20 00:00:00+00:00,2,2,2.13,2.59,1,0.28571428571429,2.0,24.0,0.0,24.0,24.0,24.0,0.0,2,2,2,7,Agricultural,Agricultural,315.32,322.77,90.0
SOURCE_0017,23.69281,87.12199,226.22920358914,6.4015465803096,3.8206231482002,0.0,50,Built-up,59.11284333,0.0,1,2,1,0,0,industrial_area,2026-08-19 00:00:00+00:00,2026-08-20 00:00:00+00:00,12,2,2.4875,3.81,1,0.28571428571429,12.0,2.1818181818182,6.8995148949128,0.0,0.0,24.0,0.12659005183267,2,2,2,7,Industrial,Industrial,316.22,326.43,72.0
SOURCE_0018,23.78208,86.3897,204.15118541903,9.4727252921409,0.011385980422432,1.3832652426128,50,Built-up,53.75464048,0.01138598,1,2,1,0,0,mine,2026-08-19 00:00:00+00:00,2026-08-23 00:00:00+00:00,17,5,1.9235294117647,5.67,4,0.71428571428571,4.25,6.0,10.392304845413,0.0,0.0,24.0,0.087778549957133,5,5,5,7,Industrial,Industrial,314.81,332.01,74.67
SOURCE_0019,23.68438,87.12988,224.90803703147,7.6550511920283,2.96410460052,0.52277754486977,40,Cropland,59.01249259,0.522777545,1,2,0,0,1,industrial_area,2026-08-19 00:00:00+00:00,2026-08-20 00:00:00+00:00,3,2,1.4533333333333,2.41,1,0.28571428571429,3.0,12.0,12.0,12.0,0.0,24.0,0.076923076923077,2,2,2,7,Agricultural,Agricultural,313.63,322.23,94.0
SOURCE_0020,23.76894,86.40264,205.97917344114,8.8584533430509,0.0,0.30695073701339,10,Tree cover,53.78614438,0.0,2,2,1,1,0,mine,2026-08-19 00:00:00+00:00,2026-08-23 00:00:00+00:00,52,5,2.1715384615385,5.92,4,0.71428571428571,13.0,1.8823529411765,6.4523808003775,0.0,0.0,24.0,0.13418530625131,5,5,5,7,Industrial,Forest/Natural,315.43,332.76,88.0
SOURCE_0021,23.66273,87.15408,221.30748532055,10.548418553931,1.7531762613168,1.0408175142504,80,Permanent water bodies,58.66247441,1.040817514,0,2,0,0,0,industrial_area,2026-08-19 00:00:00+00:00,2026-08-22 00:00:00+00:00,11,4,2.8254545454545,6.29,3,0.57142857142857,3.6666666666667,7.2,10.998181667894,0.0,0.0,24.0,0.083345962553301,4,4,4,7,Other,Other,317.06,333.87,78.0
SOURCE_0022,22.13304,85.38209,259.77820030911,0.0,0.88477288140178,0.0,60,Bare / sparse vegetation,65.1657433,0.0,3,3,1,0,0,powerplant,2026-08-19 00:00:00+00:00,2026-08-19 00:00:00+00:00,1,1,1.02,1.02,0,0.14285714285714,1.0,,,,,,0.0,1,1,1,7,Industrial,Other,312.55,318.06,60.67
SOURCE_0023,22.05502,85.46635,246.94018337504,12.283645650325,3.7983182910119,3.5927165434945,10,Tree cover,66.65371596,3.592716543,0,2,0,1,0,industrial_area,2026-08-19 00:00:00+00:00,2026-08-19 00:00:00+00:00,1,1,0.59,0.59,0,0.14285714285714,1.0,,,,,,0.0,1,1,1,7,Forest/Natural,Forest/Natural,311.48,316.77,96.0
SOURCE_0024,20.9997,86.02561,106.89302098604,2.5939993768565,13.806441473363,0.0,10,Tree cover,30.82336546,0.0,1,2,1,1,0,industrial_area,2026-08-19 00:00:00+00:00,2026-08-19 00:00:00+00:00,3,1,1.46,1.87,0,0.14285714285714,3.0,0.0,0.0,0.0,0.0,0.0,1.0,1,1,1,7,Industrial,Forest/Natural,313.65,320.61,98.0
SOURCE_0025,20.99724,86.01566,107.29847611019,2.1158220771808,12.771058097142,0.0,10,Tree cover,30.54633907,0.0,1,2,1,1,0,industrial_area,2026-08-19 00:00:00+00:00,2026-08-19 00:00:00+00:00,4,1,1.5775,2.25,0,0.14285714285714,4.0,0.0,0.0,0.0,0.0,0.0,1.0,1,1,1,7,Industrial,Forest/Natural,313.94,321.75,98.0
SOURCE_0026,20.97369,86.00464,105.77363262246,0.29388980586547,10.08119814791,0.0,50,Built-up,29.03718014,0.0,2,2,1,0,0,industrial_area,2026-08-19 00:00:00+00:00,2026-08-20 00:00:00+00:00,4,2,2.3175,2.78,1,0.28571428571429,4.0,8.0,11.313708498985,0.0,0.0,24.0,0.081210303141612,2,2,2,7,Industrial,Industrial,315.79,323.34,74.67
SOURCE_0027,20.96871,86.01344,104.70877570685,1.1253640638939,10.614861523485,0.0,50,Built-up,29.11225032,0.0,1,2,1,0,0,industrial_area,2026-08-19 00:00:00+00:00,2026-08-19 00:00:00+00:00,2,1,2.985,2.99,0,0.14285714285714,2.0,0.0,0.0,0.0,0.0,0.0,0.0,1,1,1,7,Industrial,Industrial,317.46,323.97,81.33
SOURCE_0028,20.96358,86.05087,101.75359106213,0.0,10.818163832674,0.0,50,Built-up,28.14293872,0.0,2,2,1,0,0,powerplant,2026-08-19 00:00:00+00:00,2026-08-19 00:00:00+00:00,1,1,2.26,2.26,0,0.14285714285714,1.0,,,,,,0.0,1,1,1,7,Industrial,Industrial,315.65,321.78,82.0
SOURCE_0029,20.95314,86.04453,101.15576833884,0.0,11.591663723929,0.0,10,Tree cover,28.18685802,0.0,2,2,1,1,0,powerplant,2026-08-19 00:00:00+00:00,2026-08-20 00:00:00+00:00,8,2,2.14,4.28,1,0.28571428571429,8.0,3.4285714285714,8.3982505466852,0.0,0.0,24.0,0.10640278156371,2,2,2,7,Industrial,Industrial,315.35,327.84,77.14
SOURCE_0030,21.07996,85.03458,197.42808167547,3.599278472626,0.0,3.599278472626,60,Bare / sparse vegetation,51.15665966,0.0,1,3,1,0,0,mine,2026-08-19 00:00:00+00:00,2026-08-19 00:00:00+00:00,1,1,2.71,2.71,0,0.14285714285714,1.0,,,,,,0.0,1,1,1,7,Industrial,Other,316.77,323.13,77.71
SOURCE_0031,21.07927,85.03988,196.87368849575,3.1061046996612,0.0,3.1061046996612,60,Bare / sparse vegetation,50.77147447,0.0,1,3,1,0,0,mine,2026-08-19 00:00:00+00:00,2026-08-19 00:00:00+00:00,1,1,2.71,2.71,0,0.14285714285714,1.0,,,,,,0.0,1,1,1,7,Industrial,Other,316.77,323.13,77.71
SOURCE_0032,21.07858,85.04521,196.316631001,2.6526468808446,0.0,2.6526468808446,10,Tree cover,50.40548119,0.0,1,3,1,1,0,mine,2026-08-19 00:00:00+00:00,2026-08-19 00:00:00+00:00,2,1,1.56,1.56,0,0.14285714285714,2.0,0.0,0.0,0.0,0.0,0.0,0.0,1,1,1,7,Industrial,Forest/Natural,313.9,319.68,95.33
SOURCE_0033,20.98905,85.12326,183.56472012184,11.767651692741,0.96439535759159,5.7498472077595,40,Cropland,50.51165359,0.964395358,1,1,0,0,1,mine,2026-08-19 00:00:00+00:00,2026-08-19 00:00:00+00:00,1,1,1.05,1.05,0,0.14285714285714,1.0,,,,,,0.0,1,1,1,7,Agricultural,Agricultural,312.62,318.15,95.33
SOURCE_0034,20.97853,85.16805,178.57639068141,8.5350820865654,0.0,4.4122690468243,30,Grassland,47.88093545,0.0,1,2,1,0,0,mine,2026-08-19 00:00:00+00:00,2026-08-19 00:00:00+00:00,2,1,1.915,2.25,0,0.14285714285714,2.0,0.0,0.0,0.0,0.0,0.0,0.0,1,1,1,7,Industrial,Forest/Natural,314.79,321.75,94.0
SOURCE_0035,20.97784,85.17326,178.02696447496,8.1672226223384,0.037123014623495,4.4635167000885,10,Tree cover,47.6737067,0.037123015,1,2,1,1,0,mine,2026-08-19 00:00:00+00:00,2026-08-19 00:00:00+00:00,2,1,2.285,2.69,0,0.14285714285714,2.0,0.0,0.0,0.0,0.0,0.0,0.0,1,1,1,7,Industrial,Forest/Natural,315.71,323.07,96.0
SOURCE_0036,20.97878,85.13621,181.71792065647,10.860836028089,0.0,4.1616373276391,60,Bare / sparse vegetation,49.1850985,0.0,1,2,1,0,0,mine,2026-08-19 00:00:00+00:00,2026-08-19 00:00:00+00:00,3,1,3.9566666666667,5.2,0,0.14285714285714,3.0,0.0,0.0,0.0,0.0,0.0,1.0,1,1,1,7,Industrial,Other,319.89,330.6,78.96
SOURCE_0037,20.96938,85.17738,177.14511478548,7.0637375175683,0.0,3.6623622514511,60,Bare / sparse vegetation,46.96780364,0.0,1,2,1,0,0,mine,2026-08-19 00:00:00+00:00,2026-08-20 00:00:00+00:00,18,2,3.73,8.27,1,0.28571428571429,18.0,1.4117647058824,5.6470588235294,0.0,0.0,24.0,0.15044247787611,2,2,2,7,Industrial,Other,319.32,339.81,78.73
SOURCE_0038,20.96414,85.18718,175.88849829363,6.0106783717727,0.0,2.4384372772246,80,Permanent water bodies,46.08440349,0.0,1,2,1,0,0,mine,2026-08-19 00:00:00+00:00,2026-08-19 00:00:00+00:00,6,1,4.1,4.95,0,0.14285714285714,6.0,0.0,0.0,0.0,0.0,0.0,1.0,1,1,1,7,Industrial,Other,320.25,329.85,69.33
SOURCE_0039,20.89102,84.9829,192.7036288064,0.67411507633118,7.7373722883611,0.28106637145174,50,Built-up,50.34904564,0.281066371,2,2,1,0,0,industrial_area,2026-08-19 00:00:00+00:00,2026-08-19 00:00:00+00:00,7,1,3.7285714285714,7.56,0,0.14285714285714,7.0,0.0,0.0,0.0,0.0,0.0,1.0,1,1,1,7,Industrial,Industrial,319.32,337.68,96.67
SOURCE_0040,20.86612,84.99014,190.83132722542,2.6565451435663,8.792787228843,0.0,60,Bare / sparse vegetation,50.5701649,0.0,1,2,1,0,0,industrial_area,2026-08-19 00:00:00+00:00,2026-08-19 00:00:00+00:00,2,1,3.04,3.47,0,0.14285714285714,2.0,0.0,0.0,0.0,0.0,0.0,0.0,1,1,1,7,Industrial,Other,317.6,325.41,78.04
SOURCE_0041,20.86544,84.99534,190.26421386989,2.7620106921136,8.2169619763462,0.0,50,Built-up,50.31079663,0.0,1,2,1,0,0,industrial_area,2026-08-19 00:00:00+00:00,2026-08-19 00:00:00+00:00,3,1,2.8966666666667,3.47,0,0.14285714285714,3.0,0.0,0.0,0.0,0.0,0.0,1.0,1,1,1,7,Industrial,Industrial,317.24,325.41,80.0
SOURCE_0042,20.79929,85.26081,159.95684376066,0.78954403300956,19.477045580138,0.0,50,Built-up,45.05585834,0.0,2,2,1,0,0,industrial_area,2026-08-19 00:00:00+00:00,2026-08-20 00:00:00+00:00,2,2,3.665,5.42,1,0.28571428571429,2.0,24.0,0.0,24.0,24.0,24.0,0.0,2,2,2,7,Industrial,Industrial,319.16,331.26,77.33
SOURCE_0043,20.7594,85.29646,154.45617370882,4.7772930776566,25.656953077072,4.0068571043212,30,Grassland,47.22431924,4.006857104,0,2,0,0,0,industrial_area,2026-08-19 00:00:00+00:00,2026-08-20 00:00:00+00:00,5,2,2.71,5.65,1,0.28571428571429,5.0,6.0,10.392304845413,0.0,0.0,24.0,0.087778549957133,2,2,2,7,Forest/Natural,Forest/Natural,316.77,331.95,95.33
SOURCE_0044,23.69857,86.07803,211.18872239307,1.6315269826261,3.2641191776142,0.5002534407107,60,Bare / sparse vegetation,54.1461555,0.500253441,1,3,0,0,0,industrial_area,2026-08-19 00:00:00+00:00,2026-08-19 00:00:00+00:00,3,1,0.96333333333333,1.08,0,0.14285714285714,3.0,0.0,0.0,0.0,0.0,0.0,1.0,1,1,1,7,Other,Other,312.41,318.24,65.96
SOURCE_0045,23.68269,86.08083,213.12062607807,1.2157963155368,3.1566012423541,0.0,10,Tree cover,54.37325591,0.0,1,3,1,1,0,industrial_area,2026-08-19 00:00:00+00:00,2026-08-22 00:00:00+00:00,12,4,2.2958333333333,4.09,3,0.57142857142857,4.0,6.5454545454545,10.688682513963,0.0,0.0,24.0,0.085552841289463,4,4,4,7,Industrial,Forest/Natural,315.74,327.27,81.33
SOURCE_0046,23.6814,86.09103,213.28668862412,0.2926954013682,2.2280182506787,0.0,60,Bare / sparse vegetation,53.95185057,0.0,2,3,1,0,0,industrial_area,2026-08-19 00:00:00+00:00,2026-08-21 00:00:00+00:00,8,3,2.095,4.94,2,0.42857142857143,4.0,6.8571428571429,10.842094834863,0.0,0.0,24.0,0.084444518807265,3,3,3,7,Industrial,Industrial,315.24,329.82,96.67
SOURCE_0047,23.67504,86.11079,214.09471901928,2.1074037834231,2.0806301344596,0.0,10,Tree cover,54.57068823,0.0,1,3,1,1,0,industrial_area,2026-08-19 00:00:00+00:00,2026-08-20 00:00:00+00:00,3,2,1.64,1.87,1,0.28571428571429,3.0,12.0,12.0,12.0,0.0,24.0,0.076923076923077,2,2,2,7,Industrial,Forest/Natural,314.1,320.61,90.0
SOURCE_0048,23.82895,84.57195,255.43185692188,39.842933467376,13.336150721578,15.562191214673,40,Cropland,81.04328308,13.33615072,0,0,0,0,1,mine,2026-08-19 00:00:00+00:00,2026-08-20 00:00:00+00:00,9,2,1.38,1.88,1,0.28571428571429,9.0,3.0,7.9372539331938,0.0,0.0,24.0,0.11189119247087,2,2,2,7,Agricultural,Agricultural,313.45,320.64,92.0
SOURCE_0049,23.60963,85.675,226.01376247405,16.707408960012,0.0,1.4225075331244,10,Tree cover,61.03591974,0.0,1,2,1,1,0,mine,2026-08-19 00:00:00+00:00,2026-08-19 00:00:00+00:00,2,1,1.04,1.24,0,0.14285714285714,2.0,0.0,0.0,0.0,0.0,0.0,0.0,1,1,1,7,Industrial,Forest/Natural,312.6,318.72,96.0
SOURCE_0050,22.87644,86.06029,248.03013317356,4.1467378954283,1.293203092714,0.23739154555504,50,Built-up,63.42686643,0.237391546,1,3,1,0,0,industrial_area,2026-08-19 00:00:00+00:00,2026-08-20 00:00:00+00:00,3,2,2.6566666666667,4.38,1,0.28571428571429,3.0,12.0,12.0,12.0,0.0,24.0,0.076923076923077,2,2,2,7,Industrial,Industrial,316.64,328.14,73.33
SOURCE_0051,22.79715,86.19865,230.09755151166,1.0752313672395,5.4499594657388,0.0,50,Built-up,59.15568559,0.0,1,2,1,0,0,industrial_area,2026-08-19 00:00:00+00:00,2026-08-20 00:00:00+00:00,9,2,3.3233333333333,5.16,1,0.28571428571429,9.0,3.0,7.9372539331938,0.0,0.0,24.0,0.11189119247087,2,2,2,7,Industrial,Industrial,318.31,330.48,96.0
SOURCE_0052,22.79215,86.20784,228.92018697248,0.12573910321013,5.3357785182386,0.0,50,Built-up,58.59542615,0.0,2,2,1,0,0,industrial_area,2026-08-19 00:00:00+00:00,2026-08-20 00:00:00+00:00,11,2,2.63,4.63,1,0.28571428571429,11.0,2.4,7.2,0.0,0.0,24.0,0.1219512195122,2,2,2,7,Industrial,Industrial,316.58,328.89,76.0
SOURCE_0053,22.61008,85.91367,252.70245172956,11.639789767859,5.5712971711377,1.7420596255475,40,Cropland,67.91389957,1.742059626,0,1,0,0,1,industrial_area,2026-08-19 00:00:00+00:00,2026-08-19 00:00:00+00:00,1,1,1.7,1.7,0,0.14285714285714,1.0,,,,,,0.0,1,1,1,7,Agricultural,Agricultural,314.25,320.1,95.33
SOURCE_0054,22.57485,85.89123,254.02782621368,15.496365574345,9.8675387602994,0.0,60,Bare / sparse vegetation,69.84793264,0.0,1,1,1,0,0,industrial_area,2026-08-19 00:00:00+00:00,2026-08-19 00:00:00+00:00,1,1,1.39,1.39,0,0.14285714285714,1.0,,,,,,0.0,1,1,1,7,Industrial,Other,313.48,319.17,60.67
SOURCE_0055,22.57419,85.89626,253.46561491114,15.037859217219,9.8730994470945,0.088670241901753,60,Bare / sparse vegetation,69.61631095,0.088670242,1,1,1,0,0,industrial_area,2026-08-19 00:00:00+00:00,2026-08-19 00:00:00+00:00,3,1,2.24,3.17,0,0.14285714285714,3.0,0.0,0.0,0.0,0.0,0.0,1.0,1,1,1,7,Industrial,Other,315.6,324.51,77.24
SOURCE_0056,22.38231,87.28905,98.826923012659,7.3860988488739,58.952708713933,0.0,60,Bare / sparse vegetation,41.29143264,0.0,1,1,1,0,0,industrial_area,2026-08-19 00:00:00+00:00,2026-08-19 00:00:00+00:00,1,1,2.32,2.32,0,0.14285714285714,1.0,,,,,,0.0,1,1,1,7,Industrial,Other,315.8,321.96,60.0
SOURCE_0057,22.38057,87.27562,100.11553898797,8.8284478694146,57.672942182388,0.55482944408142,40,Cropland,41.79293962,0.554829444,1,1,0,0,1,industrial_area,2026-08-19 00:00:00+00:00,2026-08-25 00:00:00+00:00,30,7,3.842,9.32,6,1.0,5.0,4.9655172413793,9.7219366547344,0.0,0.0,24.0,0.093266732699679,7,7,7,7,Agricultural,Agricultural,319.6,342.96,88.67
SOURCE_0058,22.36053,87.2899,97.717260989283,7.1980725330077,60.138266568944,0.0,10,Tree cover,41.26340002,0.0,1,1,1,1,0,industrial_area,2026-08-19 00:00:00+00:00,2026-08-19 00:00:00+00:00,3,1,1.5333333333333,1.62,0,0.14285714285714,3.0,0.0,0.0,0.0,0.0,0.0,1.0,1,1,1,7,Industrial,Forest/Natural,313.83,319.86,97.33
SOURCE_0059,22.36542,87.01572,126.66726904854,17.793828525014,34.868200592661,3.0879198264272,10,Tree cover,45.6043045,3.087919826,0,1,0,1,0,industrial_area,2026-08-19 00:00:00+00:00,2026-08-19 00:00:00+00:00,4,1,1.615,1.92,0,0.14285714285714,4.0,0.0,0.0,0.0,0.0,0.0,1.0,1,1,1,7,Forest/Natural,Forest/Natural,314.04,320.76,97.33
SOURCE_0060,22.06446,88.12053,1.5311913431585,0.9017023878995,50.839589177719,0.0,10,Tree cover,13.31812073,0.0,2,3,1,1,0,industrial_area,2026-08-19 00:00:00+00:00,2026-08-19 00:00:00+00:00,1,1,2.37,2.37,0,0.14285714285714,1.0,,,,,,0.0,1,1,1,7,Industrial,Forest/Natural,315.92,322.11,78.67
SOURCE_0061,22.05706,88.12335,1.2389260013907,0.18183802523506,49.987163425008,0.0,60,Bare / sparse vegetation,12.85198186,0.0,2,3,1,0,0,industrial_area,2026-08-19 00:00:00+00:00,2026-08-19 00:00:00+00:00,1,1,2.46,2.46,0,0.14285714285714,1.0,,,,,,0.0,1,1,1,7,Industrial,Industrial,316.15,322.38,87.33
SOURCE_0062,22.05307,88.12675,1.5635986176516,0.44503345269617,49.552326063099,0.0,60,Bare / sparse vegetation,12.89023953,0.0,2,3,1,0,0,industrial_area,2026-08-19 00:00:00+00:00,2026-08-19 00:00:00+00:00,2,1,2.915,3.45,0,0.14285714285714,2.0,0.0,0.0,0.0,0.0,0.0,0.0,1,1,1,7,Industrial,Industrial,317.29,325.35,77.92
SOURCE_0063,15.29888,80.01089,245.10059849801,40.593734774849,37.03202842463,11.689122650145,40,Cropland,83.60387109,11.68912265,0,0,0,0,1,industrial_area,2026-08-19 00:00:00+00:00,2026-08-19 00:00:00+00:00,1,1,0.86,0.86,0,0.14285714285714,1.0,,,,,,0.0,1,1,1,7,Agricultural,Agricultural,312.15,317.58,87.33
SOURCE_0064,9.76584,77.51328,125.78055441403,23.550662745845,25.559267639083,21.263104903527,10,Tree cover,49.03839743,21.2631049,0,0,0,1,0,industrial_area,2026-08-19 00:00:00+00:00,2026-08-19 00:00:00+00:00,1,1,1.12,1.12,0,0.14285714285714,1.0,,,,,,0.0,1,1,1,7,Forest/Natural,Forest/Natural,312.8,318.36,94.67
SOURCE_0065,9.93416,78.31787,194.02030805629,12.338778653381,7.797017048717,5.0387807843812,30,Grassland,54.79872114,5.038780784,0,0,0,0,0,industrial_area,2026-08-19 00:00:00+00:00,2026-08-19 00:00:00+00:00,2,1,1.075,1.08,0,0.14285714285714,2.0,0.0,0.0,0.0,0.0,0.0,0.0,1,1,1,7,Forest/Natural,Forest/Natural,312.69,318.24,93.33
SOURCE_0066,29.47378,76.85699,0.14513865838948,2.0353944014112,83.248817825547,0.14513865838948,60,Bare / sparse vegetation,21.39362239,0.145138658,2,3,1,0,0,refinery,2026-08-19 00:00:00+00:00,2026-08-20 00:00:00+00:00,3,2,1.6966666666667,3.76,1,0.28571428571429,3.0,12.0,12.0,12.0,0.0,24.0,0.076923076923077,2,2,2,7,Industrial,Other,314.24,326.28,76.7
SOURCE_0067,18.69369,73.04151,39.357115407752,0.76728403328339,6.6997800074046,0.0,50,Built-up,11.70604486,0.0,2,2,1,0,0,industrial_area,2026-08-19 00:00:00+00:00,2026-08-19 00:00:00+00:00,1,1,1.18,1.18,0,0.14285714285714,1.0,,,,,,0.0,1,1,1,7,Industrial,Industrial,312.95,318.54,87.33
SOURCE_0068,26.87804,73.51413,182.88195088947,14.03480405108,0.43934754950762,14.03480405108,50,Built-up,52.84772664,0.43934755,1,1,1,0,0,mine,2026-08-19 00:00:00+00:00,2026-08-21 00:00:00+00:00,3,3,1.3866666666667,1.67,2,0.42857142857143,1.5,24.0,0.0,24.0,24.0,24.0,1.0,3,3,3,7,Industrial,Industrial,313.47,320.01,76.67
SOURCE_0069,26.25852,74.09779,186.91873203594,8.4343566475089,2.8769334116597,5.5676192000708,40,Cropland,50.94941032,2.876933412,0,1,0,0,1,mine,2026-08-19 00:00:00+00:00,2026-08-19 00:00:00+00:00,2,1,1.11,1.19,0,0.14285714285714,2.0,0.0,0.0,0.0,0.0,0.0,0.0,1,1,1,7,Agricultural,Agricultural,312.77,318.57,90.0
SOURCE_0070,23.80376,86.32996,200.48822312277,15.609136350402,0.016151846674545,2.8707119538022,60,Bare / sparse vegetation,54.74605582,0.016151847,1,2,1,0,0,mine,2026-08-19 00:00:00+00:00,2026-08-24 00:00:00+00:00,20,6,2.9695,6.43,5,0.85714285714286,4.0,6.3157894736842,10.568337177273,0.0,0.0,24.0,0.086442846943001,6,6,6,7,Industrial,Other,317.42,334.29,77.97
SOURCE_0071,23.77547,86.367,204.51978007943,12.123876561251,0.0,2.2001555685812,30,Grassland,54.71095305,0.0,1,2,1,0,0,mine,2026-08-19 00:00:00+00:00,2026-08-20 00:00:00+00:00,5,2,3.174,5.74,1,0.28571428571429,5.0,6.0,10.392304845413,0.0,0.0,24.0,0.087778549957133,2,2,2,7,Industrial,Forest/Natural,317.94,332.22,92.67
SOURCE_0072,26.26204,91.96658,19.377229449787,35.088286443233,4.5316189236277,4.6068134733788,80,Permanent water bodies,15.90098707,4.531618924,0,2,0,0,0,mine,2026-08-20 00:00:00+00:00,2026-08-20 00:00:00+00:00,1,1,2.87,2.87,0,0.14285714285714,1.0,,,,,,0.0,1,1,1,7,Other,Other,317.18,323.61,81.33
SOURCE_0073,10.13192,77.77665,154.18176094216,3.0244450874651,12.009637566662,3.0244450874651,50,Built-up,43.06007217,3.024445087,0,2,1,0,0,powerplant,2026-08-20 00:00:00+00:00,2026-08-20 00:00:00+00:00,1,1,1.71,1.71,0,0.14285714285714,1.0,,,,,,0.0,1,1,1,7,Industrial,Industrial,314.27,320.13,83.33
SOURCE_0074,9.07037,77.43026,152.69300536168,13.487382248033,4.831638858683,11.737230940891,40,Cropland,45.68731435,4.831638859,0,1,0,0,1,mine,2026-08-20 00:00:00+00:00,2026-08-20 00:00:00+00:00,1,1,3.09,3.09,0,0.14285714285714,1.0,,,,,,0.0,1,1,1,7,Agricultural,Agricultural,317.73,324.27,88.67
SOURCE_0075,8.82652,77.81555,203.20479225923,4.4270292381246,4.2957566396374,4.4572925025085,30,Grassland,54.09621766,4.29575664,0,3,0,0,0,mine,2026-08-20 00:00:00+00:00,2026-08-20 00:00:00+00:00,2,1,3.97,4.05,0,0.14285714285714,2.0,0.0,0.0,0.0,0.0,0.0,0.0,1,1,1,7,Forest/Natural,Forest/Natural,319.92,327.15,91.33
SOURCE_0076,9.01934,77.891,197.22752518241,4.3447414779731,9.3379114447963,4.3447414779731,10,Tree cover,53.8137299,4.344741478,0,2,0,1,0,powerplant,2026-08-20 00:00:00+00:00,2026-08-20 00:00:00+00:00,1,1,9.86,9.86,0,0.14285714285714,1.0,,,,,,0.0,1,1,1,7,Forest/Natural,Forest/Natural,334.65,344.58,96.0
SOURCE_0077,9.06651,77.75156,181.34263582261,3.6812773212856,11.479328458279,3.6812773212856,10,Tree cover,50.04612973,3.681277321,0,2,0,1,0,powerplant,2026-08-20 00:00:00+00:00,2026-08-20 00:00:00+00:00,3,1,9.4833333333333,13.45,0,0.14285714285714,3.0,0.0,0.0,0.0,0.0,0.0,1.0,1,1,1,7,Forest/Natural,Forest/Natural,333.71,355.35,95.33
SOURCE_0078,8.73457,78.0784,232.67221119321,5.2210183252874,15.973161163982,2.6647683413623,80,Permanent water bodies,64.13278976,2.664768341,0,1,0,0,0,industrial_area,2026-08-20 00:00:00+00:00,2026-08-20 00:00:00+00:00,1,1,1.92,1.92,0,0.14285714285714,1.0,,,,,,0.0,1,1,1,7,Other,Other,314.8,320.76,85.33
SOURCE_0079,14.39635,78.58465,234.38538020796,16.765165240837,4.9717830369113,16.765165240837,10,Tree cover,68.22187343,4.971783037,0,1,0,1,0,mine,2026-08-20 00:00:00+00:00,2026-08-20 00:00:00+00:00,1,1,5.12,5.12,0,0.14285714285714,1.0,,,,,,0.0,1,1,1,7,Forest/Natural,Forest/Natural,322.8,330.36,96.0
SOURCE_0080,17.56894,75.63644,347.23741875602,16.515313160131,35.164918025881,1.0783540313829,40,Cropland,99.99900099,1.078354031,0,1,0,0,1,industrial_area,2026-08-20 00:00:00+00:00,2026-08-20 00:00:00+00:00,1,1,4.39,4.39,0,0.14285714285714,1.0,,,,,,0.0,1,1,1,7,Agricultural,Agricultural,320.98,328.17,88.67
SOURCE_0081,13.30639,76.27603,161.99182063123,16.836217811545,30.190407800377,3.6313176704846,40,Cropland,53.16244098,3.63131767,0,1,0,0,1,industrial_area,2026-08-20 00:00:00+00:00,2026-08-20 00:00:00+00:00,1,1,3.58,3.58,0,0.14285714285714,1.0,,,,,,0.0,1,1,1,7,Agricultural,Agricultural,318.95,325.74,88.67
SOURCE_0082,14.16944,77.45648,319.03826696663,1.8425146374438,23.245559026708,1.8425146374438,40,Cropland,86.49221382,1.842514637,0,2,0,0,1,powerplant,2026-08-20 00:00:00+00:00,2026-08-20 00:00:00+00:00,1,1,4.22,4.22,0,0.14285714285714,1.0,,,,,,0.0,1,1,1,7,Agricultural,Agricultural,320.55,327.66,88.67
SOURCE_0083,13.27826,79.15017,125.40046010267,11.973990480694,10.766419682526,6.0669224627499,40,Cropland,38.55194818,6.066922463,0,0,0,0,1,industrial_area,2026-08-20 00:00:00+00:00,2026-08-20 00:00:00+00:00,1,1,2.5,2.5,0,0.14285714285714,1.0,,,,,,0.0,1,1,1,7,Agricultural,Agricultural,316.25,322.5,88.0
SOURCE_0084,11.72925,78.97382,138.04347354267,18.816813737316,6.0215540504878,2.8851343625069,40,Cropland,41.44174392,2.885134363,0,1,0,0,1,industrial_area,2026-08-20 00:00:00+00:00,2026-08-20 00:00:00+00:00,1,1,2.44,2.44,0,0.14285714285714,1.0,,,,,,0.0,1,1,1,7,Agricultural,Agricultural,316.1,322.32,88.67
SOURCE_0085,11.65141,79.12849,120.11243935531,16.1017116936,8.6443270978746,7.4894955696935,10,Tree cover,38.08699343,7.48949557,0,0,0,1,0,industrial_area,2026-08-20 00:00:00+00:00,2026-08-20 00:00:00+00:00,1,1,4.74,4.74,0,0.14285714285714,1.0,,,,,,0.0,1,1,1,7,Forest/Natural,Forest/Natural,321.85,329.22,96.0
SOURCE_0086,11.56117,79.1529,110.51629711822,6.0403380848643,13.325181375418,6.0403380848643,40,Cropland,33.98053867,6.040338085,0,0,0,0,1,powerplant,2026-08-20 00:00:00+00:00,2026-08-20 00:00:00+00:00,1,1,6.71,6.71,0,0.14285714285714,1.0,,,,,,0.0,1,1,1,7,Agricultural,Agricultural,326.77,335.13,87.33
SOURCE_0087,17.50858,82.95274,38.290977259598,17.433050885146,25.188028770286,0.24077666981553,30,Grassland,20.2882084,0.24077667,1,1,1,0,0,industrial_area,2026-08-20 00:00:00+00:00,2026-08-20 00:00:00+00:00,3,1,11.486666666667,17.21,0,0.14285714285714,3.0,0.0,0.0,0.0,0.0,0.0,1.0,1,1,1,7,Industrial,Forest/Natural,338.72,366.63,94.67
SOURCE_0088,14.90438,77.5486,362.44598803275,15.265829607575,29.056404711419,15.265829607575,40,Cropland,105.508513,15.26582961,0,0,0,0,1,powerplant,2026-08-20 00:00:00+00:00,2026-08-20 00:00:00+00:00,1,1,3.01,3.01,0,0.14285714285714,1.0,,,,,,0.0,1,1,1,7,Agricultural,Agricultural,317.52,324.03,88.67
SOURCE_0089,21.1025,72.64508,159.73714349879,1.2056816549599,54.836640529928,0.056666154953729,50,Built-up,53.95903296,0.056666155,1,2,1,0,0,industrial_area,2026-08-20 00:00:00+00:00,2026-08-20 00:00:00+00:00,5,1,6.928,12.56,0,0.14285714285714,5.0,0.0,0.0,0.0,0.0,0.0,1.0,1,1,1,7,Industrial,Industrial,327.32,352.68,76.0
SOURCE_0090,29.39208,74.30708,97.310703867034,11.114745371217,30.452124147791,38.205140585056,60,Bare / sparse vegetation,44.27067849,11.11474537,0,0,0,0,0,powerplant,2026-08-20 00:00:00+00:00,2026-08-20 00:00:00+00:00,1,1,5.84,5.84,0,0.14285714285714,1.0,,,,,,0.0,1,1,1,7,Other,Other,324.6,332.52,70.84
SOURCE_0091,24.11533,86.85748,182.80971222141,36.956563310989,0.11685742253583,24.016980035304,30,Grassland,60.97502825,0.116857423,1,1,1,0,0,mine,2026-08-20 00:00:00+00:00,2026-08-20 00:00:00+00:00,1,1,3.36,3.36,0,0.14285714285714,1.0,,,,,,0.0,1,1,1,7,Industrial,Forest/Natural,318.4,325.08,92.67
SOURCE_0092,23.80115,86.34909,201.12004034072,13.495218360624,0.0,2.8312427371365,60,Bare / sparse vegetation,54.36162536,0.0,1,2,1,0,0,mine,2026-08-19 00:00:00+00:00,2026-08-23 00:00:00+00:00,9,5,1.9255555555556,4.0,4,0.71428571428571,2.25,12.0,12.0,12.0,0.0,24.0,0.076923076923077,5,5,5,7,Industrial,Other,314.81,327.0,76.93
SOURCE_0093,23.78092,86.34646,203.50762142761,14.141334729295,0.45233121983463,2.8578366891223,50,Built-up,55.23978102,0.45233122,1,2,1,0,0,mine,2026-08-19 00:00:00+00:00,2026-08-20 00:00:00+00:00,3,2,1.2433333333333,2.27,1,0.28571428571429,3.0,12.0,12.0,12.0,0.0,24.0,0.076923076923077,2,2,2,7,Industrial,Industrial,313.11,321.81,77.33
SOURCE_0094,23.76651,86.39001,206.02242908498,10.219309930319,0.0,1.0729741538668,60,Bare / sparse vegetation,54.32867829,0.0,1,2,1,0,0,mine,2026-08-19 00:00:00+00:00,2026-08-20 00:00:00+00:00,4,2,2.18,4.66,1,0.28571428571429,4.0,8.0,11.313708498985,0.0,0.0,24.0,0.081210303141612,2,2,2,7,Industrial,Other,315.45,328.98,77.18
SOURCE_0095,23.77616,85.99555,201.92301721176,12.000418636269,0.16200433705954,1.6718079789253,10,Tree cover,53.93931204,0.162004337,1,2,1,1,0,mine,2026-08-20 00:00:00+00:00,2026-08-20 00:00:00+00:00,1,1,1.73,1.73,0,0.14285714285714,1.0,,,,,,0.0,1,1,1,7,Industrial,Forest/Natural,314.32,320.19,94.67
SOURCE_0096,23.72652,86.44112,211.84913992809,10.369676843694,0.0,5.2591970343713,10,Tree cover,56.86950345,0.0,1,1,1,1,0,mine,2026-08-20 00:00:00+00:00,2026-08-23 00:00:00+00:00,5,4,1.806,2.41,3,0.57142857142857,1.6666666666667,18.0,10.392304845413,24.0,0.0,24.0,0.087778549957133,4,4,4,7,Industrial,Forest/Natural,314.52,322.23,88.0
SOURCE_0097,23.72341,86.42146,211.80525800964,11.577811833736,0.77103280650029,3.3157592244363,30,Grassland,56.86746547,0.771032807,1,2,0,0,0,mine,2026-08-20 00:00:00+00:00,2026-08-20 00:00:00+00:00,2,1,2.29,3.56,0,0.14285714285714,2.0,0.0,0.0,0.0,0.0,0.0,0.0,1,1,1,7,Forest/Natural,Forest/Natural,315.73,325.68,91.33
SOURCE_0098,23.71838,86.42081,212.39308557531,12.15424041491,1.1436536337682,2.8425375026838,30,Grassland,57.13337928,1.143653634,0,2,0,0,0,mine,2026-08-20 00:00:00+00:00,2026-08-20 00:00:00+00:00,1,1,1.02,1.02,0,0.14285714285714,1.0,,,,,,0.0,1,1,1,7,Forest/Natural,Forest/Natural,312.55,318.06,90.67
SOURCE_0099,23.71616,86.44299,213.12525911279,11.517099953948,0.0,4.8899203531887,30,Grassland,57.38306985,0.0,1,2,1,0,0,mine,2026-08-20 00:00:00+00:00,2026-08-20 00:00:00+00:00,1,1,1.99,1.99,0,0.14285714285714,1.0,,,,,,0.0,1,1,1,7,Industrial,Forest/Natural,314.98,320.97,88.67
SOURCE_0100,23.71552,86.44933,213.34004450807,11.428680405661,0.0,5.5329321344339,60,Bare / sparse vegetation,57.57541426,0.0,1,1,1,0,0,mine,2026-08-20 00:00:00+00:00,2026-08-23 00:00:00+00:00,9,4,2.0722222222222,3.16,3,0.57142857142857,3.0,9.0,11.618950038622,0.0,0.0,24.0,0.079245895810614,4,4,4,7,Industrial,Other,315.18,324.48,77.07
SOURCE_0101,23.71304,86.42333,213.08290302261,12.618555936583,0.47012359122755,2.7301341828918,30,Grassland,57.22542918,0.470123591,1,2,1,0,0,mine,2026-08-20 00:00:00+00:00,2026-08-20 00:00:00+00:00,3,1,3.0766666666667,4.23,0,0.14285714285714,3.0,0.0,0.0,0.0,0.0,0.0,1.0,1,1,1,7,Industrial,Forest/Natural,317.69,327.69,91.33
SOURCE_0102,23.68038,86.0688,213.39826679713,2.5686401829305,4.5101241771462,1.0533275401345,40,Cropland,55.38258967,1.05332754,0,3,0,0,1,industrial_area,2026-08-20 00:00:00+00:00,2026-08-20 00:00:00+00:00,2,1,1.07,1.4,0,0.14285714285714,2.0,0.0,0.0,0.0,0.0,0.0,0.0,1,1,1,7,Agricultural,Agricultural,312.68,319.2,93.33
SOURCE_0103,23.56148,87.23978,205.96102354354,1.1615529427892,1.5994971179857,0.0,10,Tree cover,52.1805184,0.0,1,3,1,1,0,industrial_area,2026-08-20 00:00:00+00:00,2026-08-20 00:00:00+00:00,3,1,2.7933333333333,3.32,0,0.14285714285714,3.0,0.0,0.0,0.0,0.0,0.0,1.0,1,1,1,7,Industrial,Forest/Natural,316.98,324.96,91.33
SOURCE_0104,23.74441,85.50506,214.48701043775,27.671646562548,0.96704206872308,1.6227160386173,10,Tree cover,61.18710378,0.967042069,1,2,0,1,0,mine,2026-08-20 00:00:00+00:00,2026-08-20 00:00:00+00:00,2,1,0.64,0.87,0,0.14285714285714,2.0,0.0,0.0,0.0,0.0,0.0,0.0,1,1,1,7,Forest/Natural,Forest/Natural,311.6,317.61,97.33
SOURCE_0105,23.55093,87.24238,204.6929300535,0.4442300366796,1.0018599354022,0.0,50,Built-up,51.53475501,0.0,2,3,1,0,0,industrial_area,2026-08-20 00:00:00+00:00,2026-08-20 00:00:00+00:00,2,1,2.345,2.87,0,0.14285714285714,2.0,0.0,0.0,0.0,0.0,0.0,0.0,1,1,1,7,Industrial,Industrial,315.86,323.61,98.0
SOURCE_0106,23.56301,87.08428,214.73562478395,4.1144771542741,1.8801087181315,1.991541924051,60,Bare / sparse vegetation,55.68043815,1.880108718,0,3,0,0,0,mine,2026-08-19 00:00:00+00:00,2026-08-21 00:00:00+00:00,4,3,2.615,3.93,2,0.42857142857143,2.0,16.0,11.313708498985,24.0,0.0,24.0,0.081210303141612,3,3,3,7,Other,Other,316.54,326.79,67.61
SOURCE_0107,23.69801,85.366,224.6605997713,42.648409566398,0.09893612288385,3.1378096174741,30,Grassland,67.63643877,0.098936123,1,2,1,0,0,mine,2026-08-20 00:00:00+00:00,2026-08-20 00:00:00+00:00,1,1,0.31,0.31,0,0.14285714285714,1.0,,,,,,0.0,1,1,1,7,Industrial,Forest/Natural,310.77,315.93,92.0
SOURCE_0108,23.50349,87.32597,195.32850833177,1.8610419984389,11.055796054036,0.012000241108239,40,Cropland,52.06433666,0.012000241,1,2,1,0,1,industrial_area,2026-08-20 00:00:00+00:00,2026-08-20 00:00:00+00:00,1,1,3.33,3.33,0,0.14285714285714,1.0,,,,,,0.0,1,1,1,7,Industrial,Agricultural,318.32,324.99,92.67
SOURCE_0109,23.65808,85.50532,224.56741309243,29.067693398317,5.550280144719,0.038814162805522,10,Tree cover,64.8060502,0.038814163,1,1,1,1,0,industrial_area,2026-08-20 00:00:00+00:00,2026-08-22 00:00:00+00:00,4,3,1.0825,1.53,2,0.42857142857143,2.0,16.0,11.313708498985,24.0,0.0,24.0,0.081210303141612,3,3,3,7,Industrial,Forest/Natural,312.71,319.59,90.0
SOURCE_0110,23.64802,85.43788,227.87229677645,36.59985670422,0.0,0.40911864407363,60,Bare / sparse vegetation,66.22031803,0.0,2,2,1,0,0,mine,2026-08-20 00:00:00+00:00,2026-08-22 00:00:00+00:00,11,3,2.97,8.73,2,0.42857142857143,5.5,4.8,9.6,0.0,0.0,24.0,0.094339622641509,3,3,3,7,Industrial,Other,317.42,341.19,77.97
SOURCE_0111,23.6707,84.99498,244.68898343245,20.979401952975,0.059697321044377,1.3093921619085,10,Tree cover,66.75936872,0.059697321,1,2,1,1,0,mine,2026-08-20 00:00:00+00:00,2026-08-20 00:00:00+00:00,2,1,0.98,1.03,0,0.14285714285714,2.0,0.0,0.0,0.0,0.0,0.0,0.0,1,1,1,7,Industrial,Forest/Natural,312.45,318.09,96.0
SOURCE_0112,23.66463,84.99976,245.08264139193,21.696160167775,0.0,1.4296327959048,60,Bare / sparse vegetation,67.05210859,0.0,1,2,1,0,0,mine,2026-08-20 00:00:00+00:00,2026-08-20 00:00:00+00:00,2,1,0.82,1.03,0,0.14285714285714,2.0,0.0,0.0,0.0,0.0,0.0,0.0,1,1,1,7,Industrial,Other,312.05,318.09,75.82
SOURCE_0113,27.37922,95.33605,31.206731601431,8.8651511261756,12.001531546394,0.0,40,Cropland,13.01835357,0.0,1,1,1,0,1,industrial_area,2026-08-20 00:00:00+00:00,2026-08-20 00:00:00+00:00,1,1,2.32,2.32,0,0.14285714285714,1.0,,,,,,0.0,1,1,1,7,Industrial,Agricultural,315.8,321.96,87.33
SOURCE_0114,27.37876,95.0898,58.612265768624,23.092981709002,12.684373115968,0.034920888942464,40,Cropland,23.60613537,0.034920889,1,1,1,0,1,industrial_area,2026-08-19 00:00:00+00:00,2026-08-20 00:00:00+00:00,2,2,1.305,2.03,1,0.28571428571429,2.0,24.0,0.0,24.0,24.0,24.0,0.0,2,2,2,7,Industrial,Agricultural,313.26,321.09,87.33
SOURCE_0115,21.75551,84.02298,335.52784528308,1.6627398870189,3.8621386119182,0.0,50,Built-up,85.26318095,0.0,1,3,1,0,0,industrial_area,2026-08-20 00:00:00+00:00,2026-08-20 00:00:00+00:00,2,1,2.9,2.91,0,0.14285714285714,2.0,0.0,0.0,0.0,0.0,0.0,0.0,1,1,1,7,Industrial,Industrial,317.25,323.73,82.0
SOURCE_0116,21.76537,85.57951,210.66134641328,43.6909656004,14.263375094516,18.296794948652,50,Built-up,71.72812051,14.26337509,0,0,1,0,0,mine,2026-08-20 00:00:00+00:00,2026-08-20 00:00:00+00:00,1,1,0.27,0.27,0,0.14285714285714,1.0,,,,,,0.0,1,1,1,7,Industrial,Industrial,310.68,315.81,87.33
SOURCE_0117,21.9578,83.80929,368.64014158739,8.1061619425352,1.4589209146027,8.1061619425352,10,Tree cover,96.5778466,1.458920915,0,1,0,1,0,mine,2026-08-20 00:00:00+00:00,2026-08-20 00:00:00+00:00,1,1,1.43,1.43,0,0.14285714285714,1.0,,,,,,0.0,1,1,1,7,Forest/Natural,Forest/Natural,313.58,319.29,96.0
SOURCE_0118,14.83003,79.30145,218.32592291653,34.646574302289,25.654384302902,6.0744629362452,20,Shrubland,71.17533611,6.074462936,0,0,0,0,0,industrial_area,2026-08-20 00:00:00+00:00,2026-08-20 00:00:00+00:00,2,1,6.605,8.66,0,0.14285714285714,2.0,0.0,0.0,0.0,0.0,0.0,0.0,1,1,1,7,Forest/Natural,Forest/Natural,326.51,340.98,93.33
SOURCE_0119,14.8294,79.30762,217.92110089382,34.166891207959,25.295516060018,6.2173856727629,10,Tree cover,70.90022346,6.217385673,0,0,0,1,0,industrial_area,2026-08-20 00:00:00+00:00,2026-08-20 00:00:00+00:00,2,1,5.785,7.02,0,0.14285714285714,2.0,0.0,0.0,0.0,0.0,0.0,0.0,1,1,1,7,Forest/Natural,Forest/Natural,324.46,336.06,95.33
SOURCE_0120,25.94392,72.19305,0.0,3.5220232370808,28.132193844375,1.8437536764051,60,Bare / sparse vegetation,8.374492689,0.0,1,3,1,0,0,refinery,2026-08-20 00:00:00+00:00,2026-08-20 00:00:00+00:00,1,1,1.41,1.41,0,0.14285714285714,1.0,,,,,,0.0,1,1,1,7,Industrial,Other,313.52,319.23,76.41
SOURCE_0121,29.46148,76.86364,0.0,0.588398749814,81.55539931159,0.0,10,Tree cover,20.53594952,0.0,3,3,1,1,0,refinery,2026-08-20 00:00:00+00:00,2026-08-20 00:00:00+00:00,6,1,7.8833333333333,13.66,0,0.14285714285714,6.0,0.0,0.0,0.0,0.0,0.0,1.0,1,1,1,7,Industrial,Industrial,329.71,355.98,82.88
SOURCE_0122,29.91172,74.95081,0.0,2.0271546880545,72.959029529213,0.0,50,Built-up,18.74654605,0.0,2,3,1,0,0,refinery,2026-08-20 00:00:00+00:00,2026-08-20 00:00:00+00:00,5,1,3.61,4.68,0,0.14285714285714,5.0,0.0,0.0,0.0,0.0,0.0,1.0,1,1,1,7,Industrial,Industrial,319.02,329.04,96.67
SOURCE_0123,28.74485,76.92733,89.13794000046,3.8091707481274,15.215998398688,4.3630320575691,40,Cropland,28.1315353,3.809170748,0,2,0,0,1,powerplant,2026-08-20 00:00:00+00:00,2026-08-20 00:00:00+00:00,2,1,2.945,3.42,0,0.14285714285714,2.0,0.0,0.0,0.0,0.0,0.0,0.0,1,1,1,7,Agricultural,Agricultural,317.36,325.26,91.33
SOURCE_0124,27.28837,73.83765,243.50837202697,46.596469227579,33.550096685267,16.267501657998,40,Cropland,84.9806099,16.26750166,0,0,0,0,1,industrial_area,2026-08-20 00:00:00+00:00,2026-08-20 00:00:00+00:00,1,1,1.14,1.14,0,0.14285714285714,1.0,,,,,,0.0,1,1,1,7,Agricultural,Agricultural,312.85,318.42,91.33
SOURCE_0125,26.92761,73.46851,182.85102289206,9.6957785664915,0.85638290378941,9.6957785664915,50,Built-up,50.77474073,0.856382904,1,1,1,0,0,mine,2026-08-20 00:00:00+00:00,2026-08-20 00:00:00+00:00,1,1,1.38,1.38,0,0.14285714285714,1.0,,,,,,0.0,1,1,1,7,Industrial,Industrial,313.45,319.14,84.0
SOURCE_0126,19.80504,78.86545,513.07482610889,31.32498524308,3.0939615366427,21.911759558293,30,Grassland,142.3513831,3.093961537,0,1,0,0,0,mine,2026-08-20 00:00:00+00:00,2026-08-20 00:00:00+00:00,2,1,0.61,0.61,0,0.14285714285714,2.0,0.0,0.0,0.0,0.0,0.0,0.0,1,1,1,7,Forest/Natural,Forest/Natural,311.52,316.83,93.33
SOURCE_0127,19.07515,73.13273,25.822575599141,10.09246528267,3.7189974649346,0.18669791698807,40,Cropland,9.955184066,0.186697917,1,2,1,0,1,industrial_area,2026-08-20 00:00:00+00:00,2026-08-20 00:00:00+00:00,1,1,3.38,3.38,0,0.14285714285714,1.0,,,,,,0.0,1,1,1,7,Industrial,Agricultural,318.45,325.14,86.67
SOURCE_0128,12.86819,78.8947,157.14145100081,28.97038017651,1.3779089921926,3.0322896207602,10,Tree cover,47.63050745,1.377908992,0,2,0,1,0,mine,2026-08-20 00:00:00+00:00,2026-08-20 00:00:00+00:00,1,1,1.19,1.19,0,0.14285714285714,1.0,,,,,,0.0,1,1,1,7,Forest/Natural,Forest/Natural,312.98,318.57,95.33
SOURCE_0129,15.17791,77.10345,353.56971043613,2.0623391939044,25.43570853887,0.0,10,Tree cover,95.26693954,0.0,1,2,1,1,0,industrial_area,2026-08-20 00:00:00+00:00,2026-08-21 00:00:00+00:00,6,2,1.16,2.0,1,0.28571428571429,6.0,4.8,9.6,0.0,0.0,24.0,0.094339622641509,2,2,2,7,Industrial,Forest/Natural,312.9,321.0,92.67
SOURCE_0130,15.18351,76.66707,321.49428033835,0.0,2.7840997845917,0.0,60,Bare / sparse vegetation,81.06959503,0.0,2,3,1,0,0,powerplant,2026-08-20 00:00:00+00:00,2026-08-21 00:00:00+00:00,19,2,2.1721052631579,8.31,1,0.28571428571429,19.0,1.3333333333333,5.4974741674902,0.0,0.0,24.0,0.15390596010423,2,2,2,7,Industrial,Other,315.43,339.93,77.17
SOURCE_0131,15.18032,76.65672,320.48505908558,0.51160712709111,2.9924405929937,0.0,10,Tree cover,80.9972767,0.0,2,3,1,1,0,industrial_area,2026-08-20 00:00:00+00:00,2026-08-21 00:00:00+00:00,11,2,2.6454545454545,4.29,1,0.28571428571429,11.0,2.4,7.2,0.0,0.0,24.0,0.1219512195122,2,2,2,7,Industrial,Forest/Natural,316.61,327.87,92.0
SOURCE_0132,15.13828,76.70865,320.4154710612,5.4275886848427,2.858914522469,0.0,10,Tree cover,82.17549357,0.0,1,2,1,1,0,industrial_area,2026-08-20 00:00:00+00:00,2026-08-21 00:00:00+00:00,4,2,0.69,0.9,1,0.28571428571429,4.0,8.0,11.313708498985,0.0,0.0,24.0,0.081210303141612,2,2,2,7,Industrial,Forest/Natural,311.73,317.7,90.0
SOURCE_0133,15.18593,76.31431,298.63470990916,7.044396732566,8.210584348843,6.6109178592233,50,Built-up,80.12515221,6.610917859,0,0,1,0,0,industrial_area,2026-08-20 00:00:00+00:00,2026-08-20 00:00:00+00:00,1,1,0.7,0.7,0,0.14285714285714,1.0,,,,,,0.0,1,1,1,7,Industrial,Industrial,311.75,317.1,86.0
SOURCE_0134,15.17281,76.38165,301.53267894558,0.41659097047383,3.5989567411779,0.0,60,Bare / sparse vegetation,76.38705666,0.0,2,3,1,0,0,industrial_area,2026-08-20 00:00:00+00:00,2026-08-20 00:00:00+00:00,1,1,0.64,0.64,0,0.14285714285714,1.0,,,,,,0.0,1,1,1,7,Industrial,Other,311.6,316.92,75.64
SOURCE_0135,15.16786,76.38057,300.99358554845,0.3782771565271,4.1809396770523,0.0,60,Bare / sparse vegetation,76.3882006,0.0,2,3,1,0,0,industrial_area,2026-08-19 00:00:00+00:00,2026-08-21 00:00:00+00:00,3,3,1.7166666666667,2.12,2,0.42857142857143,1.5,24.0,0.0,24.0,24.0,24.0,1.0,3,3,3,7,Industrial,Other,314.29,321.36,76.72
SOURCE_0136,15.16292,76.37949,300.45559741451,0.83664605417013,4.7438391335229,0.0,40,Cropland,76.50902065,0.0,2,3,1,0,1,industrial_area,2026-08-20 00:00:00+00:00,2026-08-20 00:00:00+00:00,1,1,1.52,1.52,0,0.14285714285714,1.0,,,,,,0.0,1,1,1,7,Industrial,Agricultural,313.8,319.56,88.0
SOURCE_0137,12.86719,78.89952,156.64274506209,28.49361450355,1.6091662918657,3.5031533318017,10,Tree cover,47.5621698,1.609166292,0,2,0,1,0,mine,2026-08-20 00:00:00+00:00,2026-08-20 00:00:00+00:00,1,1,1.19,1.19,0,0.14285714285714,1.0,,,,,,0.0,1,1,1,7,Forest/Natural,Forest/Natural,312.98,318.57,95.33
SOURCE_0138,12.66981,76.85625,225.58295139635,20.000101148229,27.931928207444,13.850740856463,40,Cropland,71.8414304,13.85074086,0,0,0,0,1,industrial_area,2026-08-20 00:00:00+00:00,2026-08-20 00:00:00+00:00,1,1,0.44,0.44,0,0.14285714285714,1.0,,,,,,0.0,1,1,1,7,Agricultural,Agricultural,311.1,316.32,88.0
SOURCE_0139,11.60833,77.55147,225.49811159578,21.50470026903,28.561457483071,8.0627121131377,30,Grassland,70.90674537,8.062712113,0,0,0,0,0,industrial_area,2026-08-20 00:00:00+00:00,2026-08-20 00:00:00+00:00,1,1,1.03,1.03,0,0.14285714285714,1.0,,,,,,0.0,1,1,1,7,Forest/Natural,Forest/Natural,312.58,318.09,94.0
SOURCE_0140,8.6787,78.06282,235.11009249509,6.7436604693229,13.908972236944,3.5370684721975,10,Tree cover,64.82494842,3.537068472,0,1,0,1,0,industrial_area,2026-08-21 00:00:00+00:00,2026-08-21 00:00:00+00:00,1,1,2.79,2.79,0,0.14285714285714,1.0,,,,,,0.0,1,1,1,7,Forest/Natural,Forest/Natural,316.98,323.37,94.67
SOURCE_0141,9.3411,78.81241,201.00227495446,9.4975357087719,46.908859171164,3.9538218633124,30,Grassland,65.34062292,3.953821863,0,1,0,0,0,industrial_area,2026-08-21 00:00:00+00:00,2026-08-21 00:00:00+00:00,2,1,6.08,6.08,0,0.14285714285714,2.0,0.0,0.0,0.0,0.0,0.0,0.0,1,1,1,7,Forest/Natural,Forest/Natural,325.2,333.24,93.33
SOURCE_0142,9.36586,78.66449,208.30431682919,12.446814894629,32.841606591976,12.446814894629,10,Tree cover,66.5098883,12.44681489,0,0,0,1,0,powerplant,2026-08-21 00:00:00+00:00,2026-08-21 00:00:00+00:00,2,1,6.32,6.32,0,0.14285714285714,2.0,0.0,0.0,0.0,0.0,0.0,0.0,1,1,1,7,Forest/Natural,Forest/Natural,325.8,333.96,95.33
SOURCE_0143,9.39964,78.7998,196.32262099613,11.207801643928,42.11107607691,3.351021666078,10,Tree cover,63.2481301,3.351021666,0,1,0,1,0,industrial_area,2026-08-21 00:00:00+00:00,2026-08-21 00:00:00+00:00,1,1,1.97,1.97,0,0.14285714285714,1.0,,,,,,0.0,1,1,1,7,Forest/Natural,Forest/Natural,314.92,320.91,96.0
SOURCE_0144,9.56629,78.77435,182.97045647118,14.395991182986,33.667869130797,16.308436317125,20,Shrubland,61.83568828,14.39599118,0,0,0,0,0,powerplant,2026-08-21 00:00:00+00:00,2026-08-21 00:00:00+00:00,1,1,5.18,5.18,0,0.14285714285714,1.0,,,,,,0.0,1,1,1,7,Forest/Natural,Forest/Natural,322.95,330.54,94.0
SOURCE_0145,9.46111,77.93867,180.33734037313,5.1029372064337,15.314801565632,0.97673469321798,40,Cropland,50.43295346,0.976734693,1,1,0,0,1,industrial_area,2026-08-21 00:00:00+00:00,2026-08-21 00:00:00+00:00,4,1,3.9275,5.13,0,0.14285714285714,4.0,0.0,0.0,0.0,0.0,0.0,1.0,1,1,1,7,Agricultural,Agricultural,319.82,330.39,88.67
SOURCE_0146,9.55428,78.28836,215.0996963533,1.9813675303006,12.661997438184,1.9813675303006,30,Grassland,57.93110721,1.98136753,0,2,0,0,0,powerplant,2026-08-21 00:00:00+00:00,2026-08-21 00:00:00+00:00,2,1,5.675,8.67,0,0.14285714285714,2.0,0.0,0.0,0.0,0.0,0.0,0.0,1,1,1,7,Forest/Natural,Forest/Natural,324.19,341.01,92.67
SOURCE_0147,9.57572,78.31776,217.79341901246,0.0,16.60499961103,0.0,20,Shrubland,58.59960466,0.0,2,2,1,0,0,powerplant,2026-08-21 00:00:00+00:00,2026-08-21 00:00:00+00:00,1,1,5.01,5.01,0,0.14285714285714,1.0,,,,,,0.0,1,1,1,7,Industrial,Forest/Natural,322.52,330.03,94.0
SOURCE_0148,9.57466,78.31066,217.04381324944,0.0,15.814954785689,0.0,30,Grassland,58.21469201,0.0,2,2,1,0,0,powerplant,2026-08-21 00:00:00+00:00,2026-08-21 00:00:00+00:00,2,1,4.715,4.79,0,0.14285714285714,2.0,0.0,0.0,0.0,0.0,0.0,0.0,1,1,1,7,Industrial,Forest/Natural,321.79,329.37,93.33
SOURCE_0149,9.6873,78.11195,192.96048253421,10.639560194631,11.34023079816,3.5006217979234,50,Built-up,54.61022383,3.500621798,0,1,1,0,0,industrial_area,2026-08-21 00:00:00+00:00,2026-08-21 00:00:00+00:00,1,1,1.97,1.97,0,0.14285714285714,1.0,,,,,,0.0,1,1,1,7,Industrial,Industrial,314.92,320.91,82.0
SOURCE_0150,9.63681,77.75274,154.91700014912,3.8333270000366,12.441015078116,6.6434438468499,20,Shrubland,44.45869652,3.833327,0,1,0,0,0,powerplant,2026-08-21 00:00:00+00:00,2026-08-21 00:00:00+00:00,1,1,7.12,7.12,0,0.14285714285714,1.0,,,,,,0.0,1,1,1,7,Forest/Natural,Forest/Natural,327.8,336.36,94.0
SOURCE_0151,9.91944,78.34734,192.10653154904,12.024928181461,6.718989784337,7.5599738517547,20,Shrubland,54.60260584,6.718989784,0,0,0,0,0,mine,2026-08-21 00:00:00+00:00,2026-08-21 00:00:00+00:00,1,1,3.79,3.79,0,0.14285714285714,1.0,,,,,,0.0,1,1,1,7,Forest/Natural,Forest/Natural,319.48,326.37,94.0
SOURCE_0152,9.83491,78.12406,192.29358227391,4.6232611717123,7.0825865003761,2.6684054250926,20,Shrubland,51.66695884,2.668405425,0,2,0,0,0,industrial_area,2026-08-21 00:00:00+00:00,2026-08-21 00:00:00+00:00,1,1,2.45,2.45,0,0.14285714285714,1.0,,,,,,0.0,1,1,1,7,Forest/Natural,Forest/Natural,316.12,322.35,92.67
SOURCE_0153,12.79142,79.90376,59.410895104661,8.3552702611977,3.5122391751656,1.286072227595,30,Grassland,18.14111919,1.286072228,0,2,0,0,0,industrial_area,2026-08-21 00:00:00+00:00,2026-08-21 00:00:00+00:00,1,1,2.83,2.83,0,0.14285714285714,1.0,,,,,,0.0,1,1,1,7,Forest/Natural,Forest/Natural,317.08,323.49,94.67
SOURCE_0154,9.91726,77.88062,164.71460418689,14.317613684543,7.3381326366706,12.527365622436,10,Tree cover,49.72442903,7.338132637,0,0,0,1,0,mine,2026-08-21 00:00:00+00:00,2026-08-21 00:00:00+00:00,2,1,5.045,5.53,0,0.14285714285714,2.0,0.0,0.0,0.0,0.0,0.0,0.0,1,1,1,7,Forest/Natural,Forest/Natural,322.61,331.59,95.33
SOURCE_0155,9.94108,77.94887,172.24303131242,18.568286325735,3.4607467429238,4.8948906205781,40,Cropland,49.79173875,3.460746743,0,2,0,0,1,mine,2026-08-21 00:00:00+00:00,2026-08-21 00:00:00+00:00,1,1,3.52,3.52,0,0.14285714285714,1.0,,,,,,0.0,1,1,1,7,Agricultural,Agricultural,318.8,325.56,88.67
SOURCE_0156,10.00594,78.04284,182.73641131354,18.988163740786,6.1017633403277,4.7573336643339,40,Cropland,53.14591801,4.757333664,0,1,0,0,1,industrial_area,2026-08-21 00:00:00+00:00,2026-08-21 00:00:00+00:00,1,1,1.0,1.0,0,0.14285714285714,1.0,,,,,,0.0,1,1,1,7,Agricultural,Agricultural,312.5,318.0,88.0
SOURCE_0157,9.91187,77.39479,110.70930329397,27.039524846669,10.343057445272,6.5632169116474,40,Cropland,38.66377562,6.563216912,0,0,0,0,1,industrial_area,2026-08-21 00:00:00+00:00,2026-08-21 00:00:00+00:00,1,1,1.93,1.93,0,0.14285714285714,1.0,,,,,,0.0,1,1,1,7,Agricultural,Agricultural,314.82,320.79,88.67
SOURCE_0158,10.04691,77.9536,172.98839250629,15.570249852432,6.1968908072821,10.231033192493,10,Tree cover,51.24664159,6.196890807,0,0,0,1,0,mine,2026-08-21 00:00:00+00:00,2026-08-21 00:00:00+00:00,6,1,6.2733333333333,13.76,0,0.14285714285714,6.0,0.0,0.0,0.0,0.0,0.0,1.0,1,1,1,7,Forest/Natural,Forest/Natural,325.68,356.28,95.33
SOURCE_0159,10.40833,77.98684,183.34333547496,6.1092997196183,33.655771766834,2.0194203446952,40,Cropland,56.28195683,2.019420345,0,1,0,0,1,industrial_area,2026-08-21 00:00:00+00:00,2026-08-21 00:00:00+00:00,2,1,3.645,3.91,0,0.14285714285714,2.0,0.0,0.0,0.0,0.0,0.0,0.0,1,1,1,7,Agricultural,Agricultural,319.11,326.73,88.67
SOURCE_0160,10.42592,77.87876,172.38064209605,1.8297529944167,22.405457719852,1.8297529944167,40,Cropland,49.61140145,1.829752994,0,2,0,0,1,powerplant,2026-08-21 00:00:00+00:00,2026-08-21 00:00:00+00:00,1,1,7.37,7.37,0,0.14285714285714,1.0,,,,,,0.0,1,1,1,7,Agricultural,Agricultural,328.42,337.11,88.0
SOURCE_0161,10.40083,77.59858,141.93165784934,19.129843890254,8.2074569314021,10.595562022091,10,Tree cover,44.96613017,8.207456931,0,0,0,1,0,mine,2026-08-21 00:00:00+00:00,2026-08-21 00:00:00+00:00,1,1,2.3,2.3,0,0.14285714285714,1.0,,,,,,0.0,1,1,1,7,Forest/Natural,Forest/Natural,315.75,321.9,96.0
SOURCE_0162,10.84437,78.89214,101.88216238356,15.126909626457,12.299162181102,1.3361430195524,10,Tree cover,32.6610943,1.33614302,0,1,0,1,0,industrial_area,2026-08-21 00:00:00+00:00,2026-08-21 00:00:00+00:00,1,1,1.88,1.88,0,0.14285714285714,1.0,,,,,,0.0,1,1,1,7,Forest/Natural,Forest/Natural,314.7,320.64,95.33
SOURCE_0163,10.82362,78.51756,143.56314096856,9.6147317989866,15.729715239423,9.6147317989866,40,Cropland,44.63057995,9.614731799,0,0,0,0,1,powerplant,2026-08-21 00:00:00+00:00,2026-08-21 00:00:00+00:00,1,1,2.64,2.64,0,0.14285714285714,1.0,,,,,,0.0,1,1,1,7,Agricultural,Agricultural,316.6,322.92,88.67
SOURCE_0164,10.86226,78.60471,133.91723078712,15.196320783668,21.885257025016,11.316052627013,40,Cropland,45.57871531,11.31605263,0,0,0,0,1,industrial_area,2026-08-21 00:00:00+00:00,2026-08-21 00:00:00+00:00,1,1,5.59,5.59,0,0.14285714285714,1.0,,,,,,0.0,1,1,1,7,Agricultural,Agricultural,323.98,331.77,88.0
SOURCE_0165,10.90676,78.79072,113.50187629243,17.812469061706,14.881274298601,4.9363583794453,40,Cropland,37.78299451,4.936358379,0,1,0,0,1,industrial_area,2026-08-21 00:00:00+00:00,2026-08-21 00:00:00+00:00,1,1,3.79,3.79,0,0.14285714285714,1.0,,,,,,0.0,1,1,1,7,Agricultural,Agricultural,319.48,326.37,88.67
SOURCE_0166,10.8966,78.69748,123.77547077924,14.152870790701,18.135370078263,1.2295467269062,40,Cropland,39.32331459,1.229546727,0,1,0,0,1,industrial_area,2026-08-21 00:00:00+00:00,2026-08-21 00:00:00+00:00,1,1,3.04,3.04,0,0.14285714285714,1.0,,,,,,0.0,1,1,1,7,Agricultural,Agricultural,317.6,324.12,88.67
SOURCE_0167,10.8357,78.05394,195.17634488927,8.5821658238013,11.246469247222,7.249187474686,40,Cropland,55.56354186,7.249187475,0,0,0,0,1,industrial_area,2026-08-21 00:00:00+00:00,2026-08-21 00:00:00+00:00,1,1,4.7,4.7,0,0.14285714285714,1.0,,,,,,0.0,1,1,1,7,Agricultural,Agricultural,321.75,329.1,88.0
SOURCE_0168,10.8054,77.76113,178.52899306919,1.2172770751535,13.990447476599,1.2172770751535,40,Cropland,48.73849867,1.217277075,0,2,0,0,1,powerplant,2026-08-21 00:00:00+00:00,2026-08-21 00:00:00+00:00,1,1,4.65,4.65,0,0.14285714285714,1.0,,,,,,0.0,1,1,1,7,Agricultural,Agricultural,321.62,328.95,88.0
SOURCE_0169,11.10589,78.88667,107.18627776234,16.960044440585,4.2975283013507,6.1443461244151,60,Bare / sparse vegetation,33.64704916,4.297528301,0,1,0,0,0,mine,2026-08-21 00:00:00+00:00,2026-08-21 00:00:00+00:00,3,1,2.4833333333333,3.81,0,0.14285714285714,3.0,0.0,0.0,0.0,0.0,0.0,1.0,1,1,1,7,Other,Other,316.21,326.43,67.48
SOURCE_0170,11.1194,78.69011,128.65025627671,0.0,10.921332096432,0.0,20,Shrubland,34.89289709,0.0,2,2,1,0,0,powerplant,2026-08-21 00:00:00+00:00,2026-08-21 00:00:00+00:00,1,1,7.32,7.32,0,0.14285714285714,1.0,,,,,,0.0,1,1,1,7,Industrial,Forest/Natural,328.3,336.96,94.67
SOURCE_0171,11.04524,77.91196,207.66803549949,9.1176972230115,1.9180714487375,8.6738782018309,10,Tree cover,56.84442059,1.918071449,0,1,0,1,0,mine,2026-08-21 00:00:00+00:00,2026-08-21 00:00:00+00:00,1,1,4.75,4.75,0,0.14285714285714,1.0,,,,,,0.0,1,1,1,7,Forest/Natural,Forest/Natural,321.88,329.25,96.0
SOURCE_0172,11.21367,77.60988,194.82344378064,6.7817889093809,4.7664104086291,2.4929233408359,40,Cropland,52.21614161,2.492923341,0,2,0,0,1,industrial_area,2026-08-21 00:00:00+00:00,2026-08-21 00:00:00+00:00,1,1,4.34,4.34,0,0.14285714285714,1.0,,,,,,0.0,1,1,1,7,Agricultural,Agricultural,320.85,328.02,88.67
SOURCE_0173,11.25254,77.55219,193.71023897283,1.3785398228458,5.8507820770692,0.0,40,Cropland,50.23489022,0.0,1,2,1,0,1,industrial_area,2026-08-21 00:00:00+00:00,2026-08-21 00:00:00+00:00,1,1,4.97,4.97,0,0.14285714285714,1.0,,,,,,0.0,1,1,1,7,Industrial,Agricultural,322.42,329.91,88.0
SOURCE_0174,11.17897,76.86507,146.16067199919,7.9043909423086,10.315620307896,7.6146197772728,10,Tree cover,42.99882576,7.614619777,0,0,0,1,0,industrial_area,2026-08-21 00:00:00+00:00,2026-08-21 00:00:00+00:00,1,1,3.47,3.47,0,0.14285714285714,1.0,,,,,,0.0,1,1,1,7,Forest/Natural,Forest/Natural,318.68,325.41,96.0
SOURCE_0175,11.34971,77.56582,203.0646568929,10.685713486486,16.659549939499,7.5837184953033,30,Grassland,59.4984097,7.583718495,0,0,0,0,0,industrial_area,2026-08-21 00:00:00+00:00,2026-08-21 00:00:00+00:00,1,1,2.44,2.44,0,0.14285714285714,1.0,,,,,,0.0,1,1,1,7,Forest/Natural,Forest/Natural,316.1,322.32,94.67
SOURCE_0176,11.42352,77.76451,223.96721678127,3.696595078483,2.9082786643358,2.0390996787351,50,Built-up,58.15279755,2.039099679,0,3,1,0,0,industrial_area,2026-08-21 00:00:00+00:00,2026-08-21 00:00:00+00:00,1,1,3.96,3.96,0,0.14285714285714,1.0,,,,,,0.0,1,1,1,7,Industrial,Industrial,319.9,326.88,81.33
SOURCE_0177,11.42366,77.74271,222.33751750551,5.4234596390363,4.5332950778154,4.0823329254571,40,Cropland,59.09415129,4.082332925,0,2,0,0,1,industrial_area,2026-08-21 00:00:00+00:00,2026-08-21 00:00:00+00:00,1,1,3.7,3.7,0,0.14285714285714,1.0,,,,,,0.0,1,1,1,7,Agricultural,Agricultural,319.25,326.1,88.67
SOURCE_0178,11.71099,79.12828,125.46374377198,22.378326678799,9.0361898570214,12.399738209531,20,Shrubland,42.31949963,9.036189857,0,0,0,0,0,mine,2026-08-21 00:00:00+00:00,2026-08-21 00:00:00+00:00,3,1,15.55,30.85,0,0.14285714285714,3.0,0.0,0.0,0.0,0.0,0.0,1.0,1,1,1,7,Forest/Natural,Forest/Natural,348.88,407.55,93.33
SOURCE_0179,11.52499,77.67209,225.96019738775,5.5394230955263,13.371587235305,11.886483956171,30,Grassland,64.18942292,5.539423096,0,0,0,0,0,powerplant,2026-08-21 00:00:00+00:00,2026-08-21 00:00:00+00:00,2,1,5.725,5.77,0,0.14285714285714,2.0,0.0,0.0,0.0,0.0,0.0,0.0,1,1,1,7,Forest/Natural,Forest/Natural,324.31,332.31,94.0
SOURCE_0180,12.05095,79.61237,140.50132369656,24.453737524252,3.4835287350422,7.217479204199,40,Cropland,43.91401729,3.483528735,0,1,0,0,1,mine,2026-08-21 00:00:00+00:00,2026-08-21 00:00:00+00:00,1,1,5.05,5.05,0,0.14285714285714,1.0,,,,,,0.0,1,1,1,7,Agricultural,Agricultural,322.62,330.15,88.0
SOURCE_0181,11.81027,77.92296,237.51760794332,10.457594081968,16.306170321694,0.0,50,Built-up,66.07034309,0.0,1,1,1,0,0,industrial_area,2026-08-21 00:00:00+00:00,2026-08-22 00:00:00+00:00,3,2,1.84,3.37,1,0.28571428571429,3.0,12.0,12.0,12.0,0.0,24.0,0.076923076923077,2,2,2,7,Industrial,Industrial,314.6,325.11,76.0
SOURCE_0182,12.31031,78.07397,256.06782868297,37.123992493486,22.841026004373,1.2424843840782,40,Cropland,79.31883289,1.242484384,0,1,0,0,1,industrial_area,2026-08-21 00:00:00+00:00,2026-08-21 00:00:00+00:00,1,1,2.61,2.61,0,0.14285714285714,1.0,,,,,,0.0,1,1,1,7,Agricultural,Agricultural,316.52,322.83,88.67
SOURCE_0183,12.72135,79.78169,74.705255126866,16.308621577206,6.6406114699395,2.8748276285162,20,Shrubland,25.13232895,2.874827629,0,1,0,0,0,industrial_area,2026-08-21 00:00:00+00:00,2026-08-21 00:00:00+00:00,1,1,3.63,3.63,0,0.14285714285714,1.0,,,,,,0.0,1,1,1,7,Forest/Natural,Forest/Natural,319.08,325.89,94.67
SOURCE_0184,12.85799,79.29736,114.16459516597,6.2456865500354,2.0030576433646,4.1377445550258,40,Cropland,31.63777098,2.003057643,0,2,0,0,1,mine,2026-08-21 00:00:00+00:00,2026-08-21 00:00:00+00:00,2,1,5.615,8.07,0,0.14285714285714,2.0,0.0,0.0,0.0,0.0,0.0,0.0,1,1,1,7,Agricultural,Agricultural,324.04,339.21,87.33
SOURCE_0185,13.09303,77.44754,288.61583207385,5.6364980860622,7.0076255061351,0.073959274594352,50,Built-up,75.33347874,0.073959275,1,1,1,0,0,industrial_area,2026-08-21 00:00:00+00:00,2026-08-21 00:00:00+00:00,1,1,2.67,2.67,0,0.14285714285714,1.0,,,,,,0.0,1,1,1,7,Industrial,Industrial,316.68,323.01,82.67
SOURCE_0186,13.26471,77.34718,278.95297107289,24.26464393476,8.0281494419627,0.0,40,Cropland,77.81144111,0.0,1,1,1,0,1,industrial_area,2026-08-21 00:00:00+00:00,2026-08-21 00:00:00+00:00,1,1,19.62,19.62,0,0.14285714285714,1.0,,,,,,0.0,1,1,1,7,Industrial,Agricultural,359.05,373.86,85.33
SOURCE_0187,14.60375,79.65997,177.16468053289,9.687094541019,27.98541063782,4.9478027116463,40,Cropland,54.94624711,4.947802712,0,1,0,0,1,industrial_area,2026-08-21 00:00:00+00:00,2026-08-21 00:00:00+00:00,2,1,5.99,6.46,0,0.14285714285714,2.0,0.0,0.0,0.0,0.0,0.0,0.0,1,1,1,7,Agricultural,Agricultural,324.98,334.38,88.0
SOURCE_0188,14.68579,79.73881,182.81827047775,17.212186051609,37.320601554373,14.827671964668,40,Cropland,63.04468251,14.82767196,0,0,0,0,1,industrial_area,2026-08-21 00:00:00+00:00,2026-08-21 00:00:00+00:00,3,1,2.8533333333333,3.61,0,0.14285714285714,3.0,0.0,0.0,0.0,0.0,0.0,1.0,1,1,1,7,Agricultural,Agricultural,317.13,325.83,88.0
SOURCE_0189,14.68322,79.69376,184.25476557916,12.285437322893,32.338373212391,10.470932937779,40,Cropland,59.83737726,10.47093294,0,0,0,0,1,industrial_area,2026-08-21 00:00:00+00:00,2026-08-21 00:00:00+00:00,2,1,7.215,7.5,0,0.14285714285714,2.0,0.0,0.0,0.0,0.0,0.0,0.0,1,1,1,7,Agricultural,Agricultural,328.04,337.5,88.0
SOURCE_0190,14.72931,79.92735,181.90309602125,38.789307803931,58.876892194211,11.336586747585,30,Grassland,72.72647069,11.33658675,0,0,0,0,0,industrial_area,2026-08-21 00:00:00+00:00,2026-08-21 00:00:00+00:00,2,1,3.95,3.95,0,0.14285714285714,2.0,0.0,0.0,0.0,0.0,0.0,0.0,1,1,1,7,Forest/Natural,Forest/Natural,319.88,326.85,94.67
SOURCE_0191,14.72149,79.72996,187.02258456625,17.679522915952,37.319687996769,16.403187427786,10,Tree cover,64.60624573,16.40318743,0,0,0,1,0,industrial_area,2026-08-21 00:00:00+00:00,2026-08-21 00:00:00+00:00,1,1,3.0,3.0,0,0.14285714285714,1.0,,,,,,0.0,1,1,1,7,Forest/Natural,Forest/Natural,317.5,324.0,96.0
SOURCE_0192,14.52269,77.43584,336.08121355804,12.532383961282,33.210971157017,12.532383961282,40,Cropland,98.58923816,12.53238396,0,0,0,0,1,powerplant,2026-08-21 00:00:00+00:00,2026-08-21 00:00:00+00:00,3,1,9.4033333333333,15.67,0,0.14285714285714,3.0,0.0,0.0,0.0,0.0,0.0,1.0,1,1,1,7,Agricultural,Agricultural,333.51,362.01,88.67
SOURCE_0193,15.10593,79.37793,242.74605388997,20.530719551231,54.868730249708,20.530719551231,10,Tree cover,84.66905581,20.53071955,0,0,0,1,0,powerplant,2026-08-21 00:00:00+00:00,2026-08-21 00:00:00+00:00,2,1,11.49,16.95,0,0.14285714285714,2.0,0.0,0.0,0.0,0.0,0.0,0.0,1,1,1,7,Forest/Natural,Forest/Natural,338.72,365.85,95.33
SOURCE_0194,15.4127,79.60164,267.28989564571,10.731558130872,29.594839050815,10.160940491259,40,Cropland,79.44430833,10.16094049,0,0,0,0,1,industrial_area,2026-08-21 00:00:00+00:00,2026-08-21 00:00:00+00:00,2,1,3.45,4.21,0,0.14285714285714,2.0,0.0,0.0,0.0,0.0,0.0,0.0,1,1,1,7,Agricultural,Agricultural,318.62,327.63,88.0
SOURCE_0195,15.69083,79.12525,315.87655998436,14.975564923249,15.232343523187,14.975564923249,20,Shrubland,90.26500834,14.97556492,0,0,0,0,0,powerplant,2026-08-21 00:00:00+00:00,2026-08-21 00:00:00+00:00,1,1,6.67,6.67,0,0.14285714285714,1.0,,,,,,0.0,1,1,1,7,Forest/Natural,Forest/Natural,326.68,335.01,94.67
SOURCE_0196,15.80123,79.52772,275.49960367036,33.868025864187,20.090479469183,24.540142990008,40,Cropland,88.499563,20.09047947,0,0,0,0,1,mine,2026-08-21 00:00:00+00:00,2026-08-21 00:00:00+00:00,1,1,14.67,14.67,0,0.14285714285714,1.0,,,,,,0.0,1,1,1,7,Agricultural,Agricultural,346.68,359.01,88.0
SOURCE_0197,15.60369,77.62315,406.18756501513,16.220128383267,25.153005326161,16.220128383267,40,Cropland,115.9452068,16.22012838,0,0,0,0,1,powerplant,2026-08-21 00:00:00+00:00,2026-08-21 00:00:00+00:00,1,1,3.09,3.09,0,0.14285714285714,1.0,,,,,,0.0,1,1,1,7,Agricultural,Agricultural,317.73,324.27,88.67
SOURCE_0198,16.01146,80.31809,184.26668016979,20.067136773873,24.295102499786,10.229458536446,40,Cropland,59.71459449,10.22945854,0,0,0,0,1,industrial_area,2026-08-21 00:00:00+00:00,2026-08-21 00:00:00+00:00,1,1,10.58,10.58,0,0.14285714285714,1.0,,,,,,0.0,1,1,1,7,Agricultural,Agricultural,336.45,346.74,88.0
SOURCE_0199,15.94305,78.95891,332.98086216885,17.984232092199,48.565565322455,4.1240111129119,30,Grassland,100.9136677,4.124011113,0,1,0,0,0,industrial_area,2026-08-21 00:00:00+00:00,2026-08-21 00:00:00+00:00,1,1,4.95,4.95,0,0.14285714285714,1.0,,,,,,0.0,1,1,1,7,Forest/Natural,Forest/Natural,322.38,329.85,94.67
SOURCE_0200,16.04546,79.40362,282.12412933483,48.685224818016,37.985295727384,37.358431318935,40,Cropland,101.5382703,37.35843132,0,0,0,0,1,industrial_area,2026-08-21 00:00:00+00:00,2026-08-21 00:00:00+00:00,1,1,4.21,4.21,0,0.14285714285714,1.0,,,,,,0.0,1,1,1,7,Agricultural,Agricultural,320.52,327.63,88.0
SOURCE_0201,16.30597,78.48191,380.44223030799,21.959967362022,58.072664281026,19.862380745812,20,Shrubland,120.0843107,19.86238075,0,0,0,0,0,industrial_area,2026-08-21 00:00:00+00:00,2026-08-21 00:00:00+00:00,1,1,3.14,3.14,0,0.14285714285714,1.0,,,,,,0.0,1,1,1,7,Forest/Natural,Forest/Natural,317.85,324.42,94.67
SOURCE_0202,16.39512,78.57832,369.24676414796,9.0716078846526,43.983924114827,6.2022681011063,40,Cropland,107.1261411,6.202268101,0,0,0,0,1,industrial_area,2026-08-21 00:00:00+00:00,2026-08-21 00:00:00+00:00,1,1,3.81,3.81,0,0.14285714285714,1.0,,,,,,0.0,1,1,1,7,Agricultural,Agricultural,319.52,326.43,88.0
SOURCE_0203,16.38151,78.17361,414.32643203934,12.113507847213,76.875526753506,12.626218873547,40,Cropland,128.9854214,12.11350785,0,0,0,0,1,powerplant,2026-08-21 00:00:00+00:00,2026-08-21 00:00:00+00:00,1,1,1.71,1.71,0,0.14285714285714,1.0,,,,,,0.0,1,1,1,7,Agricultural,Agricultural,314.27,320.13,88.67
SOURCE_0204,15.76939,73.70415,342.39693861726,17.774883916797,0.46589608880942,4.6512268997232,40,Cropland,91.32223638,0.465896089,1,2,1,0,1,mine,2026-08-21 00:00:00+00:00,2026-08-21 00:00:00+00:00,3,1,122.44666666667,135.46,0,0.14285714285714,3.0,0.0,0.0,0.0,0.0,0.0,1.0,1,1,1,7,Industrial,Agricultural,616.12,721.38,83.33
SOURCE_0205,16.70696,78.27788,403.21720984678,6.1745764768431,69.31668801283,6.1745764768431,60,Bare / sparse vegetation,121.2207627,6.174576477,0,0,0,0,0,powerplant,2026-08-21 00:00:00+00:00,2026-08-21 00:00:00+00:00,1,1,3.8,3.8,0,0.14285714285714,1.0,,,,,,0.0,1,1,1,7,Other,Other,319.5,326.4,68.8
SOURCE_0206,17.34807,80.77615,158.5100413373,22.943158231292,13.333631563981,16.90979727277,40,Cropland,52.9241571,13.33363156,0,0,0,0,1,mine,2026-08-21 00:00:00+00:00,2026-08-21 00:00:00+00:00,1,1,4.11,4.11,0,0.14285714285714,1.0,,,,,,0.0,1,1,1,7,Agricultural,Agricultural,320.27,327.33,88.0
SOURCE_0207,17.61271,78.17559,433.57870358844,6.379776417927,9.4525736840882,3.309700851321,30,Grassland,113.1801886,3.309700851,0,1,0,0,0,industrial_area,2026-08-21 00:00:00+00:00,2026-08-21 00:00:00+00:00,1,1,1.89,1.89,0,0.14285714285714,1.0,,,,,,0.0,1,1,1,7,Forest/Natural,Forest/Natural,314.73,320.67,94.0
SOURCE_0208,18.68608,73.04124,40.173044700282,0.013268060556263,7.0756579573253,0.0,60,Bare / sparse vegetation,11.81549268,0.0,2,2,1,0,0,industrial_area,2026-08-21 00:00:00+00:00,2026-08-21 00:00:00+00:00,3,1,7.2433333333333,11.47,0,0.14285714285714,3.0,0.0,0.0,0.0,0.0,0.0,1.0,1,1,1,7,Industrial,Other,328.11,349.41,82.24
SOURCE_0209,25.54232,91.23663,101.14081342066,60.383782080216,49.204073217967,52.506416118931,30,Grassland,65.80877121,49.20407322,0,0,0,0,0,mine,2026-08-21 00:00:00+00:00,2026-08-22 00:00:00+00:00,3,2,0.82,1.3,1,0.28571428571429,3.0,12.0,12.0,12.0,0.0,24.0,0.076923076923077,2,2,2,7,Forest/Natural,Forest/Natural,312.05,318.9,96.0
SOURCE_0210,22.24438,87.38752,82.836841878041,0.0,76.421789289519,13.262264083808,60,Bare / sparse vegetation,43.13022381,0.0,1,1,1,0,0,powerplant,2026-08-21 00:00:00+00:00,2026-08-21 00:00:00+00:00,3,1,1.7933333333333,3.08,0,0.14285714285714,3.0,0.0,0.0,0.0,0.0,0.0,1.0,1,1,1,7,Industrial,Other,314.48,324.24,76.79
SOURCE_0211,22.36782,87.30148,96.865384916293,5.8611037459892,60.929148046333,0.53766864197923,60,Bare / sparse vegetation,41.04832634,0.537668642,1,1,0,0,0,industrial_area,2026-08-21 00:00:00+00:00,2026-08-21 00:00:00+00:00,4,1,1.66,2.29,0,0.14285714285714,4.0,0.0,0.0,0.0,0.0,0.0,1.0,1,1,1,7,Other,Other,314.15,321.87,66.66
SOURCE_0212,24.76488,74.60672,6.9721659846541,0.24634700804318,1.2236709599157,0.0,50,Built-up,2.110545988,0.0,2,3,1,0,0,industrial_area,2026-08-20 00:00:00+00:00,2026-08-22 00:00:00+00:00,4,3,0.995,1.66,2,0.42857142857143,2.0,16.0,11.313708498985,24.0,0.0,24.0,0.081210303141612,3,3,3,7,Industrial,Industrial,312.49,319.98,76.67
SOURCE_0213,23.31622,70.48621,132.95540477044,10.018302898845,21.514548831654,0.0,20,Shrubland,41.12206413,0.0,1,1,1,0,0,industrial_area,2026-08-21 00:00:00+00:00,2026-08-21 00:00:00+00:00,2,1,2.57,2.75,0,0.14285714285714,2.0,0.0,0.0,0.0,0.0,0.0,0.0,1,1,1,7,Industrial,Forest/Natural,316.42,323.25,86.0
SOURCE_0214,23.67524,86.10297,214.05385868361,1.4378501885105,2.0851163989723,0.0,10,Tree cover,54.39420632,0.0,1,3,1,1,0,industrial_area,2026-08-20 00:00:00+00:00,2026-08-21 00:00:00+00:00,2,2,2.38,3.68,1,0.28571428571429,2.0,24.0,0.0,24.0,24.0,24.0,0.0,2,2,2,7,Industrial,Forest/Natural,315.95,326.04,88.0
SOURCE_0215,24.93433,74.63345,13.80729684524,1.5178709601583,2.2470147503955,0.0,50,Built-up,4.393045639,0.0,1,3,1,0,0,industrial_area,2026-08-21 00:00:00+00:00,2026-08-23 00:00:00+00:00,4,3,1.305,1.44,2,0.42857142857143,2.0,16.0,11.313708498985,24.0,0.0,24.0,0.081210303141612,3,3,3,7,Industrial,Industrial,313.26,319.32,76.67
SOURCE_0216,26.60544,73.68332,180.98650518576,0.91381423089434,6.3797636866861,0.0,50,Built-up,47.07002078,0.0,2,2,1,0,0,industrial_area,2026-08-21 00:00:00+00:00,2026-08-21 00:00:00+00:00,1,1,0.72,0.72,0,0.14285714285714,1.0,,,,,,0.0,1,1,1,7,Industrial,Industrial,311.8,317.16,84.67
SOURCE_0217,27.79147,75.33251,266.09290506302,42.481585582199,27.751546854179,25.000839070383,40,Cropland,90.33171914,25.00083907,0,0,0,0,1,industrial_area,2026-08-21 00:00:00+00:00,2026-08-21 00:00:00+00:00,1,1,1.11,1.11,0,0.14285714285714,1.0,,,,,,0.0,1,1,1,7,Agricultural,Agricultural,312.77,318.33,92.0
SOURCE_0218,24.92892,84.14816,220.22209271238,14.804144662449,6.6780989888025,0.0,30,Grassland,60.42608409,0.0,1,1,1,0,0,industrial_area,2026-08-20 00:00:00+00:00,2026-08-21 00:00:00+00:00,2,2,2.145,3.33,1,0.28571428571429,2.0,24.0,0.0,24.0,24.0,24.0,0.0,2,2,2,7,Industrial,Forest/Natural,315.36,324.99,93.33
SOURCE_0219,16.87272,80.02097,212.84404711648,5.0885626140952,2.7968390049836,0.0,50,Built-up,55.18236218,0.0,1,2,1,0,0,industrial_area,2026-08-21 00:00:00+00:00,2026-08-21 00:00:00+00:00,1,1,2.46,2.46,0,0.14285714285714,1.0,,,,,,0.0,1,1,1,7,Industrial,Industrial,316.15,322.38,81.33
SOURCE_0220,17.37239,77.44447,505.50429190835,7.1789279012615,4.2992650994516,0.0,50,Built-up,129.2456212,0.0,1,2,1,0,0,industrial_area,2026-08-21 00:00:00+00:00,2026-08-21 00:00:00+00:00,1,1,1.08,1.08,0,0.14285714285714,1.0,,,,,,0.0,1,1,1,7,Industrial,Industrial,312.7,318.24,85.33
SOURCE_0221,17.29276,78.40978,398.55127405862,9.7215808465961,2.2034770881758,0.0,50,Built-up,102.619083,0.0,1,2,1,0,0,industrial_area,2026-08-21 00:00:00+00:00,2026-08-21 00:00:00+00:00,1,1,0.63,0.63,0,0.14285714285714,1.0,,,,,,0.0,1,1,1,7,Industrial,Industrial,311.58,316.89,84.0
SOURCE_0222,10.24804,77.21256,95.645643718465,18.857813176793,29.164120697373,19.079273642449,30,Grassland,40.68671281,18.85781318,0,0,0,0,0,powerplant,2026-08-21 00:00:00+00:00,2026-08-22 00:00:00+00:00,13,2,2.0546153846154,4.27,1,0.28571428571429,13.0,2.0,6.6332495807108,0.0,0.0,24.0,0.13100580420258,2,2,2,7,Forest/Natural,Forest/Natural,315.14,327.81,92.67
SOURCE_0223,10.09197,77.23583,93.909466525045,12.575619407895,14.185120873555,5.0036196819551,30,Grassland,31.41845662,5.003619682,0,0,0,0,0,industrial_area,2026-08-21 00:00:00+00:00,2026-08-21 00:00:00+00:00,6,1,3.2966666666667,6.03,0,0.14285714285714,6.0,0.0,0.0,0.0,0.0,0.0,1.0,1,1,1,7,Forest/Natural,Forest/Natural,318.24,333.09,94.0
SOURCE_0224,9.25068,77.32387,130.6031339148,25.67044227948,17.862784792935,9.1225660568753,10,Tree cover,45.81473176,9.122566057,0,0,0,1,0,industrial_area,2026-08-21 00:00:00+00:00,2026-08-21 00:00:00+00:00,1,1,2.05,2.05,0,0.14285714285714,1.0,,,,,,0.0,1,1,1,7,Forest/Natural,Forest/Natural,315.12,321.15,96.0
SOURCE_0225,9.24611,77.32486,131.00730638793,25.553060240401,18.154126460225,9.1517178915959,10,Tree cover,45.96655275,9.151717892,0,0,0,1,0,industrial_area,2026-08-21 00:00:00+00:00,2026-08-21 00:00:00+00:00,1,1,2.05,2.05,0,0.14285714285714,1.0,,,,,,0.0,1,1,1,7,Forest/Natural,Forest/Natural,315.12,321.15,96.0
SOURCE_0226,15.34147,76.27382,311.52618526973,4.1461574689586,2.624764314852,0.030116492324215,40,Cropland,79.58180589,0.030116492,1,3,1,0,1,industrial_area,2026-08-21 00:00:00+00:00,2026-08-21 00:00:00+00:00,3,1,1.7533333333333,1.78,0,0.14285714285714,3.0,0.0,0.0,0.0,0.0,0.0,1.0,1,1,1,7,Industrial,Agricultural,314.38,320.34,88.67
SOURCE_0227,15.33529,76.28797,311.71603724727,3.6668467354189,2.6752528348499,0.0,10,Tree cover,79.5145342,0.0,1,3,1,1,0,industrial_area,2026-08-20 00:00:00+00:00,2026-08-21 00:00:00+00:00,5,2,1.034,1.93,1,0.28571428571429,5.0,6.0,10.392304845413,0.0,0.0,24.0,0.087778549957133,2,2,2,7,Industrial,Forest/Natural,312.58,320.79,92.0
SOURCE_0228,15.0239,78.01542,328.98201225679,0.78992118639087,1.4925262505133,0.0,50,Built-up,82.81611492,0.0,2,3,1,0,0,industrial_area,2026-08-21 00:00:00+00:00,2026-08-21 00:00:00+00:00,3,1,1.46,1.89,0,0.14285714285714,3.0,0.0,0.0,0.0,0.0,0.0,1.0,1,1,1,7,Industrial,Industrial,313.65,320.67,78.67
SOURCE_0229,15.226,76.76328,332.07634800387,3.6611725355792,9.5492023010936,0.0,10,Tree cover,86.32168071,0.0,1,2,1,1,0,industrial_area,2026-08-21 00:00:00+00:00,2026-08-21 00:00:00+00:00,1,1,1.85,1.85,0,0.14285714285714,1.0,,,,,,0.0,1,1,1,7,Industrial,Forest/Natural,314.62,320.55,96.0
SOURCE_0230,15.65858,73.9884,319.67130220838,13.223695541581,0.90880996876674,0.0,30,Grassland,83.45095193,0.0,2,2,1,0,0,industrial_area,2026-08-21 00:00:00+00:00,2026-08-21 00:00:00+00:00,1,1,0.84,0.84,0,0.14285714285714,1.0,,,,,,0.0,1,1,1,7,Industrial,Forest/Natural,312.1,317.52,94.0
SOURCE_0231,15.18605,76.63982,319.82734268722,2.1746213608451,4.7998190842947,0.0,50,Built-up,81.70044578,0.0,1,3,1,0,0,industrial_area,2026-08-21 00:00:00+00:00,2026-08-21 00:00:00+00:00,1,1,2.21,2.21,0,0.14285714285714,1.0,,,,,,0.0,1,1,1,7,Industrial,Industrial,315.52,321.63,83.33
SOURCE_0232,15.17318,76.69025,322.19937137047,2.6991605764259,2.2149563241019,0.0,60,Bare / sparse vegetation,81.77837207,0.0,1,3,1,0,0,industrial_area,2026-08-21 00:00:00+00:00,2026-08-21 00:00:00+00:00,1,1,1.05,1.05,0,0.14285714285714,1.0,,,,,,0.0,1,1,1,7,Industrial,Other,312.62,318.15,76.05
SOURCE_0233,15.17028,76.68485,321.55947643302,2.359768987033,1.5922911524181,0.0,60,Bare / sparse vegetation,81.37788414,0.0,1,3,1,0,0,industrial_area,2026-08-21 00:00:00+00:00,2026-08-21 00:00:00+00:00,1,1,0.55,0.55,0,0.14285714285714,1.0,,,,,,0.0,1,1,1,7,Industrial,Other,311.38,316.65,75.55
SOURCE_0234,15.16905,76.6702,320.41789424325,1.4437775344758,1.0893826650964,0.0,50,Built-up,80.73776361,0.0,1,3,1,0,0,industrial_area,2026-08-21 00:00:00+00:00,2026-08-21 00:00:00+00:00,1,1,1.59,1.59,0,0.14285714285714,1.0,,,,,,0.0,1,1,1,7,Industrial,Industrial,313.98,319.77,84.67
SOURCE_0235,15.072,76.86435,326.25148122847,15.69165532037,7.4521970700863,0.0,10,Tree cover,87.3488334,0.0,1,1,1,1,0,industrial_area,2026-08-21 00:00:00+00:00,2026-08-21 00:00:00+00:00,2,1,1.285,1.57,0,0.14285714285714,2.0,0.0,0.0,0.0,0.0,0.0,0.0,1,1,1,7,Industrial,Forest/Natural,313.21,319.71,94.0
SOURCE_0236,9.20352,78.30371,228.55157692848,3.3013129601678,16.648702451401,3.3013129601678,20,Shrubland,62.95072633,3.30131296,0,2,0,0,0,powerplant,2026-08-22 00:00:00+00:00,2026-08-22 00:00:00+00:00,1,1,1.62,1.62,0,0.14285714285714,1.0,,,,,,0.0,1,1,1,7,Forest/Natural,Forest/Natural,314.05,319.86,91.33
SOURCE_0237,9.2829,77.33524,129.40828943034,24.75518077207,14.49792403728,7.746002121585,30,Grassland,44.10184909,7.746002122,0,0,0,0,0,industrial_area,2026-08-22 00:00:00+00:00,2026-08-22 00:00:00+00:00,2,1,11.89,17.53,0,0.14285714285714,2.0,0.0,0.0,0.0,0.0,0.0,0.0,1,1,1,7,Forest/Natural,Forest/Natural,339.72,367.59,94.0
SOURCE_0238,9.29291,77.32247,127.59386925169,25.996856733686,15.01891736871,9.3875169546512,10,Tree cover,44.49929008,9.387516955,0,0,0,1,0,industrial_area,2026-08-22 00:00:00+00:00,2026-08-22 00:00:00+00:00,1,1,11.93,11.93,0,0.14285714285714,1.0,,,,,,0.0,1,1,1,7,Forest/Natural,Forest/Natural,339.82,350.79,95.33
SOURCE_0239,9.2991,77.3353,128.33295196527,24.43939003361,13.437214342716,8.2686550972017,10,Tree cover,43.61955286,8.268655097,0,0,0,1,0,industrial_area,2026-08-22 00:00:00+00:00,2026-08-22 00:00:00+00:00,1,1,5.79,5.79,0,0.14285714285714,1.0,,,,,,0.0,1,1,1,7,Forest/Natural,Forest/Natural,324.48,332.37,96.0
SOURCE_0240,10.95061,76.98169,128.36548621552,2.8170478439861,3.6834007863479,0.20706157210804,50,Built-up,33.7682491,0.207061572,1,3,1,0,0,industrial_area,2026-08-22 00:00:00+00:00,2026-08-22 00:00:00+00:00,1,1,2.18,2.18,0,0.14285714285714,1.0,,,,,,0.0,1,1,1,7,Industrial,Industrial,315.45,321.54,84.0
SOURCE_0241,11.32219,78.36883,169.62284350175,17.404592893342,30.932778341148,17.404592893342,10,Tree cover,58.84120191,17.40459289,0,0,0,1,0,powerplant,2026-08-22 00:00:00+00:00,2026-08-22 00:00:00+00:00,1,1,10.39,10.39,0,0.14285714285714,1.0,,,,,,0.0,1,1,1,7,Forest/Natural,Forest/Natural,335.98,346.17,96.0
SOURCE_0242,11.77874,79.49855,113.18902943846,16.591471202144,8.6362460952968,8.2945890539881,30,Grassland,36.67783395,8.294589054,0,0,0,0,0,industrial_area,2026-08-22 00:00:00+00:00,2026-08-22 00:00:00+00:00,1,1,3.48,3.48,0,0.14285714285714,1.0,,,,,,0.0,1,1,1,7,Forest/Natural,Forest/Natural,318.7,325.44,94.67
SOURCE_0243,11.72647,78.68995,160.79004117331,36.884356942138,27.76657510803,15.645735347818,10,Tree cover,60.27167714,15.64573535,0,0,0,1,0,industrial_area,2026-08-22 00:00:00+00:00,2026-08-22 00:00:00+00:00,1,1,3.48,3.48,0,0.14285714285714,1.0,,,,,,0.0,1,1,1,7,Forest/Natural,Forest/Natural,318.7,325.44,96.0
SOURCE_0244,12.45388,79.08898,154.89692687531,19.093404838021,24.512332172721,19.093404838021,30,Grassland,54.39901718,19.09340484,0,0,0,0,0,powerplant,2026-08-22 00:00:00+00:00,2026-08-22 00:00:00+00:00,1,1,3.62,3.62,0,0.14285714285714,1.0,,,,,,0.0,1,1,1,7,Forest/Natural,Forest/Natural,319.05,325.86,94.67
SOURCE_0245,15.20262,77.16927,360.78588356972,3.3006703097632,33.193496093581,3.3006703097632,40,Cropland,100.1451801,3.30067031,0,2,0,0,1,powerplant,2026-08-22 00:00:00+00:00,2026-08-22 00:00:00+00:00,3,1,10.046666666667,11.1,0,0.14285714285714,3.0,0.0,0.0,0.0,0.0,0.0,1.0,1,1,1,7,Agricultural,Agricultural,335.12,348.3,88.67
SOURCE_0246,27.42161,70.90594,228.63210559781,34.492518497715,33.018381920885,25.34824912853,40,Cropland,80.37281379,25.34824913,0,0,0,0,1,industrial_area,2026-08-22 00:00:00+00:00,2026-08-22 00:00:00+00:00,1,1,4.14,4.14,0,0.14285714285714,1.0,,,,,,0.0,1,1,1,7,Agricultural,Agricultural,320.35,327.42,88.0
SOURCE_0247,27.43431,70.793,237.65794943864,25.324119425661,25.799897999127,27.914015979916,40,Cropland,79.17399571,25.32411943,0,0,0,0,1,powerplant,2026-08-22 00:00:00+00:00,2026-08-22 00:00:00+00:00,1,1,4.25,4.25,0,0.14285714285714,1.0,,,,,,0.0,1,1,1,7,Agricultural,Agricultural,320.62,327.75,88.67
SOURCE_0248,29.45857,76.8695,0.076664056453439,0.75638983866084,81.057440437894,0.076664056453439,50,Built-up,20.4917896,0.076664056,3,3,1,0,0,refinery,2026-08-22 00:00:00+00:00,2026-08-23 00:00:00+00:00,17,2,17.144117647059,52.02,1,0.28571428571429,17.0,1.5,5.8094750193111,0.0,0.0,24.0,0.14685419906294,2,2,2,7,Industrial,Industrial,352.86,471.06,76.67
SOURCE_0249,27.32765,95.27467,38.753667417347,14.617962129097,6.4779388405582,1.9102157922271,40,Cropland,15.43994604,1.910215792,0,1,0,0,1,industrial_area,2026-08-22 00:00:00+00:00,2026-08-23 00:00:00+00:00,2,2,1.855,3.06,1,0.28571428571429,2.0,24.0,0.0,24.0,24.0,24.0,0.0,2,2,2,7,Agricultural,Agricultural,314.64,324.18,87.33
SOURCE_0250,28.33879,77.21997,129.92456123284,12.557098115235,4.3518377542007,4.1569493919217,40,Cropland,37.74761162,4.156949392,0,2,0,0,1,industrial_area,2026-08-22 00:00:00+00:00,2026-08-22 00:00:00+00:00,1,1,0.61,0.61,0,0.14285714285714,1.0,,,,,,0.0,1,1,1,7,Agricultural,Agricultural,311.52,316.83,90.67
SOURCE_0251,26.25696,74.09583,186.80447958163,8.7125607408221,3.1682679681914,5.8507533247678,40,Cropland,51.1340154,3.168267968,0,1,0,0,1,mine,2026-08-21 00:00:00+00:00,2026-08-24 00:00:00+00:00,6,4,0.84333333333333,1.3,3,0.57142857142857,2.0,14.4,11.757550765359,24.0,0.0,24.0,0.078384951656654,4,4,4,7,Agricultural,Agricultural,312.11,318.9,89.33
SOURCE_0252,23.78159,86.345,203.40255571786,14.281355267883,0.28778747258882,2.7241798126092,60,Bare / sparse vegetation,55.17396957,0.287787473,1,2,1,0,0,mine,2026-08-22 00:00:00+00:00,2026-08-23 00:00:00+00:00,2,2,1.495,1.65,1,0.28571428571429,2.0,24.0,0.0,24.0,24.0,24.0,0.0,2,2,2,7,Industrial,Other,313.74,319.95,76.5
SOURCE_0253,23.79524,86.23467,200.26786669865,13.155174951788,0.0,4.0401000672421,60,Bare / sparse vegetation,54.36578543,0.0,1,2,1,0,0,mine,2026-08-22 00:00:00+00:00,2026-08-22 00:00:00+00:00,1,1,0.42,0.42,0,0.14285714285714,1.0,,,,,,0.0,1,1,1,7,Industrial,Other,311.05,316.26,75.42
SOURCE_0254,23.78274,86.20814,201.5359217626,9.8472590140435,0.0,1.3521090860797,60,Bare / sparse vegetation,53.18382247,0.0,1,2,1,0,0,mine,2026-08-19 00:00:00+00:00,2026-08-23 00:00:00+00:00,11,5,3.7,9.99,4,0.71428571428571,2.75,9.6,11.757550765359,0.0,0.0,24.0,0.078384951656654,5,5,5,7,Industrial,Other,319.25,344.97,78.7
SOURCE_0255,23.75904,85.8523,205.15654085486,2.9318855124618,0.20923783346966,1.7942140180549,50,Built-up,52.52296955,0.209237833,1,3,1,0,0,mine,2026-08-20 00:00:00+00:00,2026-08-22 00:00:00+00:00,7,3,3.01,9.23,2,0.42857142857143,3.5,8.0,11.313708498985,0.0,0.0,24.0,0.081210303141612,3,3,3,7,Industrial,Industrial,317.52,342.69,71.33
SOURCE_0256,23.78721,85.55401,207.98860644219,23.149181699015,0.2959519020721,0.54981717500921,10,Tree cover,57.9958893,0.295951902,2,2,1,1,0,mine,2026-08-20 00:00:00+00:00,2026-08-22 00:00:00+00:00,3,3,3.0233333333333,5.91,2,0.42857142857143,1.5,24.0,0.0,24.0,24.0,24.0,1.0,3,3,3,7,Industrial,Forest/Natural,317.56,332.73,90.0
SOURCE_0257,23.6965,85.3699,224.68692151152,42.911270967318,0.021430273324268,3.2156988930486,30,Grassland,67.70883041,0.021430273,1,2,1,0,0,mine,2026-08-22 00:00:00+00:00,2026-08-22 00:00:00+00:00,1,1,1.61,1.61,0,0.14285714285714,1.0,,,,,,0.0,1,1,1,7,Industrial,Forest/Natural,314.02,319.83,92.0
SOURCE_0258,23.74177,85.00876,236.38747763894,12.315866281638,0.26820413036578,7.4165003992741,60,Bare / sparse vegetation,64.09701211,0.26820413,1,1,1,0,0,mine,2026-08-22 00:00:00+00:00,2026-08-22 00:00:00+00:00,1,1,1.97,1.97,0,0.14285714285714,1.0,,,,,,0.0,1,1,1,7,Industrial,Other,314.92,320.91,76.97
SOURCE_0259,23.72109,85.00806,238.62086000383,14.829265410711,0.0,4.9007007513471,60,Bare / sparse vegetation,64.58770654,0.0,1,2,1,0,0,mine,2026-08-22 00:00:00+00:00,2026-08-22 00:00:00+00:00,1,1,0.74,0.74,0,0.14285714285714,1.0,,,,,,0.0,1,1,1,7,Industrial,Other,311.85,317.22,75.74
SOURCE_0260,22.87493,86.06339,247.64087519027,3.9539421489087,1.5310377371923,0.0,50,Built-up,63.28146377,0.0,1,3,1,0,0,industrial_area,2026-08-22 00:00:00+00:00,2026-08-22 00:00:00+00:00,2,1,1.09,1.19,0,0.14285714285714,2.0,0.0,0.0,0.0,0.0,0.0,0.0,1,1,1,7,Industrial,Industrial,312.73,318.57,82.67
SOURCE_0261,22.80076,86.0909,241.3519290382,0.21296274012593,4.5322395212108,0.0,60,Bare / sparse vegetation,61.52428282,0.0,2,3,1,0,0,industrial_area,2026-08-22 00:00:00+00:00,2026-08-22 00:00:00+00:00,2,1,1.635,2.11,0,0.14285714285714,2.0,0.0,0.0,0.0,0.0,0.0,0.0,1,1,1,7,Industrial,Other,314.09,321.33,76.64
SOURCE_0262,24.661,74.63132,19.115985491272,0.29503730810819,1.2847104956459,0.29503730810819,50,Built-up,5.247692651,0.295037308,2,3,1,0,0,powerplant,2026-08-22 00:00:00+00:00,2026-08-23 00:00:00+00:00,4,2,1.345,2.01,1,0.28571428571429,4.0,8.0,11.313708498985,0.0,0.0,24.0,0.081210303141612,2,2,2,7,Industrial,Industrial,313.36,321.03,77.33
SOURCE_0263,22.13482,85.38378,259.86533925369,0.0,0.60432517308692,0.0,60,Bare / sparse vegetation,65.11741611,0.0,3,3,1,0,0,powerplant,2026-08-22 00:00:00+00:00,2026-08-22 00:00:00+00:00,1,1,0.5,0.5,0,0.14285714285714,1.0,,,,,,0.0,1,1,1,7,Industrial,Other,311.25,316.5,75.5
SOURCE_0264,22.3208,82.56306,510.13703952622,4.2226725912981,0.0,3.343323389507,60,Bare / sparse vegetation,129.4257589,0.0,1,3,1,0,0,mine,2026-08-22 00:00:00+00:00,2026-08-22 00:00:00+00:00,2,1,0.68,0.68,0,0.14285714285714,2.0,0.0,0.0,0.0,0.0,0.0,0.0,1,1,1,7,Industrial,Other,311.7,317.04,75.68
SOURCE_0265,22.01529,83.75329,377.64320809939,15.391996981422,1.0162658522866,14.794655237316,10,Tree cover,102.2115315,1.016265852,0,1,0,1,0,mine,2026-08-22 00:00:00+00:00,2026-08-22 00:00:00+00:00,1,1,1.78,1.78,0,0.14285714285714,1.0,,,,,,0.0,1,1,1,7,Forest/Natural,Forest/Natural,314.45,320.34,96.0
SOURCE_0266,21.92231,83.34942,410.3588797171,0.49347270983939,28.398329558817,0.0,60,Bare / sparse vegetation,109.8126705,0.0,2,2,1,0,0,industrial_area,2026-08-22 00:00:00+00:00,2026-08-22 00:00:00+00:00,1,1,1.9,1.9,0,0.14285714285714,1.0,,,,,,0.0,1,1,1,7,Industrial,Other,314.75,320.7,76.9
SOURCE_0267,22.00384,82.66708,482.45397101413,0.82956331814975,2.7958477675513,0.0,60,Bare / sparse vegetation,121.5198455,0.0,2,3,1,0,0,industrial_area,2026-08-21 00:00:00+00:00,2026-08-22 00:00:00+00:00,3,2,1.46,2.28,1,0.28571428571429,3.0,12.0,12.0,12.0,0.0,24.0,0.076923076923077,2,2,2,7,Industrial,Other,313.65,321.84,76.46
SOURCE_0268,21.75515,83.8454,352.43230897663,6.5784447854017,0.0,0.50639920839163,60,Bare / sparse vegetation,89.87928824,0.0,2,2,1,0,0,mine,2026-08-22 00:00:00+00:00,2026-08-22 00:00:00+00:00,1,1,1.12,1.12,0,0.14285714285714,1.0,,,,,,0.0,1,1,1,7,Industrial,Other,312.8,318.36,76.12
SOURCE_0269,21.00268,86.02658,107.12118572996,2.9644054862657,14.116065654075,0.0,10,Tree cover,31.05041422,0.0,1,2,1,1,0,industrial_area,2026-08-22 00:00:00+00:00,2026-08-22 00:00:00+00:00,1,1,1.06,1.06,0,0.14285714285714,1.0,,,,,,0.0,1,1,1,7,Industrial,Forest/Natural,312.65,318.18,96.67
SOURCE_0270,20.96992,86.00403,105.45760438214,0.30950431125021,9.7801549296662,0.0,50,Built-up,28.88681591,0.0,2,2,1,0,0,industrial_area,2026-08-22 00:00:00+00:00,2026-08-22 00:00:00+00:00,3,1,1.3933333333333,1.79,0,0.14285714285714,3.0,0.0,0.0,0.0,0.0,0.0,1.0,1,1,1,7,Industrial,Industrial,313.48,320.37,78.67
SOURCE_0271,20.96893,86.00884,105.03891781317,0.83362651058269,10.179623219209,0.0,50,Built-up,29.01304189,0.0,2,2,1,0,0,industrial_area,2026-08-22 00:00:00+00:00,2026-08-22 00:00:00+00:00,2,1,1.195,1.48,0,0.14285714285714,2.0,0.0,0.0,0.0,0.0,0.0,0.0,1,1,1,7,Industrial,Industrial,312.99,319.44,81.33
SOURCE_0272,20.86482,84.9866,191.13913108904,2.8208441898242,9.1921197417375,0.0,50,Built-up,50.78802376,0.0,1,2,1,0,0,industrial_area,2026-08-22 00:00:00+00:00,2026-08-22 00:00:00+00:00,3,1,1.4533333333333,1.6,0,0.14285714285714,3.0,0.0,0.0,0.0,0.0,0.0,1.0,1,1,1,7,Industrial,Industrial,313.63,319.8,82.0
SOURCE_0273,21.11185,72.63547,159.03766718141,0.89059332402238,55.193245316592,0.0,50,Built-up,53.78037646,0.0,2,2,1,0,0,industrial_area,2026-08-22 00:00:00+00:00,2026-08-22 00:00:00+00:00,1,1,2.42,2.42,0,0.14285714285714,1.0,,,,,,0.0,1,1,1,7,Industrial,Industrial,316.05,322.26,84.67
SOURCE_0274,21.10659,72.64334,159.3394279984,1.1447790134642,54.751572980192,0.0,50,Built-up,53.808945,0.0,1,2,1,0,0,industrial_area,2026-08-22 00:00:00+00:00,2026-08-25 00:00:00+00:00,35,4,4.1648571428571,10.55,3,0.57142857142857,11.666666666667,2.1176470588235,6.8072828901127,0.0,0.0,24.0,0.12808553424731,4,4,4,7,Industrial,Industrial,320.41,346.65,74.67
SOURCE_0275,16.07088,79.09984,314.93323056053,22.045198628003,49.056709265707,21.159522273344,10,Tree cover,101.7986652,21.15952227,0,0,0,1,0,industrial_area,2026-08-22 00:00:00+00:00,2026-08-22 00:00:00+00:00,1,1,2.05,2.05,0,0.14285714285714,1.0,,,,,,0.0,1,1,1,7,Forest/Natural,Forest/Natural,315.12,321.15,96.67
SOURCE_0276,11.81647,77.9164,238.4934818368,9.7280480041445,15.824156148782,0.0,60,Bare / sparse vegetation,66.0114215,0.0,1,1,1,0,0,industrial_area,2026-08-22 00:00:00+00:00,2026-08-22 00:00:00+00:00,2,1,1.045,1.24,0,0.14285714285714,2.0,0.0,0.0,0.0,0.0,0.0,0.0,1,1,1,7,Industrial,Other,312.61,318.72,76.05
SOURCE_0277,11.18339,79.09859,88.546294260748,0.42592664652527,2.0362995970468,0.0,50,Built-up,22.75213013,0.0,2,3,1,0,0,industrial_area,2026-08-22 00:00:00+00:00,2026-08-22 00:00:00+00:00,1,1,0.93,0.93,0,0.14285714285714,1.0,,,,,,0.0,1,1,1,7,Industrial,Industrial,312.32,317.79,84.0
SOURCE_0278,11.25874,77.70227,205.67295970994,10.254873778754,5.3744279523255,7.6112759768352,40,Cropland,57.22838435,5.374427952,0,0,0,0,1,mine,2026-08-22 00:00:00+00:00,2026-08-22 00:00:00+00:00,1,1,0.33,0.33,0,0.14285714285714,1.0,,,,,,0.0,1,1,1,7,Agricultural,Agricultural,310.82,315.99,88.0
SOURCE_0279,10.92976,77.06505,131.34964695143,6.8376593870949,3.8165218279995,1.8766512211734,30,Grassland,35.97011985,1.876651221,0,2,0,0,0,industrial_area,2026-08-22 00:00:00+00:00,2026-08-22 00:00:00+00:00,1,1,0.81,0.81,0,0.14285714285714,1.0,,,,,,0.0,1,1,1,7,Forest/Natural,Forest/Natural,312.02,317.43,94.67
SOURCE_0280,10.92371,77.06046,130.4949932122,6.6989046046373,3.6472400464433,2.6067116249394,60,Bare / sparse vegetation,35.86196237,2.606711625,0,2,0,0,0,industrial_area,2026-08-22 00:00:00+00:00,2026-08-22 00:00:00+00:00,1,1,0.32,0.32,0,0.14285714285714,1.0,,,,,,0.0,1,1,1,7,Other,Other,310.8,315.96,65.32
SOURCE_0281,10.68492,77.50858,147.49295145647,11.059885743945,6.1451411503073,5.1271261804285,40,Cropland,42.45627613,5.12712618,0,0,0,0,1,industrial_area,2026-08-22 00:00:00+00:00,2026-08-22 00:00:00+00:00,1,1,1.24,1.24,0,0.14285714285714,1.0,,,,,,0.0,1,1,1,7,Agricultural,Agricultural,313.1,318.72,88.0
SOURCE_0282,10.61762,77.42123,135.18382284922,9.3772155466542,15.879758192768,1.4223391798201,30,Grassland,40.46578394,1.42233918,0,1,0,0,0,industrial_area,2026-08-22 00:00:00+00:00,2026-08-22 00:00:00+00:00,1,1,0.95,0.95,0,0.14285714285714,1.0,,,,,,0.0,1,1,1,7,Forest/Natural,Forest/Natural,312.38,317.85,94.67
SOURCE_0283,8.44259,77.65411,221.10556170112,13.443173849775,7.5455535743222,1.1653391223328,40,Cropland,60.81490706,1.165339122,0,1,0,0,1,industrial_area,2026-08-23 00:00:00+00:00,2026-08-23 00:00:00+00:00,2,1,4.38,6.03,0,0.14285714285714,2.0,0.0,0.0,0.0,0.0,0.0,0.0,1,1,1,7,Agricultural,Agricultural,320.95,333.09,88.0
SOURCE_0284,9.9144,78.20298,200.59220289854,13.689321942163,2.5089282856324,2.3803776916736,30,Grassland,54.7927077,2.380377692,0,2,0,0,0,industrial_area,2026-08-23 00:00:00+00:00,2026-08-23 00:00:00+00:00,2,1,10.07,14.59,0,0.14285714285714,2.0,0.0,0.0,0.0,0.0,0.0,0.0,1,1,1,7,Forest/Natural,Forest/Natural,335.18,358.77,93.33
SOURCE_0285,10.90665,78.5351,141.88739491315,13.245722141345,23.570986595652,13.245722141345,20,Shrubland,47.98745645,13.24572214,0,0,0,0,0,powerplant,2026-08-23 00:00:00+00:00,2026-08-23 00:00:00+00:00,3,1,13.42,19.65,0,0.14285714285714,3.0,0.0,0.0,0.0,0.0,0.0,1.0,1,1,1,7,Forest/Natural,Forest/Natural,343.55,373.95,93.33
SOURCE_0286,12.66366,79.68339,87.238117495971,20.749470340574,18.323457443975,6.2442881677845,40,Cropland,33.13883336,6.244288168,0,0,0,0,1,industrial_area,2026-08-23 00:00:00+00:00,2026-08-23 00:00:00+00:00,1,1,3.51,3.51,0,0.14285714285714,1.0,,,,,,0.0,1,1,1,7,Agricultural,Agricultural,318.77,325.53,88.0
SOURCE_0287,12.83614,79.93994,52.940987281152,1.9307812072553,3.8268563333894,0.0,60,Bare / sparse vegetation,14.67465621,0.0,1,3,1,0,0,industrial_area,2026-08-23 00:00:00+00:00,2026-08-23 00:00:00+00:00,1,1,7.06,7.06,0,0.14285714285714,1.0,,,,,,0.0,1,1,1,7,Industrial,Other,327.65,336.18,82.06
SOURCE_0288,15.13026,77.57384,375.09644391973,5.3118839094419,24.058900234527,5.3058272322503,20,Shrubland,102.4432638,5.305827232,0,0,0,0,0,industrial_area,2026-08-23 00:00:00+00:00,2026-08-23 00:00:00+00:00,1,1,3.87,3.87,0,0.14285714285714,1.0,,,,,,0.0,1,1,1,7,Forest/Natural,Forest/Natural,319.68,326.61,95.33
SOURCE_0289,15.18056,77.62939,373.7153963253,5.558755541321,20.424541128904,4.9731181342842,40,Cropland,101.1679528,4.973118134,0,1,0,0,1,industrial_area,2026-08-23 00:00:00+00:00,2026-08-23 00:00:00+00:00,1,1,7.16,7.16,0,0.14285714285714,1.0,,,,,,0.0,1,1,1,7,Agricultural,Agricultural,327.9,336.48,88.0
SOURCE_0290,18.70828,74.36279,165.65801293265,15.902827783383,10.837251989169,7.246806244281,40,Cropland,49.91122474,7.246806244,0,0,0,0,1,industrial_area,2026-08-23 00:00:00+00:00,2026-08-23 00:00:00+00:00,1,1,4.53,4.53,0,0.14285714285714,1.0,,,,,,0.0,1,1,1,7,Agricultural,Agricultural,321.32,328.59,88.67
SOURCE_0291,21.1777,81.38538,458.35457513952,0.67857217412902,9.5034148426795,0.0,50,Built-up,117.1341405,0.0,2,2,1,0,0,industrial_area,2026-08-23 00:00:00+00:00,2026-08-23 00:00:00+00:00,1,1,6.9,6.9,0,0.14285714285714,1.0,,,,,,0.0,1,1,1,7,Industrial,Industrial,327.25,335.7,83.33
SOURCE_0292,21.1971,81.41568,458.92905973821,0.96288530266839,8.8412248492414,0.0,50,Built-up,117.1832925,0.0,2,2,1,0,0,industrial_area,2026-08-23 00:00:00+00:00,2026-08-23 00:00:00+00:00,1,1,4.41,4.41,0,0.14285714285714,1.0,,,,,,0.0,1,1,1,7,Industrial,Industrial,321.02,328.23,96.0
SOURCE_0293,23.67965,86.09396,213.50316961849,0.51817141122251,2.1136017604727,0.0,50,Built-up,54.0337357,0.0,2,3,1,0,0,industrial_area,2026-08-23 00:00:00+00:00,2026-08-23 00:00:00+00:00,1,1,7.89,7.89,0,0.14285714285714,1.0,,,,,,0.0,1,1,1,7,Industrial,Industrial,329.72,338.67,98.0
SOURCE_0294,33.29054,75.72936,446.37637748026,3.6792634837914,80.890418709817,84.635451792825,10,Tree cover,153.8953779,3.679263484,0,1,0,1,0,powerplant,2026-08-23 00:00:00+00:00,2026-08-23 00:00:00+00:00,1,1,0.62,0.62,0,0.14285714285714,1.0,,,,,,0.0,1,1,1,7,Forest/Natural,Forest/Natural,311.55,316.86,96.67
SOURCE_0295,31.26112,76.91966,229.5471789796,16.462883324872,4.8039523030374,0.34508160051681,10,Tree cover,62.78977405,0.345081601,1,2,1,1,0,industrial_area,2026-08-23 00:00:00+00:00,2026-08-23 00:00:00+00:00,1,1,0.92,0.92,0,0.14285714285714,1.0,,,,,,0.0,1,1,1,7,Industrial,Forest/Natural,312.3,317.76,96.0
SOURCE_0296,28.35041,77.25633,129.72432641805,10.415798555467,5.2705672375154,0.38998631698416,30,Grassland,36.45016963,0.389986317,1,1,1,0,0,industrial_area,2026-08-23 00:00:00+00:00,2026-08-23 00:00:00+00:00,2,1,3.135,3.28,0,0.14285714285714,2.0,0.0,0.0,0.0,0.0,0.0,0.0,1,1,1,7,Industrial,Forest/Natural,317.84,324.84,92.67
SOURCE_0297,24.11545,86.86011,182.93739365122,37.061673362496,0.0,23.806493368905,10,Tree cover,60.9513901,0.0,1,1,1,1,0,mine,2026-08-22 00:00:00+00:00,2026-08-23 00:00:00+00:00,3,2,1.7566666666667,2.06,1,0.28571428571429,3.0,12.0,12.0,12.0,0.0,24.0,0.076923076923077,2,2,2,7,Industrial,Forest/Natural,314.39,321.18,93.33
SOURCE_0298,23.6954,87.12105,226.55549289921,6.1752685819565,4.1338833895469,0.0,60,Bare / sparse vegetation,59.21616122,0.0,1,2,1,0,0,industrial_area,2026-08-23 00:00:00+00:00,2026-08-23 00:00:00+00:00,3,1,2.1933333333333,2.37,0,0.14285714285714,3.0,0.0,0.0,0.0,0.0,0.0,1.0,1,1,1,7,Industrial,Other,315.48,322.11,77.19
SOURCE_0299,23.75112,86.41814,208.42535582372,8.9765780015992,0.0,3.0686925605866,60,Bare / sparse vegetation,55.1176566,0.0,1,2,1,0,0,mine,2026-08-22 00:00:00+00:00,2026-08-23 00:00:00+00:00,3,2,1.5833333333333,1.82,1,0.28571428571429,3.0,12.0,12.0,12.0,0.0,24.0,0.076923076923077,2,2,2,7,Industrial,Industrial,313.96,320.46,94.67
SOURCE_0300,23.5534,86.54269,234.79012902361,8.7172325788656,14.840946903581,8.7172325788656,30,Grassland,66.76638527,8.717232579,0,0,0,0,0,powerplant,2026-08-23 00:00:00+00:00,2026-08-23 00:00:00+00:00,2,1,0.75,0.75,0,0.14285714285714,2.0,0.0,0.0,0.0,0.0,0.0,0.0,1,1,1,7,Forest/Natural,Forest/Natural,311.88,317.25,93.33
SOURCE_0301,22.36682,87.2994,97.031595839673,6.0929022690764,60.769244979082,0.27997017576602,60,Bare / sparse vegetation,41.04342832,0.279970176,1,1,1,0,0,industrial_area,2026-08-23 00:00:00+00:00,2026-08-25 00:00:00+00:00,12,3,2.2291666666667,3.38,2,0.42857142857143,6.0,4.3636363636364,9.2566705900784,0.0,0.0,24.0,0.097497525265882,3,3,3,7,Industrial,Other,315.57,325.14,77.23
SOURCE_0302,22.35769,87.28828,97.755423065552,7.4234965549041,60.126727384409,0.0,50,Built-up,41.32641175,0.0,1,1,1,0,0,industrial_area,2026-08-23 00:00:00+00:00,2026-08-25 00:00:00+00:00,4,3,1.43,1.92,2,0.42857142857143,2.0,16.0,11.313708498985,24.0,0.0,24.0,0.081210303141612,3,3,3,7,Industrial,Industrial,313.58,320.76,72.67
SOURCE_0303,22.36573,87.01741,126.49873191108,17.611641372105,34.96824245572,3.0487248947712,60,Bare / sparse vegetation,45.53183516,3.048724895,0,1,0,0,0,industrial_area,2026-08-23 00:00:00+00:00,2026-08-24 00:00:00+00:00,7,2,1.5071428571429,2.41,1,0.28571428571429,7.0,4.0,8.9442719099992,0.0,0.0,24.0,0.10056040392404,2,2,2,7,Other,Other,313.77,322.23,66.51
SOURCE_0304,22.05326,88.12505,1.373277023036,0.26551540086913,49.553799650758,0.0,50,Built-up,12.79814802,0.0,2,3,1,0,0,industrial_area,2026-08-23 00:00:00+00:00,2026-08-23 00:00:00+00:00,1,1,2.69,2.69,0,0.14285714285714,1.0,,,,,,0.0,1,1,1,7,Industrial,Industrial,316.73,323.07,90.67
SOURCE_0305,27.37927,95.08714,58.907180672482,22.79982749792,12.860383503023,0.33423276234404,40,Cropland,23.72540611,0.334232762,1,1,1,0,1,industrial_area,2026-08-23 00:00:00+00:00,2026-08-23 00:00:00+00:00,1,1,0.49,0.49,0,0.14285714285714,1.0,,,,,,0.0,1,1,1,7,Industrial,Agricultural,311.23,316.47,86.0
SOURCE_0306,27.31631,95.26515,40.085771125193,15.911008488921,6.686329692177,3.5240200612438,10,Tree cover,16.55178234,3.524020061,0,1,0,1,0,industrial_area,2026-08-23 00:00:00+00:00,2026-08-23 00:00:00+00:00,1,1,0.28,0.28,0,0.14285714285714,1.0,,,,,,0.0,1,1,1,7,Forest/Natural,Forest/Natural,310.7,315.84,96.67
SOURCE_0307,29.46122,76.88956,0.0,1.5394099782604,80.970150818352,0.0,50,Built-up,20.6273902,0.0,2,3,1,0,0,refinery,2026-08-23 00:00:00+00:00,2026-08-23 00:00:00+00:00,2,1,2.13,3.65,0,0.14285714285714,2.0,0.0,0.0,0.0,0.0,0.0,0.0,1,1,1,7,Industrial,Industrial,315.32,325.95,81.33
SOURCE_0308,28.83727,77.13653,82.338822392478,8.3510681015798,13.372872716257,0.95736414874829,40,Cropland,26.25503184,0.957364149,1,1,0,0,1,industrial_area,2026-08-23 00:00:00+00:00,2026-08-23 00:00:00+00:00,1,1,2.26,2.26,0,0.14285714285714,1.0,,,,,,0.0,1,1,1,7,Agricultural,Agricultural,315.65,321.78,91.33
SOURCE_0309,26.26939,74.18853,185.26533325816,0.47256829974034,0.64777725451543,0.0,50,Built-up,46.5964197,0.0,3,3,1,0,0,industrial_area,2026-08-23 00:00:00+00:00,2026-08-23 00:00:00+00:00,1,1,0.91,0.91,0,0.14285714285714,1.0,,,,,,0.0,1,1,1,7,Industrial,Industrial,312.27,317.73,85.33
SOURCE_0310,24.12066,86.86448,182.61541151038,37.818917140413,0.0,23.009826958842,30,Grassland,60.8610389,0.0,1,1,1,0,0,mine,2026-08-22 00:00:00+00:00,2026-08-23 00:00:00+00:00,3,2,1.0866666666667,1.56,1,0.28571428571429,3.0,12.0,12.0,12.0,0.0,24.0,0.076923076923077,2,2,2,7,Industrial,Forest/Natural,312.72,319.68,94.67
SOURCE_0311,18.68086,73.03121,40.342282385233,1.2546584474288,8.3484576760045,0.0004173783176435,10,Tree cover,12.48645397,0.000417378,1,2,1,1,0,industrial_area,2026-08-23 00:00:00+00:00,2026-08-23 00:00:00+00:00,2,1,1.49,1.5,0,0.14285714285714,2.0,0.0,0.0,0.0,0.0,0.0,0.0,1,1,1,7,Industrial,Forest/Natural,313.73,319.5,95.33
SOURCE_0312,10.07273,77.25261,95.464791422421,14.828750894909,13.159484012223,5.3296902888132,10,Tree cover,32.19567915,5.329690289,0,0,0,1,0,industrial_area,2026-08-23 00:00:00+00:00,2026-08-23 00:00:00+00:00,6,1,1.9366666666667,2.6,0,0.14285714285714,6.0,0.0,0.0,0.0,0.0,0.0,1.0,1,1,1,7,Forest/Natural,Forest/Natural,314.84,322.8,95.33
SOURCE_0313,10.88856,78.48952,146.84285738381,7.9048126679742,18.936627309272,7.9048126679742,10,Tree cover,45.39727751,7.904812668,0,0,0,1,0,powerplant,2026-08-23 00:00:00+00:00,2026-08-23 00:00:00+00:00,1,1,3.34,3.34,0,0.14285714285714,1.0,,,,,,0.0,1,1,1,7,Forest/Natural,Forest/Natural,318.35,325.02,96.0
SOURCE_0314,31.25682,76.92467,229.00507398141,17.163607074683,4.0981012903035,0.0,50,Built-up,62.56669559,0.0,1,2,1,0,0,industrial_area,2026-08-23 00:00:00+00:00,2026-08-24 00:00:00+00:00,2,2,1.135,1.46,1,0.28571428571429,2.0,24.0,0.0,24.0,24.0,24.0,0.0,2,2,2,7,Industrial,Industrial,312.84,319.38,80.67
SOURCE_0315,32.00023,78.53627,374.20514361269,56.35546385806,115.77728085809,5.5458154658585,30,Grassland,137.9709259,5.545815466,0,0,0,0,0,industrial_area,2026-08-24 00:00:00+00:00,2026-08-24 00:00:00+00:00,2,1,14.92,20.93,0,0.14285714285714,2.0,0.0,0.0,0.0,0.0,0.0,0.0,1,1,1,7,Forest/Natural,Forest/Natural,347.3,377.79,94.67
SOURCE_0316,23.55629,87.24419,205.17461099938,0.37129910283145,1.487768791022,0.0,10,Tree cover,51.75841972,0.0,2,3,1,1,0,industrial_area,2026-08-23 00:00:00+00:00,2026-08-25 00:00:00+00:00,8,3,1.7925,2.5,2,0.42857142857143,4.0,6.8571428571429,10.842094834863,0.0,0.0,24.0,0.084444518807265,3,3,3,7,Industrial,Forest/Natural,314.48,322.5,64.0
SOURCE_0317,23.65765,85.50914,224.50354848428,28.680754484323,5.9300237831116,0.05300399233985,10,Tree cover,64.79183269,0.053003992,1,1,1,1,0,industrial_area,2026-08-24 00:00:00+00:00,2026-08-24 00:00:00+00:00,2,1,1.015,1.35,0,0.14285714285714,2.0,0.0,0.0,0.0,0.0,0.0,0.0,1,1,1,7,Industrial,Forest/Natural,312.54,319.05,96.0
SOURCE_0318,23.66972,84.99499,244.79298485421,21.098300542314,0.11155010375547,1.2303134418544,50,Built-up,66.80828724,0.111550104,1,2,1,0,0,mine,2026-08-24 00:00:00+00:00,2026-08-24 00:00:00+00:00,1,1,1.35,1.35,0,0.14285714285714,1.0,,,,,,0.0,1,1,1,7,Industrial,Industrial,313.38,319.05,82.67
SOURCE_0319,23.75644,85.85175,205.4774988399,3.065821295446,0.0,1.7818211476886,30,Grassland,52.58128532,0.0,1,3,1,0,0,mine,2026-08-24 00:00:00+00:00,2026-08-24 00:00:00+00:00,3,1,1.51,1.51,0,0.14285714285714,3.0,0.0,0.0,0.0,0.0,0.0,1.0,1,1,1,7,Industrial,Forest/Natural,313.77,319.53,93.33
SOURCE_0320,23.68914,87.10023,227.01888635604,4.6365661657442,3.8588604049605,0.0,50,Built-up,58.87857823,0.0,1,3,1,0,0,industrial_area,2026-08-24 00:00:00+00:00,2026-08-24 00:00:00+00:00,1,1,0.92,0.92,0,0.14285714285714,1.0,,,,,,0.0,1,1,1,7,Industrial,Industrial,312.3,317.76,82.0
SOURCE_0321,17.60995,83.20184,10.203268965671,0.53609756287762,17.964132938346,0.0,50,Built-up,7.175874867,0.0,2,2,1,0,0,industrial_area,2026-08-24 00:00:00+00:00,2026-08-25 00:00:00+00:00,2,2,2.37,2.91,1,0.28571428571429,2.0,24.0,0.0,24.0,24.0,24.0,0.0,2,2,2,7,Industrial,Industrial,315.92,323.73,96.0
SOURCE_0322,15.18525,76.66425,321.45353342713,0.0,3.0715103710958,0.0,10,Tree cover,81.13126095,0.0,2,3,1,1,0,powerplant,2026-08-24 00:00:00+00:00,2026-08-25 00:00:00+00:00,6,2,2.97,5.39,1,0.28571428571429,6.0,4.8,9.6,0.0,0.0,24.0,0.094339622641509,2,2,2,7,Industrial,Forest/Natural,317.42,331.17,92.0
SOURCE_0323,15.18397,76.67608,322.16633025291,0.72358075323118,2.7325837788853,0.0,40,Cropland,81.4056237,0.0,2,3,1,0,1,industrial_area,2026-08-24 00:00:00+00:00,2026-08-24 00:00:00+00:00,2,1,2.21,2.84,0,0.14285714285714,2.0,0.0,0.0,0.0,0.0,0.0,0.0,1,1,1,7,Industrial,Agricultural,315.52,323.52,88.67
SOURCE_0324,15.17831,76.67545,321.61526128729,0.97052612076274,2.0767543104008,0.0,50,Built-up,81.16563543,0.0,2,3,1,0,0,industrial_area,2026-08-24 00:00:00+00:00,2026-08-24 00:00:00+00:00,1,1,1.34,1.34,0,0.14285714285714,1.0,,,,,,0.0,1,1,1,7,Industrial,Industrial,313.35,319.02,85.33
SOURCE_0325,15.18871,76.6569,321.25252337317,0.4504120336744,3.7810134952433,0.0,60,Bare / sparse vegetation,81.37098723,0.0,2,3,1,0,0,industrial_area,2026-08-24 00:00:00+00:00,2026-08-25 00:00:00+00:00,2,2,2.26,2.33,1,0.28571428571429,2.0,24.0,0.0,24.0,24.0,24.0,0.0,2,2,2,7,Industrial,Other,315.65,321.99,77.26
SOURCE_0326,15.17784,76.65171,319.91283362241,1.1082680930053,3.1765348575805,0.0,60,Bare / sparse vegetation,81.04940914,0.0,1,3,1,0,0,industrial_area,2026-08-24 00:00:00+00:00,2026-08-25 00:00:00+00:00,6,2,3.4733333333333,8.73,1,0.28571428571429,6.0,4.8,9.6,0.0,0.0,24.0,0.094339622641509,2,2,2,7,Industrial,Other,318.68,341.19,78.47
SOURCE_0327,24.8207,73.09208,169.62734187033,0.5009812035812,1.199788798292,0.0,50,Built-up,42.83202797,0.0,2,3,1,0,0,industrial_area,2026-08-23 00:00:00+00:00,2026-08-24 00:00:00+00:00,3,2,1.0966666666667,1.72,1,0.28571428571429,3.0,12.0,12.0,12.0,0.0,24.0,0.076923076923077,2,2,2,7,Industrial,Industrial,312.74,320.16,77.33
SOURCE_0328,24.68919,73.00189,177.91943627044,1.2758348324083,0.7111507729593,0.0,50,Built-up,44.97660547,0.0,2,3,1,0,0,industrial_area,2026-08-23 00:00:00+00:00,2026-08-24 00:00:00+00:00,3,2,0.88,0.98,1,0.28571428571429,3.0,12.0,12.0,12.0,0.0,24.0,0.076923076923077,2,2,2,7,Industrial,Industrial,312.2,317.94,77.33
SOURCE_0329,25.94493,72.19168,0.0,3.5267363698883,28.195150362388,2.0366999537461,60,Bare / sparse vegetation,8.439646672,0.0,1,3,1,0,0,refinery,2026-08-23 00:00:00+00:00,2026-08-25 00:00:00+00:00,5,3,1.222,1.97,2,0.42857142857143,2.5,12.0,12.0,12.0,0.0,24.0,0.076923076923077,3,3,3,7,Industrial,Other,313.06,320.91,76.22
SOURCE_0330,22.92938,70.10797,72.550312210514,21.034636052994,17.509609137142,0.000430999316416,50,Built-up,27.7737471,0.000430999,1,1,1,0,0,industrial_area,2026-08-23 00:00:00+00:00,2026-08-25 00:00:00+00:00,3,3,3.5466666666667,7.97,2,0.42857142857143,1.5,24.0,0.0,24.0,24.0,24.0,1.0,3,3,3,7,Industrial,Industrial,318.87,338.91,70.0
SOURCE_0331,22.93402,69.69881,65.405342374453,0.39323458784884,16.122995825252,0.39323458784884,50,Built-up,20.57870184,0.393234588,2,2,1,0,0,powerplant,2026-08-24 00:00:00+00:00,2026-08-25 00:00:00+00:00,6,2,2.2383333333333,3.76,1,0.28571428571429,6.0,4.8,9.6,0.0,0.0,24.0,0.094339622641509,2,2,2,7,Industrial,Industrial,315.6,326.28,72.67
SOURCE_0332,22.34236,69.87119,0.0,1.999811789363,4.9015162297463,0.0,50,Built-up,1.725332005,0.0,2,4,1,0,0,refinery,2026-08-24 00:00:00+00:00,2026-08-24 00:00:00+00:00,7,1,4.4142857142857,7.01,0,0.14285714285714,7.0,0.0,0.0,0.0,0.0,0.0,1.0,1,1,1,7,Industrial,Industrial,321.04,336.03,95.33
SOURCE_0333,29.45627,76.8924,0.25764409942371,2.1336646056144,80.292111696259,0.25764409942371,40,Cropland,20.73526613,0.257644099,2,3,1,0,1,refinery,2026-08-25 00:00:00+00:00,2026-08-25 00:00:00+00:00,1,1,4.73,4.73,0,0.14285714285714,1.0,,,,,,0.0,1,1,1,7,Industrial,Agricultural,321.82,329.19,87.33
SOURCE_0334,15.38928,75.22285,276.96452115729,16.817808433873,21.61411043967,7.8744214248407,40,Cropland,80.81771536,7.874421425,0,0,0,0,1,industrial_area,2026-08-25 00:00:00+00:00,2026-08-25 00:00:00+00:00,1,1,3.57,3.57,0,0.14285714285714,1.0,,,,,,0.0,1,1,1,7,Agricultural,Agricultural,318.92,325.71,88.67
SOURCE_0335,17.08532,79.68513,254.99345874088,12.117395751286,4.5432473667405,5.1378288681877,10,Tree cover,69.19798268,4.543247367,0,1,0,1,0,mine,2026-08-25 00:00:00+00:00,2026-08-25 00:00:00+00:00,1,1,4.27,4.27,0,0.14285714285714,1.0,,,,,,0.0,1,1,1,7,Forest/Natural,Forest/Natural,320.68,327.81,97.33
SOURCE_0336,14.86755,79.73705,202.75090977133,27.698511316086,45.756418544829,27.698511316086,20,Shrubland,75.97608774,27.69851132,0,0,0,0,0,powerplant,2026-08-25 00:00:00+00:00,2026-08-25 00:00:00+00:00,1,1,3.45,3.45,0,0.14285714285714,1.0,,,,,,0.0,1,1,1,7,Forest/Natural,Forest/Natural,318.62,325.35,94.67
SOURCE_0337,18.70882,74.45466,175.65405527894,7.8350502793921,17.775513743256,7.8350502793921,20,Shrubland,52.2749174,7.835050279,0,0,0,0,0,powerplant,2026-08-25 00:00:00+00:00,2026-08-25 00:00:00+00:00,1,1,3.57,3.57,0,0.14285714285714,1.0,,,,,,0.0,1,1,1,7,Forest/Natural,Forest/Natural,318.92,325.71,94.67
SOURCE_0338,22.93576,69.1861,88.372042538433,33.73927286497,15.551952183375,22.627204147968,40,Cropland,40.07261793,15.55195218,0,0,0,0,1,mine,2026-08-25 00:00:00+00:00,2026-08-25 00:00:00+00:00,1,1,0.9,0.9,0,0.14285714285714,1.0,,,,,,0.0,1,1,1,7,Agricultural,Agricultural,312.25,317.7,91.33
SOURCE_0339,26.75963,83.19836,357.29813651704,68.597829702937,19.596597766744,2.4933053216558,50,Built-up,111.9964673,2.493305322,0,1,1,0,0,industrial_area,2026-08-25 00:00:00+00:00,2026-08-25 00:00:00+00:00,2,1,1.21,1.23,0,0.14285714285714,2.0,0.0,0.0,0.0,0.0,0.0,0.0,1,1,1,7,Industrial,Industrial,313.02,318.69,84.0
SOURCE_0340,22.80134,86.09074,241.39460341381,0.14070763204627,4.6039091206483,0.0,50,Built-up,61.53480504,0.0,2,3,1,0,0,industrial_area,2026-08-25 00:00:00+00:00,2026-08-25 00:00:00+00:00,1,1,2.73,2.73,0,0.14285714285714,1.0,,,,,,0.0,1,1,1,7,Industrial,Industrial,316.82,323.19,81.33
SOURCE_0341,23.66496,87.15575,221.45722730694,10.712748619255,1.4252613921678,1.3227249203973,40,Cropland,58.72949056,1.32272492,0,2,0,0,1,industrial_area,2026-08-24 00:00:00+00:00,2026-08-25 00:00:00+00:00,2,2,2.235,2.54,1,0.28571428571429,2.0,24.0,0.0,24.0,24.0,24.0,0.0,2,2,2,7,Agricultural,Agricultural,315.59,322.62,92.67
SOURCE_0342,23.61165,87.14617,216.30425911652,6.0475576353861,3.4327412099189,0.0,60,Bare / sparse vegetation,56.44613949,0.0,1,2,1,0,0,industrial_area,2026-08-25 00:00:00+00:00,2026-08-25 00:00:00+00:00,1,1,0.41,0.41,0,0.14285714285714,1.0,,,,,,0.0,1,1,1,7,Industrial,Other,311.02,316.23,75.41
SOURCE_0343,22.78985,86.19658,229.96808505725,1.3645204800063,4.6394923611266,0.0,50,Built-up,58.99302447,0.0,1,3,1,0,0,industrial_area,2026-08-25 00:00:00+00:00,2026-08-25 00:00:00+00:00,1,1,1.59,1.59,0,0.14285714285714,1.0,,,,,,0.0,1,1,1,7,Industrial,Industrial,313.98,319.77,85.33
SOURCE_0344,22.7893,86.20161,229.42596588947,0.87633602237108,5.0030510424395,0.0,60,Bare / sparse vegetation,58.82633824,0.0,2,2,1,0,0,industrial_area,2026-08-25 00:00:00+00:00,2026-08-25 00:00:00+00:00,1,1,0.92,0.92,0,0.14285714285714,1.0,,,,,,0.0,1,1,1,7,Industrial,Industrial,312.3,317.76,75.92
SOURCE_0345,22.78875,86.20664,228.88395188566,0.5566801671901,5.4011139023894,0.0,50,Built-up,58.71043649,0.0,2,2,1,0,0,industrial_area,2026-08-25 00:00:00+00:00,2026-08-25 00:00:00+00:00,1,1,0.92,0.92,0,0.14285714285714,1.0,,,,,,0.0,1,1,1,7,Industrial,Industrial,312.3,317.76,86.0
SOURCE_0346,21.74762,83.84057,352.44355645677,5.7729315869458,0.014433620940253,0.0,60,Bare / sparse vegetation,89.55773042,0.0,2,2,1,0,0,industrial_area,2026-08-25 00:00:00+00:00,2026-08-25 00:00:00+00:00,1,1,0.68,0.68,0,0.14285714285714,1.0,,,,,,0.0,1,1,1,7,Industrial,Other,311.7,317.04,75.68
SOURCE_0347,21.39248,81.64462,469.82170002263,10.174618069047,18.336085976496,0.0,10,Tree cover,124.583101,0.0,1,1,1,1,0,industrial_area,2026-08-25 00:00:00+00:00,2026-08-25 00:00:00+00:00,1,1,0.73,0.73,0,0.14285714285714,1.0,,,,,,0.0,1,1,1,7,Industrial,Forest/Natural,311.82,317.19,93.33
SOURCE_0348,21.37752,81.67648,466.83740255342,10.463761278215,14.502020225856,0.060605960199502,60,Bare / sparse vegetation,122.9659475,0.06060596,1,1,1,0,0,industrial_area,2026-08-25 00:00:00+00:00,2026-08-25 00:00:00+00:00,1,1,1.85,1.85,0,0.14285714285714,1.0,,,,,,0.0,1,1,1,7,Industrial,Other,314.62,320.55,76.85
SOURCE_0349,21.19596,81.41667,458.75830851964,0.78920211762956,9.0163392599554,0.0,50,Built-up,117.1409625,0.0,2,2,1,0,0,industrial_area,2026-08-25 00:00:00+00:00,2026-08-25 00:00:00+00:00,3,1,2.54,2.93,0,0.14285714285714,3.0,0.0,0.0,0.0,0.0,0.0,1.0,1,1,1,7,Industrial,Industrial,316.35,323.79,97.33
SOURCE_0350,21.3352,78.96751,361.98511408107,8.9828785543831,0.96065488586283,4.6022525891965,30,Grassland,94.13272503,0.960654886,1,2,0,0,0,mine,2026-08-25 00:00:00+00:00,2026-08-25 00:00:00+00:00,1,1,2.37,2.37,0,0.14285714285714,1.0,,,,,,0.0,1,1,1,7,Forest/Natural,Forest/Natural,315.92,322.11,93.33
SOURCE_0351,17.60567,83.19904,10.787413364972,0.0,18.013308141527,0.0,50,Built-up,7.200180377,0.0,2,2,1,0,0,powerplant,2026-08-25 00:00:00+00:00,2026-08-25 00:00:00+00:00,1,1,1.83,1.83,0,0.14285714285714,1.0,,,,,,0.0,1,1,1,7,Industrial,Industrial,314.58,320.49,85.33
SOURCE_0352,34.47789,73.86224,610.43778788194,15.796796607308,40.567947105274,53.704542203813,30,Grassland,180.1267684,15.79679661,0,0,0,0,0,powerplant,2026-08-25 00:00:00+00:00,2026-08-25 00:00:00+00:00,4,1,5.2825,6.61,0,0.14285714285714,4.0,0.0,0.0,0.0,0.0,0.0,1.0,1,1,1,7,Forest/Natural,Forest/Natural,323.21,334.83,94.67
SOURCE_0353,21.18221,81.38339,458.9351546579,1.1030105482456,8.9300540033769,0.0,50,Built-up,117.2420548,0.0,1,2,1,0,0,industrial_area,2026-08-25 00:00:00+00:00,2026-08-25 00:00:00+00:00,3,1,2.3933333333333,3.38,0,0.14285714285714,3.0,0.0,0.0,0.0,0.0,0.0,1.0,1,1,1,7,Industrial,Industrial,315.98,325.14,81.33
SOURCE_0354,23.49973,68.57806,184.48570172086,0.0,1.0792747936588,0.0,10,Tree cover,46.39124413,0.0,2,3,1,1,0,powerplant,2026-08-25 00:00:00+00:00,2026-08-25 00:00:00+00:00,1,1,0.72,0.72,0,0.14285714285714,1.0,,,,,,0.0,1,1,1,7,Industrial,Forest/Natural,311.8,317.16,95.33
SOURCE_0355,22.92693,69.82433,65.515320016999,8.5432889576586,15.302490154963,0.0,50,Built-up,22.34027478,0.0,1,1,1,0,0,industrial_area,2026-08-25 00:00:00+00:00,2026-08-25 00:00:00+00:00,1,1,2.03,2.03,0,0.14285714285714,1.0,,,,,,0.0,1,1,1,7,Industrial,Industrial,315.08,321.09,80.0
SOURCE_0356,22.3412,69.85442,0.0,1.4099390661054,5.913992321863,0.0,50,Built-up,1.830982847,0.0,2,3,1,0,0,refinery,2026-08-25 00:00:00+00:00,2026-08-25 00:00:00+00:00,2,1,2.625,3.06,0,0.14285714285714,2.0,0.0,0.0,0.0,0.0,0.0,0.0,1,1,1,7,Industrial,Industrial,316.56,324.18,81.33
SOURCE_0357,22.42014,69.04203,74.395069863212,4.7079243800404,23.379383560224,0.0,10,Tree cover,25.62059445,0.0,1,2,1,1,0,industrial_area,2026-08-25 00:00:00+00:00,2026-08-25 00:00:00+00:00,1,1,0.79,0.79,0,0.14285714285714,1.0,,,,,,0.0,1,1,1,7,Industrial,Forest/Natural,311.98,317.37,95.33
SOURCE_0358,22.41745,69.03764,74.861626885794,4.1964079885643,23.059840480238,0.054349234706359,30,Grassland,25.54305615,0.054349235,1,2,1,0,0,industrial_area,2026-08-25 00:00:00+00:00,2026-08-25 00:00:00+00:00,1,1,0.7,0.7,0,0.14285714285714,1.0,,,,,,0.0,1,1,1,7,Industrial,Forest/Natural,311.75,317.1,90.67
SOURCE_0359,20.9112,71.45757,242.20313037455,0.985072742334,2.045112782061,0.06243940065708,50,Built-up,61.32393882,0.062439401,2,3,1,0,0,industrial_area,2026-08-24 00:00:00+00:00,2026-08-25 00:00:00+00:00,3,2,1.1666666666667,1.97,1,0.28571428571429,3.0,12.0,12.0,12.0,0.0,24.0,0.076923076923077,2,2,2,7,Industrial,Industrial,312.92,320.91,78.67
SOURCE_0360,17.95949,80.79189,209.34094954782,3.6610319581568,0.0,3.9593652640431,60,Bare / sparse vegetation,54.24033669,0.0,1,3,1,0,0,mine,2026-08-25 00:00:00+00:00,2026-08-25 00:00:00+00:00,4,1,3.745,5.23,0,0.14285714285714,4.0,0.0,0.0,0.0,0.0,0.0,1.0,1,1,1,7,Industrial,Other,319.36,330.69,78.75
SOURCE_0361,15.34013,76.27901,311.68677379585,3.8126899166313,2.6744651425757,0.0,50,Built-up,79.54348221,0.0,1,3,1,0,0,industrial_area,2026-08-25 00:00:00+00:00,2026-08-25 00:00:00+00:00,2,1,1.945,2.0,0,0.14285714285714,2.0,0.0,0.0,0.0,0.0,0.0,0.0,1,1,1,7,Industrial,Industrial,314.86,321.0,83.33
SOURCE_0362,15.10937,76.80316,324.80813082628,11.267708747696,2.6303519079473,0.57648748202365,10,Tree cover,84.82066974,0.576487482,1,2,0,1,0,industrial_area,2026-08-25 00:00:00+00:00,2026-08-25 00:00:00+00:00,1,1,2.57,2.57,0,0.14285714285714,1.0,,,,,,0.0,1,1,1,7,Forest/Natural,Forest/Natural,316.42,322.71,96.0
SOURCE_0363,15.11204,76.8075,325.36005067257,11.839363267028,3.0253477795265,0.4454267656231,20,Shrubland,85.16754712,0.445426766,1,2,1,0,0,industrial_area,2026-08-25 00:00:00+00:00,2026-08-25 00:00:00+00:00,1,1,2.02,2.02,0,0.14285714285714,1.0,,,,,,0.0,1,1,1,7,Industrial,Forest/Natural,315.05,321.06,92.67
SOURCE_0364,27.82257,95.50542,55.050002438568,45.020079520445,40.300194010622,30.885601799576,60,Bare / sparse vegetation,42.81396944,30.8856018,0,0,0,0,0,industrial_area,2026-08-19 00:00:00+00:00,2026-08-19 00:00:00+00:00,1,1,4.27,4.27,0,0.14285714285714,1.0,,,,,,0.0,1,1,1,7,Other,Other,320.68,327.81,69.27
SOURCE_0365,10.96018,76.78088,119.63281439186,18.312728460968,10.796246683979,4.7662111417946,30,Grassland,38.37700017,4.766211142,0,1,0,0,0,industrial_area,2026-08-19 00:00:00+00:00,2026-08-19 00:00:00+00:00,2,1,5.91,5.99,0,0.14285714285714,2.0,0.0,0.0,0.0,0.0,0.0,0.0,1,1,1,7,Forest/Natural,Forest/Natural,324.77,332.97,94.0
SOURCE_0366,8.88492,78.10483,225.44180524196,1.9333708735135,3.3129343658927,0.37287625863162,30,Grassland,57.76524668,0.372876259,1,3,1,0,0,industrial_area,2026-08-19 00:00:00+00:00,2026-08-19 00:00:00+00:00,2,1,8.405,9.25,0,0.14285714285714,2.0,0.0,0.0,0.0,0.0,0.0,0.0,1,1,1,7,Industrial,Forest/Natural,331.01,342.75,90.67
SOURCE_0367,9.36143,78.66453,208.69761094022,12.781878385974,33.225369265331,12.781878385974,10,Tree cover,66.87168424,12.78187839,0,0,0,1,0,powerplant,2026-08-19 00:00:00+00:00,2026-08-19 00:00:00+00:00,1,1,8.62,8.62,0,0.14285714285714,1.0,,,,,,0.0,1,1,1,7,Forest/Natural,Forest/Natural,331.55,340.86,96.0
SOURCE_0368,9.38254,78.68787,205.2266909617,13.508965069112,33.261189763976,11.227040843289,20,Shrubland,65.80597166,11.22704084,0,0,0,0,0,industrial_area,2026-08-19 00:00:00+00:00,2026-08-19 00:00:00+00:00,1,1,4.57,4.57,0,0.14285714285714,1.0,,,,,,0.0,1,1,1,7,Forest/Natural,Forest/Natural,321.42,328.71,94.67
SOURCE_0369,9.49461,78.04112,190.09749778565,5.7361823614688,11.755651980751,5.7361823614688,40,Cropland,53.33137862,5.736182361,0,0,0,0,1,powerplant,2026-08-19 00:00:00+00:00,2026-08-19 00:00:00+00:00,1,1,14.71,14.71,0,0.14285714285714,1.0,,,,,,0.0,1,1,1,7,Agricultural,Agricultural,346.78,359.13,88.67
SOURCE_0370,20.96184,86.00768,104.44616853046,1.3300136924021,9.6714890951315,0.09533177919571,60,Bare / sparse vegetation,28.88575077,0.095331779,1,2,1,0,0,industrial_area,2026-08-19 00:00:00+00:00,2026-08-19 00:00:00+00:00,3,1,4.5233333333333,7.16,0,0.14285714285714,3.0,0.0,0.0,0.0,0.0,0.0,1.0,1,1,1,7,Industrial,Other,321.31,336.48,79.52
SOURCE_0371,27.32586,95.27505,38.756197616457,14.608266125232,6.6451017893825,1.9582013322836,10,Tree cover,15.49194172,1.958201332,0,1,0,1,0,industrial_area,2026-08-19 00:00:00+00:00,2026-08-20 00:00:00+00:00,2,2,2.55,3.36,1,0.28571428571429,2.0,24.0,0.0,24.0,24.0,24.0,0.0,2,2,2,7,Forest/Natural,Forest/Natural,316.38,325.08,94.67
SOURCE_0372,26.77066,94.50631,81.892845745553,6.9312669631453,16.778096607504,6.9312669631453,40,Cropland,28.13336907,6.931266963,0,0,0,0,1,powerplant,2026-08-19 00:00:00+00:00,2026-08-19 00:00:00+00:00,1,1,1.52,1.52,0,0.14285714285714,1.0,,,,,,0.0,1,1,1,7,Agricultural,Agricultural,313.8,319.56,88.67
SOURCE_0373,31.24827,76.92823,227.90573207187,18.344923364907,3.5431464639608,0.13765565370296,30,Grassland,62.48286439,0.137655654,1,2,1,0,0,industrial_area,2026-08-19 00:00:00+00:00,2026-08-19 00:00:00+00:00,1,1,0.76,0.76,0,0.14285714285714,1.0,,,,,,0.0,1,1,1,7,Industrial,Forest/Natural,311.9,317.28,93.33
SOURCE_0374,23.51684,87.27125,199.53338985119,2.916958560881,5.576065257344,0.0,10,Tree cover,52.00660342,0.0,1,2,1,1,0,industrial_area,2026-08-19 00:00:00+00:00,2026-08-19 00:00:00+00:00,1,1,3.24,3.24,0,0.14285714285714,1.0,,,,,,0.0,1,1,1,7,Industrial,Forest/Natural,318.1,324.72,92.67
SOURCE_0375,22.94316,85.96852,260.63958584973,15.83052972678,0.75635741197881,0.0,30,Grassland,69.30661825,0.0,2,2,1,0,0,industrial_area,2026-08-19 00:00:00+00:00,2026-08-19 00:00:00+00:00,1,1,1.22,1.22,0,0.14285714285714,1.0,,,,,,0.0,1,1,1,7,Industrial,Forest/Natural,313.05,318.66,90.67
SOURCE_0376,22.24621,87.38834,82.810718393521,0.0,76.383785879754,13.165329158517,50,Built-up,43.08995836,0.0,1,1,1,0,0,powerplant,2026-08-19 00:00:00+00:00,2026-08-19 00:00:00+00:00,2,1,0.505,0.81,0,0.14285714285714,2.0,0.0,0.0,0.0,0.0,0.0,0.0,1,1,1,7,Industrial,Industrial,311.26,317.43,80.0
SOURCE_0377,17.96787,83.15147,31.659127768666,7.3871340335233,4.3612564570141,0.0,30,Grassland,10.85187956,0.0,1,2,1,0,0,industrial_area,2026-08-19 00:00:00+00:00,2026-08-20 00:00:00+00:00,2,2,1.665,2.23,1,0.28571428571429,2.0,24.0,0.0,24.0,24.0,24.0,0.0,2,2,2,7,Industrial,Forest/Natural,314.16,321.69,94.67
SOURCE_0378,17.98248,80.82807,209.2170663883,2.2101271061769,0.0,5.7998193285582,60,Bare / sparse vegetation,54.30675321,0.0,1,2,1,0,0,mine,2026-08-19 00:00:00+00:00,2026-08-19 00:00:00+00:00,1,1,2.05,2.05,0,0.14285714285714,1.0,,,,,,0.0,1,1,1,7,Industrial,Other,315.12,321.15,77.05
SOURCE_0379,17.95848,80.78828,209.48103224828,4.0494117099514,0.0,4.1575387889827,60,Bare / sparse vegetation,54.42199569,0.0,1,3,1,0,0,mine,2026-08-19 00:00:00+00:00,2026-08-20 00:00:00+00:00,8,2,3.01375,5.58,1,0.28571428571429,8.0,3.4285714285714,8.3982505466852,0.0,0.0,24.0,0.10640278156371,2,2,2,7,Industrial,Other,317.53,331.74,78.01
SOURCE_0380,20.78388,85.25973,159.34944959678,2.4407386398517,20.918799919924,0.0,50,Built-up,45.67724704,0.0,1,2,1,0,0,industrial_area,2026-08-19 00:00:00+00:00,2026-08-19 00:00:00+00:00,1,1,2.13,2.13,0,0.14285714285714,1.0,,,,,,0.0,1,1,1,7,Industrial,Industrial,315.32,321.39,82.67
SOURCE_0381,20.96462,86.00256,105.05676064176,0.83723115696092,9.3182712964163,0.0,10,Tree cover,28.80306577,0.0,2,2,1,1,0,industrial_area,2026-08-19 00:00:00+00:00,2026-08-19 00:00:00+00:00,1,1,0.97,0.97,0,0.14285714285714,1.0,,,,,,0.0,1,1,1,7,Industrial,Forest/Natural,312.42,317.91,96.0
SOURCE_0382,20.96873,85.1527,179.53541407362,8.7118392893461,0.0,2.9512703957199,30,Grassland,47.79963094,0.0,1,2,1,0,0,mine,2026-08-19 00:00:00+00:00,2026-08-19 00:00:00+00:00,1,1,2.12,2.12,0,0.14285714285714,1.0,,,,,,0.0,1,1,1,7,Industrial,Forest/Natural,315.3,321.36,94.0
SOURCE_0383,11.42396,77.4256,200.30170795795,20.016242009818,29.570604232645,12.241634882253,50,Built-up,65.53254727,12.24163488,0,0,1,0,0,industrial_area,2026-08-19 00:00:00+00:00,2026-08-19 00:00:00+00:00,1,1,1.06,1.06,0,0.14285714285714,1.0,,,,,,0.0,1,1,1,7,Industrial,Industrial,312.65,318.18,85.33
SOURCE_0384,9.14298,77.53522,156.68970218912,9.8943030973865,16.893924823708,9.8943030973865,60,Bare / sparse vegetation,48.3430583,9.894303097,0,0,0,0,0,powerplant,2026-08-20 00:00:00+00:00,2026-08-20 00:00:00+00:00,2,1,4.96,6.2,0,0.14285714285714,2.0,0.0,0.0,0.0,0.0,0.0,0.0,1,1,1,7,Other,Other,322.4,333.6,60.0
SOURCE_0385,17.53239,83.00151,32.23683638259,11.350151729845,20.563388062115,0.0,50,Built-up,16.03759404,0.0,1,1,1,0,0,industrial_area,2026-08-20 00:00:00+00:00,2026-08-20 00:00:00+00:00,1,1,3.38,3.38,0,0.14285714285714,1.0,,,,,,0.0,1,1,1,7,Industrial,Industrial,318.45,325.14,80.67
SOURCE_0386,17.60865,83.20535,10.189384055055,0.70955899589459,18.370159784329,0.0,50,Built-up,7.317275709,0.0,2,2,1,0,0,industrial_area,2026-08-20 00:00:00+00:00,2026-08-20 00:00:00+00:00,1,1,5.91,5.91,0,0.14285714285714,1.0,,,,,,0.0,1,1,1,7,Industrial,Industrial,324.77,332.73,96.67
SOURCE_0387,16.97086,77.69366,470.70086748329,4.5966665984319,40.239098730476,4.5966665984319,40,Cropland,130.0333249,4.596666598,0,2,0,0,1,powerplant,2026-08-20 00:00:00+00:00,2026-08-20 00:00:00+00:00,1,1,3.18,3.18,0,0.14285714285714,1.0,,,,,,0.0,1,1,1,7,Agricultural,Agricultural,317.95,324.54,88.67
SOURCE_0388,18.64043,74.56492,189.36078921089,16.637220386092,15.105382239176,8.3469978522938,40,Cropland,57.36259742,8.346997852,0,0,0,0,1,industrial_area,2026-08-20 00:00:00+00:00,2026-08-20 00:00:00+00:00,1,1,4.3,4.3,0,0.14285714285714,1.0,,,,,,0.0,1,1,1,7,Agricultural,Agricultural,320.75,327.9,88.67
SOURCE_0389,16.19041,78.37185,393.66525230801,35.536968469516,59.136798371758,11.244526118071,20,Shrubland,124.8958863,11.24452612,0,0,0,0,0,industrial_area,2026-08-20 00:00:00+00:00,2026-08-20 00:00:00+00:00,1,1,5.61,5.61,0,0.14285714285714,1.0,,,,,,0.0,1,1,1,7,Forest/Natural,Forest/Natural,324.02,331.83,94.67
SOURCE_0390,30.36296,74.2361,95.956182782457,4.9634760624127,141.17179046308,17.112964126736,40,Cropland,64.80110336,4.963476062,0,1,0,0,1,powerplant,2026-08-20 00:00:00+00:00,2026-08-20 00:00:00+00:00,1,1,2.27,2.27,0,0.14285714285714,1.0,,,,,,0.0,1,1,1,7,Agricultural,Agricultural,315.68,321.81,90.0
SOURCE_0391,28.71234,76.83447,93.166880176782,4.2503046277189,25.606461587722,2.6145547467082,40,Cropland,31.40955028,2.614554747,0,2,0,0,1,industrial_area,2026-08-20 00:00:00+00:00,2026-08-20 00:00:00+00:00,2,1,1.945,2.32,0,0.14285714285714,2.0,0.0,0.0,0.0,0.0,0.0,0.0,1,1,1,7,Agricultural,Agricultural,314.86,321.96,91.33
SOURCE_0392,28.13022,76.89521,127.88137382712,21.397134720646,0.26048466879332,0.62786936004587,30,Grassland,37.54171564,0.260484669,2,2,1,0,0,mine,2026-08-20 00:00:00+00:00,2026-08-20 00:00:00+00:00,1,1,0.92,0.92,0,0.14285714285714,1.0,,,,,,0.0,1,1,1,7,Industrial,Forest/Natural,312.3,317.76,92.67
SOURCE_0393,26.75916,83.19909,357.19904158261,68.658532108213,19.66307621763,2.430225125209,60,Bare / sparse vegetation,111.9877188,2.430225125,0,1,0,0,0,industrial_area,2026-08-20 00:00:00+00:00,2026-08-20 00:00:00+00:00,1,1,1.13,1.13,0,0.14285714285714,1.0,,,,,,0.0,1,1,1,7,Other,Other,312.82,318.39,60.67
SOURCE_0394,33.43012,78.19984,535.74047771313,54.248208815212,87.036853583938,75.757520721157,60,Bare / sparse vegetation,188.1957652,54.24820882,0,0,0,0,0,powerplant,2026-08-20 00:00:00+00:00,2026-08-20 00:00:00+00:00,1,1,1.48,1.48,0,0.14285714285714,1.0,,,,,,0.0,1,1,1,7,Other,Other,313.7,319.44,60.67
SOURCE_0395,23.80334,85.5392,206.54379113728,25.328448608152,0.0,1.3580189221336,10,Tree cover,58.30756467,0.0,1,2,1,1,0,mine,2026-08-20 00:00:00+00:00,2026-08-20 00:00:00+00:00,1,1,0.98,0.98,0,0.14285714285714,1.0,,,,,,0.0,1,1,1,7,Industrial,Forest/Natural,312.45,317.94,95.33
SOURCE_0396,23.77931,85.57391,208.34222704178,20.75383096841,0.0,1.0493567402451,60,Bare / sparse vegetation,57.53635369,0.0,1,2,1,0,0,mine,2026-08-20 00:00:00+00:00,2026-08-20 00:00:00+00:00,1,1,2.3,2.3,0,0.14285714285714,1.0,,,,,,0.0,1,1,1,7,Industrial,Other,315.75,321.9,60.0
SOURCE_0397,23.72135,85.00805,238.59376436523,14.797638957565,0.0,4.9322895005381,60,Bare / sparse vegetation,64.58092321,0.0,1,2,1,0,0,mine,2026-08-20 00:00:00+00:00,2026-08-20 00:00:00+00:00,1,1,0.94,0.94,0,0.14285714285714,1.0,,,,,,0.0,1,1,1,7,Industrial,Other,312.35,317.82,60.0
SOURCE_0398,23.69586,87.09464,228.03619467364,3.6263049868196,4.8481844894488,0.10008071509963,50,Built-up,59.15269122,0.100080715,1,3,1,0,0,industrial_area,2026-08-20 00:00:00+00:00,2026-08-20 00:00:00+00:00,1,1,2.37,2.37,0,0.14285714285714,1.0,,,,,,0.0,1,1,1,7,Industrial,Industrial,315.92,322.11,80.67
SOURCE_0399,23.69119,87.0988,227.3141518804,4.3500404906003,4.1477871525668,0.0,60,Bare / sparse vegetation,58.95299488,0.0,1,3,1,0,0,industrial_area,2026-08-20 00:00:00+00:00,2026-08-20 00:00:00+00:00,1,1,3.12,3.12,0,0.14285714285714,1.0,,,,,,0.0,1,1,1,7,Industrial,Other,317.8,324.36,61.33
SOURCE_0400,23.66539,86.91727,234.96611580413,7.0688405759239,9.6690252435131,0.0,60,Bare / sparse vegetation,62.92599541,0.0,1,1,1,0,0,industrial_area,2026-08-20 00:00:00+00:00,2026-08-20 00:00:00+00:00,1,1,2.82,2.82,0,0.14285714285714,1.0,,,,,,0.0,1,1,1,7,Industrial,Other,317.05,323.46,62.0
SOURCE_0401,23.82633,85.49837,205.16705622518,30.571523672057,0.0,0.88520660225972,30,Grassland,59.15594662,0.0,2,2,1,0,0,mine,2026-08-20 00:00:00+00:00,2026-08-20 00:00:00+00:00,5,1,0.95,1.07,0,0.14285714285714,5.0,0.0,0.0,0.0,0.0,0.0,1.0,1,1,1,7,Industrial,Forest/Natural,312.38,318.21,94.67
SOURCE_0402,22.06585,83.70532,385.45570004401,19.73347200269,0.21359906417154,19.884883855696,30,Grassland,106.3219137,0.213599064,1,1,1,0,0,mine,2026-08-20 00:00:00+00:00,2026-08-20 00:00:00+00:00,1,1,1.34,1.34,0,0.14285714285714,1.0,,,,,,0.0,1,1,1,7,Industrial,Forest/Natural,313.35,319.02,92.67
SOURCE_0403,22.04119,83.73617,380.95391006307,18.444808388844,1.0236394828929,17.597348698462,60,Bare / sparse vegetation,104.5049267,1.023639483,0,1,0,0,0,mine,2026-08-20 00:00:00+00:00,2026-08-20 00:00:00+00:00,1,1,1.59,1.59,0,0.14285714285714,1.0,,,,,,0.0,1,1,1,7,Other,Other,313.98,319.77,61.33
SOURCE_0404,22.0391,83.72788,381.58187720268,19.146776497278,1.5906368462409,17.300923209454,10,Tree cover,104.9050534,1.590636846,0,1,0,1,0,mine,2026-08-20 00:00:00+00:00,2026-08-20 00:00:00+00:00,2,1,1.525,1.63,0,0.14285714285714,2.0,0.0,0.0,0.0,0.0,0.0,0.0,1,1,1,7,Forest/Natural,Forest/Natural,313.81,319.89,96.0
SOURCE_0405,22.01404,83.75465,377.43407593966,15.195963536981,1.1461532326525,14.682390507088,40,Cropland,102.1146458,1.146153233,0,1,0,0,1,mine,2026-08-20 00:00:00+00:00,2026-08-20 00:00:00+00:00,1,1,1.7,1.7,0,0.14285714285714,1.0,,,,,,0.0,1,1,1,7,Agricultural,Agricultural,314.25,320.1,94.67
SOURCE_0406,21.96282,83.77252,372.39898518788,12.156435699102,3.8057094638132,9.7522445687029,30,Grassland,99.52834373,3.805709464,0,1,0,0,0,mine,2026-08-20 00:00:00+00:00,2026-08-20 00:00:00+00:00,1,1,0.97,0.97,0,0.14285714285714,1.0,,,,,,0.0,1,1,1,7,Forest/Natural,Forest/Natural,312.42,317.91,94.67
SOURCE_0407,21.8591,83.96842,347.33300078771,8.4255612618204,7.4829541922725,0.0,10,Tree cover,90.81037906,0.0,1,1,1,1,0,industrial_area,2026-08-20 00:00:00+00:00,2026-08-20 00:00:00+00:00,1,1,1.31,1.31,0,0.14285714285714,1.0,,,,,,0.0,1,1,1,7,Industrial,Forest/Natural,313.27,318.93,95.33
SOURCE_0408,21.79336,83.9878,341.25683881978,4.0884519620886,6.2829358246553,0.0,60,Bare / sparse vegetation,87.90705665,0.0,1,2,1,0,0,industrial_area,2026-08-20 00:00:00+00:00,2026-08-20 00:00:00+00:00,1,1,1.61,1.61,0,0.14285714285714,1.0,,,,,,0.0,1,1,1,7,Industrial,Other,314.02,319.83,76.61
SOURCE_0409,21.80221,83.89371,350.71159867165,12.7079200317,0.0,1.1686883966637,60,Bare / sparse vegetation,91.14705178,0.0,1,2,1,0,0,mine,2026-08-20 00:00:00+00:00,2026-08-20 00:00:00+00:00,2,1,1.31,1.43,0,0.14285714285714,2.0,0.0,0.0,0.0,0.0,0.0,0.0,1,1,1,7,Industrial,Other,313.27,319.29,76.31
SOURCE_0410,21.76922,84.01998,336.68332543261,0.007273100074908,4.7106598499352,0.0,50,Built-up,85.3503146,0.0,2,3,1,0,0,industrial_area,2026-08-20 00:00:00+00:00,2026-08-20 00:00:00+00:00,2,1,1.705,1.82,0,0.14285714285714,2.0,0.0,0.0,0.0,0.0,0.0,0.0,1,1,1,7,Industrial,Industrial,314.26,320.46,82.67
SOURCE_0411,21.75037,83.84077,352.58964067794,6.090772811926,0.0096636128021586,0.0,30,Grassland,89.67251928,0.0,2,2,1,0,0,industrial_area,2026-08-20 00:00:00+00:00,2026-08-20 00:00:00+00:00,4,1,2.2925,3.43,0,0.14285714285714,4.0,0.0,0.0,0.0,0.0,0.0,1.0,1,1,1,7,Industrial,Forest/Natural,315.73,325.29,93.33
SOURCE_0412,19.92169,79.11499,506.12143274084,0.40829908286198,0.68389191906763,0.0,50,Built-up,126.8034059,0.0,3,3,1,0,0,industrial_area,2026-08-20 00:00:00+00:00,2026-08-20 00:00:00+00:00,1,1,0.63,0.63,0,0.14285714285714,1.0,,,,,,0.0,1,1,1,7,Industrial,Industrial,311.58,316.89,84.67
SOURCE_0413,23.55139,86.54254,235.02428509134,8.788259602779,15.020206742869,8.788259602779,60,Bare / sparse vegetation,66.90525276,8.788259603,0,0,0,0,0,powerplant,2026-08-20 00:00:00+00:00,2026-08-21 00:00:00+00:00,2,2,2.3,2.72,1,0.28571428571429,2.0,24.0,0.0,24.0,24.0,24.0,0.0,2,2,2,7,Other,Other,315.75,323.16,67.3
SOURCE_0414,23.69462,85.36964,224.91189102586,42.964226322632,0.0,3.0170819953632,60,Bare / sparse vegetation,67.72329984,0.0,1,2,1,0,0,mine,2026-08-20 00:00:00+00:00,2026-08-20 00:00:00+00:00,1,1,2.69,2.69,0,0.14285714285714,1.0,,,,,,0.0,1,1,1,7,Industrial,Other,316.73,323.07,61.33
SOURCE_0415,23.66319,85.5509,222.65206397346,24.074988174018,2.3171007066949,3.6825445491007,60,Bare / sparse vegetation,63.18167435,2.317100707,0,2,0,0,0,mine,2026-08-20 00:00:00+00:00,2026-08-20 00:00:00+00:00,1,1,1.52,1.52,0,0.14285714285714,1.0,,,,,,0.0,1,1,1,7,Other,Other,313.8,319.56,61.33
SOURCE_0416,23.69721,85.29251,227.64955954888,35.47180278718,0.0,2.1961348353351,60,Bare / sparse vegetation,66.32937429,0.0,1,2,1,0,0,mine,2026-08-20 00:00:00+00:00,2026-08-20 00:00:00+00:00,1,1,1.33,1.33,0,0.14285714285714,1.0,,,,,,0.0,1,1,1,7,Industrial,Other,313.32,318.99,60.67
SOURCE_0417,23.69448,85.28766,228.15792024242,35.184871299358,0.16279159476803,1.6387386099834,10,Tree cover,66.28608044,0.162791595,1,2,1,1,0,mine,2026-08-20 00:00:00+00:00,2026-08-20 00:00:00+00:00,1,1,1.44,1.44,0,0.14285714285714,1.0,,,,,,0.0,1,1,1,7,Industrial,Forest/Natural,313.6,319.32,95.33
SOURCE_0418,23.73912,85.00741,236.74204969635,12.636010453329,0.084670148378118,7.0923662202442,60,Bare / sparse vegetation,64.13877413,0.084670148,1,1,1,0,0,mine,2026-08-20 00:00:00+00:00,2026-08-20 00:00:00+00:00,1,1,1.92,1.92,0,0.14285714285714,1.0,,,,,,0.0,1,1,1,7,Industrial,Other,314.8,320.76,76.92
SOURCE_0419,13.39201,80.10139,31.275340434593,0.85922360725999,17.805036868111,0.61799912566911,30,Grassland,12.63940001,0.617999126,2,2,0,0,0,industrial_area,2026-08-20 00:00:00+00:00,2026-08-20 00:00:00+00:00,1,1,2.74,2.74,0,0.14285714285714,1.0,,,,,,0.0,1,1,1,7,Forest/Natural,Forest/Natural,316.85,323.22,94.67
SOURCE_0420,16.35903,81.28316,69.863812565268,38.706451884269,63.201947876547,15.581431202471,30,Grassland,46.83841088,15.5814312,0,0,0,0,0,industrial_area,2026-08-20 00:00:00+00:00,2026-08-20 00:00:00+00:00,1,1,2.97,2.97,0,0.14285714285714,1.0,,,,,,0.0,1,1,1,7,Forest/Natural,Forest/Natural,317.42,323.91,94.67
SOURCE_0421,18.68787,73.02982,39.516131645465,1.3017080472922,8.158211125096,0.0,50,Built-up,12.2440127,0.0,1,2,1,0,0,industrial_area,2026-08-20 00:00:00+00:00,2026-08-20 00:00:00+00:00,1,1,2.22,2.22,0,0.14285714285714,1.0,,,,,,0.0,1,1,1,7,Industrial,Industrial,315.55,321.66,84.67
SOURCE_0422,18.6829,73.02922,40.040892805324,1.3815504633789,8.4452825959755,0.0,40,Cropland,12.46693147,0.0,1,2,1,0,1,industrial_area,2026-08-20 00:00:00+00:00,2026-08-20 00:00:00+00:00,1,1,2.22,2.22,0,0.14285714285714,1.0,,,,,,0.0,1,1,1,7,Industrial,Agricultural,315.55,321.66,86.67
SOURCE_0423,12.03978,79.0528,161.15751669488,27.686417832474,27.903988161274,20.878293364794,40,Cropland,59.40655401,20.87829336,0,0,0,0,1,industrial_area,2026-08-20 00:00:00+00:00,2026-08-20 00:00:00+00:00,1,1,0.65,0.65,0,0.14285714285714,1.0,,,,,,0.0,1,1,1,7,Agricultural,Agricultural,311.62,316.95,88.0
SOURCE_0424,9.27709,78.06376,200.69638274305,7.2561130429806,10.220957639803,0.26262004569249,40,Cropland,54.60901837,0.262620046,1,1,1,0,1,industrial_area,2026-08-20 00:00:00+00:00,2026-08-20 00:00:00+00:00,1,1,0.86,0.86,0,0.14285714285714,1.0,,,,,,0.0,1,1,1,7,Industrial,Agricultural,312.15,317.58,87.33
SOURCE_0425,12.91629,77.42502,286.01559702216,6.0309125917817,2.5521199307972,1.0939312537492,40,Cropland,73.9231402,1.093931254,0,2,0,0,1,industrial_area,2026-08-20 00:00:00+00:00,2026-08-20 00:00:00+00:00,1,1,0.65,0.65,0,0.14285714285714,1.0,,,,,,0.0,1,1,1,7,Agricultural,Agricultural,311.62,316.95,88.0
SOURCE_0426,12.74548,77.62041,299.11178742502,14.415001385089,1.4410684785072,1.164480325016,30,Grassland,79.0330844,1.164480325,0,2,0,0,0,industrial_area,2026-08-20 00:00:00+00:00,2026-08-20 00:00:00+00:00,1,1,1.3,1.3,0,0.14285714285714,1.0,,,,,,0.0,1,1,1,7,Forest/Natural,Forest/Natural,313.25,318.9,94.0
SOURCE_0427,12.68491,76.4514,180.89895484224,9.0447930881787,22.500945149107,13.26165587933,40,Cropland,56.42658724,9.044793088,0,0,0,0,1,powerplant,2026-08-20 00:00:00+00:00,2026-08-20 00:00:00+00:00,1,1,1.91,1.91,0,0.14285714285714,1.0,,,,,,0.0,1,1,1,7,Agricultural,Agricultural,314.77,320.73,89.33
SOURCE_0428,12.04919,79.05791,161.77861213094,27.543981764569,26.691319723869,21.187895006284,10,Tree cover,59.30045216,21.18789501,0,0,0,1,0,industrial_area,2026-08-20 00:00:00+00:00,2026-08-20 00:00:00+00:00,1,1,1.4,1.4,0,0.14285714285714,1.0,,,,,,0.0,1,1,1,7,Forest/Natural,Forest/Natural,313.5,319.2,95.33
SOURCE_0429,25.93938,72.19437,0.12906356688847,3.2171997885585,28.31301598975,1.5155619297842,60,Bare / sparse vegetation,8.293710319,0.129063567,1,3,1,0,0,refinery,2026-08-20 00:00:00+00:00,2026-08-20 00:00:00+00:00,1,1,2.26,2.26,0,0.14285714285714,1.0,,,,,,0.0,1,1,1,7,Industrial,Other,315.65,321.78,77.26
SOURCE_0430,10.02387,77.57968,131.28493091375,3.5556738592956,1.9655500095609,2.0048562645263,40,Cropland,34.70275276,1.96555001,0,3,0,0,1,mine,2026-08-21 00:00:00+00:00,2026-08-21 00:00:00+00:00,1,1,13.65,13.65,0,0.14285714285714,1.0,,,,,,0.0,1,1,1,7,Agricultural,Agricultural,344.12,355.95,88.67
SOURCE_0431,10.01859,77.58141,131.4489370259,4.0690104836158,2.3128944903583,1.724234338494,40,Cropland,34.88876908,1.724234338,0,3,0,0,1,industrial_area,2026-08-21 00:00:00+00:00,2026-08-21 00:00:00+00:00,1,1,17.06,17.06,0,0.14285714285714,1.0,,,,,,0.0,1,1,1,7,Agricultural,Agricultural,352.65,366.18,88.67
SOURCE_0432,11.77683,78.67175,166.01601859167,41.700506406234,30.680514774509,21.346489068787,10,Tree cover,64.93588221,21.34648907,0,0,0,1,0,industrial_area,2026-08-21 00:00:00+00:00,2026-08-21 00:00:00+00:00,2,1,6.325,6.7,0,0.14285714285714,2.0,0.0,0.0,0.0,0.0,0.0,0.0,1,1,1,7,Forest/Natural,Forest/Natural,325.81,335.1,95.33
SOURCE_0433,12.3086,79.8354,109.42558859917,31.230786026776,11.941697146219,9.9403342708487,30,Grassland,40.63460151,9.940334271,0,0,0,0,0,industrial_area,2026-08-21 00:00:00+00:00,2026-08-21 00:00:00+00:00,1,1,2.32,2.32,0,0.14285714285714,1.0,,,,,,0.0,1,1,1,7,Forest/Natural,Forest/Natural,315.8,321.96,94.67
SOURCE_0434,13.40486,80.21468,26.629021228424,11.041474199431,21.352547046047,8.7121041197553,40,Cropland,16.93378665,8.71210412,0,0,0,0,1,industrial_area,2026-08-21 00:00:00+00:00,2026-08-21 00:00:00+00:00,1,1,3.1,3.1,0,0.14285714285714,1.0,,,,,,0.0,1,1,1,7,Agricultural,Agricultural,317.75,324.3,88.0
SOURCE_0435,14.67207,79.82387,178.40654805955,26.345091434705,46.471432542906,16.580202689186,10,Tree cover,66.95081868,16.58020269,0,0,0,1,0,industrial_area,2026-08-21 00:00:00+00:00,2026-08-21 00:00:00+00:00,1,1,2.82,2.82,0,0.14285714285714,1.0,,,,,,0.0,1,1,1,7,Forest/Natural,Forest/Natural,317.05,323.46,96.0
SOURCE_0436,14.78502,79.98163,187.00337128017,46.390754776183,66.263446700179,14.230313253235,40,Cropland,78.4719715,14.23031325,0,0,0,0,1,industrial_area,2026-08-21 00:00:00+00:00,2026-08-21 00:00:00+00:00,1,1,2.91,2.91,0,0.14285714285714,1.0,,,,,,0.0,1,1,1,7,Agricultural,Agricultural,317.27,323.73,88.0
SOURCE_0437,14.75264,79.70685,191.2568522728,17.542594629003,36.129073222487,17.480647673538,10,Tree cover,65.60229195,17.48064767,0,0,0,1,0,industrial_area,2026-08-21 00:00:00+00:00,2026-08-21 00:00:00+00:00,1,1,3.81,3.81,0,0.14285714285714,1.0,,,,,,0.0,1,1,1,7,Forest/Natural,Forest/Natural,319.52,326.43,96.0
SOURCE_0438,15.81428,80.01816,223.34255001657,19.418477863878,32.330309554752,2.6061884279413,10,Tree cover,69.42438147,2.606188428,0,1,0,1,0,industrial_area,2026-08-21 00:00:00+00:00,2026-08-21 00:00:00+00:00,1,1,2.83,2.83,0,0.14285714285714,1.0,,,,,,0.0,1,1,1,7,Forest/Natural,Forest/Natural,317.08,323.49,96.67
SOURCE_0439,15.74401,79.29642,302.05893678471,11.820208324466,5.4945085929599,2.2887869259064,20,Shrubland,80.41561016,2.288786926,0,1,0,0,0,industrial_area,2026-08-21 00:00:00+00:00,2026-08-21 00:00:00+00:00,1,1,7.04,7.04,0,0.14285714285714,1.0,,,,,,0.0,1,1,1,7,Forest/Natural,Forest/Natural,327.6,336.12,94.67
SOURCE_0440,16.60639,79.74261,239.76603737357,12.6954144941,5.8687884442234,6.0560903221828,40,Cropland,66.09658266,5.868788444,0,0,0,0,1,mine,2026-08-21 00:00:00+00:00,2026-08-21 00:00:00+00:00,1,1,2.15,2.15,0,0.14285714285714,1.0,,,,,,0.0,1,1,1,7,Agricultural,Agricultural,315.38,321.45,88.0
SOURCE_0441,17.49645,82.98081,36.582344250138,15.71119196743,25.267059307685,0.82047769236677,10,Tree cover,19.5952683,0.820477692,1,1,0,1,0,industrial_area,2026-08-21 00:00:00+00:00,2026-08-21 00:00:00+00:00,1,1,3.86,3.86,0,0.14285714285714,1.0,,,,,,0.0,1,1,1,7,Forest/Natural,Forest/Natural,319.65,326.58,98.0
SOURCE_0442,17.23297,79.42318,287.80640842558,10.892242678858,28.993876856696,14.560662405797,40,Cropland,85.56329759,10.89224268,0,0,0,0,1,powerplant,2026-08-21 00:00:00+00:00,2026-08-21 00:00:00+00:00,1,1,2.64,2.64,0,0.14285714285714,1.0,,,,,,0.0,1,1,1,7,Agricultural,Agricultural,316.6,322.92,88.0
SOURCE_0443,23.48346,87.3627,191.35668205931,0.35424246823204,13.91082895918,0.0,50,Built-up,51.40543837,0.0,2,2,1,0,0,industrial_area,2026-08-21 00:00:00+00:00,2026-08-21 00:00:00+00:00,1,1,5.06,5.06,0,0.14285714285714,1.0,,,,,,0.0,1,1,1,7,Industrial,Industrial,322.65,330.18,76.67
SOURCE_0444,25.79926,94.77165,144.90930674434,9.5293396759022,68.869422328798,71.01711019366,10,Tree cover,73.58129474,9.529339676,0,0,0,1,0,powerplant,2026-08-21 00:00:00+00:00,2026-08-21 00:00:00+00:00,1,1,5.49,5.49,0,0.14285714285714,1.0,,,,,,0.0,1,1,1,7,Forest/Natural,Forest/Natural,323.73,331.47,95.33
SOURCE_0445,29.04118,75.70134,137.96703751711,14.148359600695,23.718459260046,12.524690337472,60,Bare / sparse vegetation,47.08963668,12.52469034,0,0,0,0,0,industrial_area,2026-08-21 00:00:00+00:00,2026-08-21 00:00:00+00:00,1,1,6.91,6.91,0,0.14285714285714,1.0,,,,,,0.0,1,1,1,7,Other,Other,327.27,335.73,71.91
SOURCE_0446,27.68631,72.68755,219.89129627788,3.2644700384961,29.394758807551,28.034250654123,40,Cropland,70.14619394,3.264470038,0,1,0,0,1,powerplant,2026-08-21 00:00:00+00:00,2026-08-21 00:00:00+00:00,1,1,2.79,2.79,0,0.14285714285714,1.0,,,,,,0.0,1,1,1,7,Agricultural,Agricultural,316.98,323.37,91.33
SOURCE_0447,26.37232,71.21835,115.20726416752,11.852236906363,37.15956594556,11.852236906363,60,Bare / sparse vegetation,44.01782598,11.85223691,0,0,0,0,0,powerplant,2026-08-21 00:00:00+00:00,2026-08-21 00:00:00+00:00,1,1,2.65,2.65,0,0.14285714285714,1.0,,,,,,0.0,1,1,1,7,Other,Other,316.62,322.95,67.65
SOURCE_0448,27.43703,70.86094,233.21302766049,32.794907443143,32.36694396575,28.651600743805,20,Shrubland,81.75661995,28.65160074,0,0,0,0,0,industrial_area,2026-08-21 00:00:00+00:00,2026-08-21 00:00:00+00:00,1,1,3.58,3.58,0,0.14285714285714,1.0,,,,,,0.0,1,1,1,7,Forest/Natural,Forest/Natural,318.95,325.74,92.67
SOURCE_0449,23.6673,86.09382,215.00398282607,1.9878697872168,3.3522862818387,0.0,10,Tree cover,55.08603472,0.0,1,3,1,1,0,industrial_area,2026-08-21 00:00:00+00:00,2026-08-22 00:00:00+00:00,2,2,2.115,3.18,1,0.28571428571429,2.0,24.0,0.0,24.0,24.0,24.0,0.0,2,2,2,7,Industrial,Forest/Natural,315.29,324.54,88.67
SOURCE_0450,22.36089,87.01716,126.35319981867,17.576969139463,35.379303285071,3.6308471281954,60,Bare / sparse vegetation,45.73507984,3.630847128,0,1,0,0,0,industrial_area,2026-08-21 00:00:00+00:00,2026-08-21 00:00:00+00:00,2,1,0.94,0.94,0,0.14285714285714,2.0,0.0,0.0,0.0,0.0,0.0,0.0,1,1,1,7,Other,Other,312.35,317.82,65.94
SOURCE_0451,22.0553,88.1225,1.0987954981848,0.042830963163969,49.767027514249,0.0,50,Built-up,12.72716349,0.0,2,3,1,0,0,industrial_area,2026-08-21 00:00:00+00:00,2026-08-21 00:00:00+00:00,2,1,1.405,1.51,0,0.14285714285714,2.0,0.0,0.0,0.0,0.0,0.0,0.0,1,1,1,7,Industrial,Industrial,313.51,319.53,95.33
SOURCE_0452,18.57163,74.18153,150.63551862865,10.9458723854,19.954718687537,3.25585058555,40,Cropland,46.19799007,3.255850586,0,1,0,0,1,industrial_area,2026-08-21 00:00:00+00:00,2026-08-21 00:00:00+00:00,1,1,2.1,2.1,0,0.14285714285714,1.0,,,,,,0.0,1,1,1,7,Agricultural,Agricultural,315.25,321.3,89.33
SOURCE_0453,18.80127,74.25323,151.64156349302,22.326689459559,5.5568996922213,1.9544503288335,30,Grassland,45.36990074,1.954450329,0,1,0,0,0,industrial_area,2026-08-21 00:00:00+00:00,2026-08-21 00:00:00+00:00,1,1,1.25,1.25,0,0.14285714285714,1.0,,,,,,0.0,1,1,1,7,Forest/Natural,Forest/Natural,313.12,318.75,93.33
SOURCE_0454,22.35731,82.30456,512.8212180369,13.387726610229,0.0,13.387726610229,60,Bare / sparse vegetation,134.8991678,0.0,1,1,1,0,0,mine,2026-08-21 00:00:00+00:00,2026-08-21 00:00:00+00:00,1,1,1.99,1.99,0,0.14285714285714,1.0,,,,,,0.0,1,1,1,7,Industrial,Industrial,314.98,320.97,94.0
SOURCE_0455,22.35882,87.29031,97.597205186295,7.1795501727062,60.269510481339,0.0,50,Built-up,41.26156646,0.0,1,1,1,0,0,industrial_area,2026-08-21 00:00:00+00:00,2026-08-21 00:00:00+00:00,2,1,0.92,1.11,0,0.14285714285714,2.0,0.0,0.0,0.0,0.0,0.0,0.0,1,1,1,7,Industrial,Industrial,312.3,318.33,79.33
SOURCE_0456,14.87368,78.0514,314.92341182425,1.1045881022923,9.8940944195295,0.0,50,Built-up,81.48052359,0.0,1,2,1,0,0,industrial_area,2026-08-21 00:00:00+00:00,2026-08-21 00:00:00+00:00,1,1,0.81,0.81,0,0.14285714285714,1.0,,,,,,0.0,1,1,1,7,Industrial,Industrial,312.02,317.43,84.0
SOURCE_0457,15.18721,76.65808,321.19961520528,0.25203370095976,3.565724128403,0.0,60,Bare / sparse vegetation,81.25434326,0.0,2,3,1,0,0,industrial_area,2026-08-21 00:00:00+00:00,2026-08-21 00:00:00+00:00,1,1,1.44,1.44,0,0.14285714285714,1.0,,,,,,0.0,1,1,1,7,Industrial,Other,313.6,319.32,76.44
SOURCE_0458,15.3342,76.2795,311.12572317428,4.288299182122,2.0574221606929,0.0,60,Bare / sparse vegetation,79.36786113,0.0,1,3,1,0,0,industrial_area,2026-08-21 00:00:00+00:00,2026-08-21 00:00:00+00:00,1,1,0.52,0.52,0,0.14285714285714,1.0,,,,,,0.0,1,1,1,7,Industrial,Other,311.3,316.56,75.52
SOURCE_0459,27.0781,73.81679,224.82083937965,48.786008842713,21.117938662246,17.385903567334,60,Bare / sparse vegetation,78.02767261,17.38590357,0,0,0,0,0,industrial_area,2026-08-21 00:00:00+00:00,2026-08-21 00:00:00+00:00,1,1,0.74,0.74,0,0.14285714285714,1.0,,,,,,0.0,1,1,1,7,Other,Other,311.85,317.22,60.67
SOURCE_0460,24.82004,73.09278,169.7383620203,0.61315578439836,1.0947064181957,0.0,50,Built-up,42.86155606,0.0,2,3,1,0,0,industrial_area,2026-08-21 00:00:00+00:00,2026-08-21 00:00:00+00:00,1,1,0.92,0.92,0,0.14285714285714,1.0,,,,,,0.0,1,1,1,7,Industrial,Industrial,312.3,317.76,85.33
SOURCE_0461,27.1462,88.45207,243.25809119681,10.278751064474,52.266105104723,6.1831074620264,30,Grassland,77.99651371,6.183107462,0,0,0,0,0,industrial_area,2026-08-22 00:00:00+00:00,2026-08-22 00:00:00+00:00,1,1,5.8,5.8,0,0.14285714285714,1.0,,,,,,0.0,1,1,1,7,Forest/Natural,Forest/Natural,324.5,332.4,92.0
SOURCE_0462,9.18167,78.42713,241.03258271046,4.5592034112664,29.778185758045,4.2081394489574,40,Cropland,69.89452783,4.208139449,0,2,0,0,1,industrial_area,2026-08-22 00:00:00+00:00,2026-08-22 00:00:00+00:00,1,1,1.39,1.39,0,0.14285714285714,1.0,,,,,,0.0,1,1,1,7,Agricultural,Agricultural,313.48,319.17,88.0
SOURCE_0463,9.45034,78.84183,188.95499877635,11.109416468798,43.896144600882,10.522444166007,20,Shrubland,63.620751,10.52244417,0,0,0,0,0,industrial_area,2026-08-22 00:00:00+00:00,2026-08-22 00:00:00+00:00,1,1,5.93,5.93,0,0.14285714285714,1.0,,,,,,0.0,1,1,1,7,Forest/Natural,Forest/Natural,324.82,332.79,94.0
SOURCE_0464,9.42338,78.84542,191.24118591263,8.418320538096,45.419801274779,7.453976875205,20,Shrubland,63.13332115,7.453976875,0,0,0,0,0,industrial_area,2026-08-22 00:00:00+00:00,2026-08-22 00:00:00+00:00,1,1,3.0,3.0,0,0.14285714285714,1.0,,,,,,0.0,1,1,1,7,Forest/Natural,Forest/Natural,317.5,324.0,93.33
SOURCE_0465,9.2724,77.87881,182.11906349081,1.3570988710815,15.042659948848,1.3570988710815,30,Grassland,49.9689803,1.357098871,0,2,0,0,0,powerplant,2026-08-22 00:00:00+00:00,2026-08-22 00:00:00+00:00,1,1,2.79,2.79,0,0.14285714285714,1.0,,,,,,0.0,1,1,1,7,Forest/Natural,Forest/Natural,316.98,323.37,94.0
SOURCE_0466,27.43514,70.78793,238.09612791514,24.799485705166,25.410634185627,27.545261616433,40,Cropland,78.96287736,24.79948571,0,0,0,0,1,powerplant,2026-08-22 00:00:00+00:00,2026-08-22 00:00:00+00:00,1,1,3.19,3.19,0,0.14285714285714,1.0,,,,,,0.0,1,1,1,7,Agricultural,Agricultural,317.98,324.57,88.67
SOURCE_0467,27.46791,95.42184,23.529189651382,0.15476179772229,14.686021465073,3.7256673088316,10,Tree cover,10.52391006,0.154761798,1,2,1,1,0,powerplant,2026-08-22 00:00:00+00:00,2026-08-22 00:00:00+00:00,1,1,0.75,0.75,0,0.14285714285714,1.0,,,,,,0.0,1,1,1,7,Industrial,Forest/Natural,311.88,317.25,96.0
SOURCE_0468,27.90663,95.66188,64.269340206586,60.719231895329,59.02152840939,40.333062202024,10,Tree cover,56.08579068,40.3330622,0,0,0,1,0,industrial_area,2026-08-22 00:00:00+00:00,2026-08-22 00:00:00+00:00,1,1,3.67,3.67,0,0.14285714285714,1.0,,,,,,0.0,1,1,1,7,Forest/Natural,Forest/Natural,319.18,326.01,96.0
SOURCE_0469,23.7768,85.99547,201.84559860159,11.982930954746,0.2164144162193,1.680922306648,10,Tree cover,53.93146657,0.216414416,1,2,1,1,0,mine,2026-08-22 00:00:00+00:00,2026-08-22 00:00:00+00:00,1,1,0.83,0.83,0,0.14285714285714,1.0,,,,,,0.0,1,1,1,7,Industrial,Forest/Natural,312.08,317.49,95.33
SOURCE_0470,23.7721,85.99903,202.4009073043,12.449640230575,0.15039730621583,2.0289767920911,10,Tree cover,54.25748041,0.150397306,1,2,1,1,0,mine,2026-08-22 00:00:00+00:00,2026-08-22 00:00:00+00:00,1,1,0.33,0.33,0,0.14285714285714,1.0,,,,,,0.0,1,1,1,7,Industrial,Forest/Natural,310.82,315.99,96.0
SOURCE_0471,23.72299,86.42089,211.84375198763,11.652677926464,0.8494380002906,3.2351557690057,30,Grassland,56.89525592,0.849438,1,2,0,0,0,mine,2026-08-22 00:00:00+00:00,2026-08-23 00:00:00+00:00,4,2,1.3525,1.41,1,0.28571428571429,4.0,8.0,11.313708498985,0.0,0.0,24.0,0.081210303141612,2,2,2,7,Forest/Natural,Forest/Natural,313.38,319.23,91.33
SOURCE_0472,23.71651,86.44041,213.02778605782,11.554939366845,0.017203840085577,4.6379718816517,30,Grassland,57.30947529,0.01720384,1,2,1,0,0,mine,2026-08-22 00:00:00+00:00,2026-08-23 00:00:00+00:00,2,2,1.755,2.13,1,0.28571428571429,2.0,24.0,0.0,24.0,24.0,24.0,0.0,2,2,2,7,Industrial,Forest/Natural,314.39,321.39,89.33
SOURCE_0473,23.71429,86.42374,212.94195828427,12.461304231472,0.58496320971464,2.8386760965192,60,Bare / sparse vegetation,57.20672546,0.58496321,1,2,0,0,0,mine,2026-08-22 00:00:00+00:00,2026-08-23 00:00:00+00:00,2,2,2.05,2.23,1,0.28571428571429,2.0,24.0,0.0,24.0,24.0,24.0,0.0,2,2,2,7,Other,Other,315.12,321.69,67.05
SOURCE_0474,23.77917,86.37136,204.15472607399,11.52267455353,0.0,2.2706890054377,60,Bare / sparse vegetation,54.48702241,0.0,1,2,1,0,0,mine,2026-08-22 00:00:00+00:00,2026-08-22 00:00:00+00:00,1,1,1.09,1.09,0,0.14285714285714,1.0,,,,,,0.0,1,1,1,7,Industrial,Other,312.73,318.27,60.0
SOURCE_0475,23.77603,86.36266,204.37506545209,12.561316051701,0.0,2.6076263969333,60,Bare / sparse vegetation,54.88600198,0.0,1,2,1,0,0,mine,2026-08-22 00:00:00+00:00,2026-08-22 00:00:00+00:00,4,1,0.965,1.14,0,0.14285714285714,4.0,0.0,0.0,0.0,0.0,0.0,1.0,1,1,1,7,Industrial,Other,312.41,318.42,75.97
SOURCE_0476,23.76388,86.39387,206.41207063317,10.012530493222,0.0,1.0800146022422,60,Bare / sparse vegetation,54.37615393,0.0,1,2,1,0,0,mine,2026-08-22 00:00:00+00:00,2026-08-22 00:00:00+00:00,1,1,3.06,3.06,0,0.14285714285714,1.0,,,,,,0.0,1,1,1,7,Industrial,Other,317.65,324.18,78.06
SOURCE_0477,23.616,86.79124,235.32914669033,9.2044269104721,9.7548203128968,5.1540371811153,50,Built-up,64.86060777,5.154037181,0,0,1,0,0,industrial_area,2026-08-22 00:00:00+00:00,2026-08-22 00:00:00+00:00,1,1,0.82,0.82,0,0.14285714285714,1.0,,,,,,0.0,1,1,1,7,Industrial,Industrial,312.05,317.46,83.33
SOURCE_0478,23.68847,86.08707,212.42299044518,0.35680745494655,2.2838085780547,0.0,60,Bare / sparse vegetation,53.76590162,0.0,2,3,1,0,0,industrial_area,2026-08-22 00:00:00+00:00,2026-08-22 00:00:00+00:00,1,1,1.1,1.1,0,0.14285714285714,1.0,,,,,,0.0,1,1,1,7,Industrial,Industrial,312.75,318.3,76.1
SOURCE_0479,23.82208,84.5723,256.04720017264,39.024825175582,12.538916103942,14.897138820174,40,Cropland,80.62702007,12.5389161,0,0,0,0,1,mine,2026-08-22 00:00:00+00:00,2026-08-22 00:00:00+00:00,1,1,1.33,1.33,0,0.14285714285714,1.0,,,,,,0.0,1,1,1,7,Agricultural,Agricultural,313.32,318.99,92.67
SOURCE_0480,23.60728,85.67543,226.28558040724,16.920016107372,0.0,1.5519562161076,30,Grassland,61.18938818,0.0,1,2,1,0,0,mine,2026-08-22 00:00:00+00:00,2026-08-22 00:00:00+00:00,1,1,1.5,1.5,0,0.14285714285714,1.0,,,,,,0.0,1,1,1,7,Industrial,Forest/Natural,313.75,319.5,90.67
SOURCE_0481,23.66484,84.99831,245.13717192951,21.675356936803,0.074641001702037,1.2799674487604,30,Grassland,67.04178433,0.074641002,1,2,1,0,0,mine,2026-08-22 00:00:00+00:00,2026-08-22 00:00:00+00:00,1,1,1.88,1.88,0,0.14285714285714,1.0,,,,,,0.0,1,1,1,7,Industrial,Forest/Natural,314.7,320.64,92.0
SOURCE_0482,22.79656,86.20597,229.31947174221,0.25851905828099,5.3387612885328,0.0,10,Tree cover,58.72918802,0.0,2,2,1,1,0,industrial_area,2026-08-22 00:00:00+00:00,2026-08-22 00:00:00+00:00,1,1,1.51,1.51,0,0.14285714285714,1.0,,,,,,0.0,1,1,1,7,Industrial,Forest/Natural,313.77,319.53,77.33
SOURCE_0483,22.79196,86.20944,228.74718505686,0.13689695922414,5.1834462057659,0.0,50,Built-up,58.51688206,0.0,2,2,1,0,0,industrial_area,2026-08-22 00:00:00+00:00,2026-08-22 00:00:00+00:00,1,1,1.56,1.56,0,0.14285714285714,1.0,,,,,,0.0,1,1,1,7,Industrial,Industrial,313.9,319.68,85.33
SOURCE_0484,22.58739,85.90622,252.79192464833,13.33467901863,8.230255880284,0.0,50,Built-up,68.58921489,0.0,1,1,1,0,0,industrial_area,2026-08-22 00:00:00+00:00,2026-08-22 00:00:00+00:00,1,1,0.5,0.5,0,0.14285714285714,1.0,,,,,,0.0,1,1,1,7,Industrial,Industrial,311.25,316.5,84.0
SOURCE_0485,22.57158,85.89577,253.44076165078,15.237444244238,10.191705327918,0.032212060868783,10,Tree cover,69.72553082,0.032212061,1,1,1,1,0,industrial_area,2026-08-22 00:00:00+00:00,2026-08-22 00:00:00+00:00,1,1,1.74,1.74,0,0.14285714285714,1.0,,,,,,0.0,1,1,1,7,Industrial,Forest/Natural,314.35,320.22,94.0
SOURCE_0486,20.95187,86.04675,100.88788200914,0.2439983140272,11.363701821765,0.0,50,Built-up,28.12389554,0.0,2,2,1,0,0,industrial_area,2026-08-22 00:00:00+00:00,2026-08-22 00:00:00+00:00,1,1,2.11,2.11,0,0.14285714285714,1.0,,,,,,0.0,1,1,1,7,Industrial,Industrial,315.27,321.33,98.0
SOURCE_0487,10.59398,78.44864,153.4767834313,13.268662920795,12.065201467453,1.9444804655264,40,Cropland,45.18878207,1.944480466,0,1,0,0,1,industrial_area,2026-08-22 00:00:00+00:00,2026-08-22 00:00:00+00:00,1,1,1.01,1.01,0,0.14285714285714,1.0,,,,,,0.0,1,1,1,7,Agricultural,Agricultural,312.52,318.03,88.0
SOURCE_0488,10.08148,77.23804,93.98452725436,13.020162222766,13.243980166203,4.3534121950029,30,Grassland,31.15052046,4.353412195,0,1,0,0,0,industrial_area,2026-08-22 00:00:00+00:00,2026-08-22 00:00:00+00:00,2,1,1.51,1.61,0,0.14285714285714,2.0,0.0,0.0,0.0,0.0,0.0,0.0,1,1,1,7,Forest/Natural,Forest/Natural,313.77,319.83,93.33
SOURCE_0489,24.6572,73.87634,86.273329539133,1.0336240526633,6.684388127853,0.0,50,Built-up,23.49783543,0.0,1,2,1,0,0,industrial_area,2026-08-22 00:00:00+00:00,2026-08-23 00:00:00+00:00,2,2,1.165,1.25,1,0.28571428571429,2.0,24.0,0.0,24.0,24.0,24.0,0.0,2,2,2,7,Industrial,Industrial,312.91,318.75,82.0
SOURCE_0490,23.40824,72.41575,144.63452006338,13.279162027929,64.697475498079,0.32813256813076,40,Cropland,55.73482254,0.328132568,1,1,1,0,1,industrial_area,2026-08-22 00:00:00+00:00,2026-08-22 00:00:00+00:00,1,1,0.72,0.72,0,0.14285714285714,1.0,,,,,,0.0,1,1,1,7,Industrial,Agricultural,311.8,317.16,87.33
SOURCE_0491,21.43299,72.97752,112.50463369087,4.9074957638388,12.968999844837,1.4955792819846,40,Cropland,32.96917715,1.495579282,0,2,0,0,1,industrial_area,2026-08-22 00:00:00+00:00,2026-08-22 00:00:00+00:00,2,1,1.865,2.15,0,0.14285714285714,2.0,0.0,0.0,0.0,0.0,0.0,0.0,1,1,1,7,Agricultural,Agricultural,314.66,321.45,91.33
SOURCE_0492,9.62576,77.42727,120.45309969708,17.165414544563,23.192405352945,23.359316303851,10,Tree cover,46.04255897,17.16541454,0,0,0,1,0,powerplant,2026-08-22 00:00:00+00:00,2026-08-22 00:00:00+00:00,1,1,3.12,3.12,0,0.14285714285714,1.0,,,,,,0.0,1,1,1,7,Forest/Natural,Forest/Natural,317.8,324.36,96.0
SOURCE_0493,28.08151,95.72957,86.996836641243,83.902032987862,81.219946024,59.405265012925,40,Cropland,77.88102017,59.40526501,0,0,0,0,1,industrial_area,2026-08-23 00:00:00+00:00,2026-08-23 00:00:00+00:00,1,1,3.99,3.99,0,0.14285714285714,1.0,,,,,,0.0,1,1,1,7,Agricultural,Agricultural,319.98,326.97,87.33
SOURCE_0494,27.96467,96.95645,164.90182131262,153.15111150346,124.12435543188,92.430698218911,10,Tree cover,133.6519966,92.43069822,0,0,0,1,0,industrial_area,2026-08-23 00:00:00+00:00,2026-08-23 00:00:00+00:00,1,1,10.19,10.19,0,0.14285714285714,1.0,,,,,,0.0,1,1,1,7,Forest/Natural,Forest/Natural,335.48,345.57,96.67
SOURCE_0495,10.66683,78.1728,182.81840067508,5.597036067522,8.0799715812578,5.597036067522,40,Cropland,50.5231111,5.597036068,0,0,0,0,1,powerplant,2026-08-23 00:00:00+00:00,2026-08-23 00:00:00+00:00,1,1,2.35,2.35,0,0.14285714285714,1.0,,,,,,0.0,1,1,1,7,Agricultural,Agricultural,315.88,322.05,88.67
SOURCE_0496,11.0347,77.14651,146.29395114599,11.967940965462,5.9254276002584,0.25162021789302,50,Built-up,41.10973498,0.251620218,1,1,1,0,0,industrial_area,2026-08-23 00:00:00+00:00,2026-08-23 00:00:00+00:00,1,1,3.86,3.86,0,0.14285714285714,1.0,,,,,,0.0,1,1,1,7,Industrial,Industrial,319.65,326.58,81.33
SOURCE_0497,8.42499,77.62149,220.38200070624,16.343683498554,8.6285055133009,3.2964674394645,10,Tree cover,62.16266429,3.296467439,0,1,0,1,0,industrial_area,2026-08-23 00:00:00+00:00,2026-08-23 00:00:00+00:00,1,1,8.42,8.42,0,0.14285714285714,1.0,,,,,,0.0,1,1,1,7,Forest/Natural,Forest/Natural,331.05,340.26,94.67
SOURCE_0498,8.8975,77.86558,202.70962044369,1.7931619049915,9.4898623371877,1.7931619049915,40,Cropland,53.94645165,1.793161905,0,2,0,0,1,powerplant,2026-08-23 00:00:00+00:00,2026-08-23 00:00:00+00:00,7,1,6.33,9.02,0,0.14285714285714,7.0,0.0,0.0,0.0,0.0,0.0,1.0,1,1,1,7,Agricultural,Agricultural,325.82,342.06,88.0
SOURCE_0499,9.2187,77.62897,160.56276290835,7.4415478501374,10.740856230975,7.4415478501374,50,Built-up,46.54667871,7.44154785,0,0,1,0,0,powerplant,2026-08-23 00:00:00+00:00,2026-08-23 00:00:00+00:00,1,1,10.49,10.49,0,0.14285714285714,1.0,,,,,,0.0,1,1,1,7,Industrial,Industrial,336.22,346.47,78.67
SOURCE_0500,9.193,77.37519,139.11717410778,20.801432849894,11.24113770766,9.1211400463374,30,Grassland,45.07022118,9.121140046,0,0,0,0,0,industrial_area,2026-08-23 00:00:00+00:00,2026-08-23 00:00:00+00:00,1,1,3.7,3.7,0,0.14285714285714,1.0,,,,,,0.0,1,1,1,7,Forest/Natural,Forest/Natural,319.25,326.1,94.0
SOURCE_0501,9.22068,77.46474,145.19654207283,10.358284895133,14.937561876026,8.3148783553389,20,Shrubland,44.7018168,8.314878355,0,0,0,0,0,industrial_area,2026-08-23 00:00:00+00:00,2026-08-23 00:00:00+00:00,1,1,3.71,3.71,0,0.14285714285714,1.0,,,,,,0.0,1,1,1,7,Forest/Natural,Forest/Natural,319.27,326.13,94.0
SOURCE_0502,9.28461,77.43481,138.35881414228,13.959752715082,7.894376601532,3.3227365970535,40,Cropland,40.88392001,3.322736597,0,1,0,0,1,industrial_area,2026-08-23 00:00:00+00:00,2026-08-23 00:00:00+00:00,1,1,1.94,1.94,0,0.14285714285714,1.0,,,,,,0.0,1,1,1,7,Agricultural,Agricultural,314.85,320.82,89.33
SOURCE_0503,9.2728,77.32723,129.37939196231,25.479552069893,15.907262245624,8.5004767531567,30,Grassland,44.81667076,8.500476753,0,0,0,0,0,industrial_area,2026-08-23 00:00:00+00:00,2026-08-23 00:00:00+00:00,1,1,3.22,3.22,0,0.14285714285714,1.0,,,,,,0.0,1,1,1,7,Forest/Natural,Forest/Natural,318.05,324.66,94.0
SOURCE_0504,10.10984,77.73901,149.73603825561,1.7161250614842,13.544921653072,1.7161250614842,40,Cropland,41.67830251,1.716125061,0,2,0,0,1,powerplant,2026-08-23 00:00:00+00:00,2026-08-23 00:00:00+00:00,1,1,3.0,3.0,0,0.14285714285714,1.0,,,,,,0.0,1,1,1,7,Agricultural,Agricultural,317.5,324.0,88.67
SOURCE_0505,8.9486,77.96073,208.08614341149,6.0684367429457,2.7868818983616,6.0684367429457,40,Cropland,55.7524747,2.786881898,0,1,0,0,1,mine,2026-08-23 00:00:00+00:00,2026-08-23 00:00:00+00:00,1,1,4.0,4.0,0,0.14285714285714,1.0,,,,,,0.0,1,1,1,7,Agricultural,Agricultural,320.0,327.0,88.67
SOURCE_0506,9.44357,78.05501,193.26237703365,0.0,6.0082933180983,0.0,50,Built-up,49.81766759,0.0,2,2,1,0,0,powerplant,2026-08-23 00:00:00+00:00,2026-08-23 00:00:00+00:00,1,1,12.43,12.43,0,0.14285714285714,1.0,,,,,,0.0,1,1,1,7,Industrial,Industrial,341.08,352.29,77.33
SOURCE_0507,9.90945,78.20588,200.93191124832,13.064105421367,3.0215959426361,2.0822032365462,20,Shrubland,54.77495396,2.082203237,0,2,0,0,0,industrial_area,2026-08-23 00:00:00+00:00,2026-08-23 00:00:00+00:00,1,1,12.59,12.59,0,0.14285714285714,1.0,,,,,,0.0,1,1,1,7,Forest/Natural,Forest/Natural,341.48,352.77,93.33
SOURCE_0508,9.89958,77.78525,154.18877687244,5.1662611670598,17.450978333032,5.1662611670598,40,Cropland,45.49306938,5.166261167,0,0,0,0,1,powerplant,2026-08-23 00:00:00+00:00,2026-08-23 00:00:00+00:00,1,1,13.81,13.81,0,0.14285714285714,1.0,,,,,,0.0,1,1,1,7,Agricultural,Agricultural,344.52,356.43,88.67
SOURCE_0509,15.36111,78.60121,312.48245197429,40.091511456139,39.914623937416,20.151710318115,10,Tree cover,103.1600744,20.15171032,0,0,0,1,0,industrial_area,2026-08-23 00:00:00+00:00,2026-08-23 00:00:00+00:00,1,1,4.05,4.05,0,0.14285714285714,1.0,,,,,,0.0,1,1,1,7,Forest/Natural,Forest/Natural,320.12,327.15,97.33
SOURCE_0510,16.113,78.21188,408.46271459976,33.464152560883,46.52527094116,12.925840642522,40,Cropland,125.3444947,12.92584064,0,0,0,0,1,industrial_area,2026-08-23 00:00:00+00:00,2026-08-23 00:00:00+00:00,1,1,3.53,3.53,0,0.14285714285714,1.0,,,,,,0.0,1,1,1,7,Agricultural,Agricultural,318.82,325.59,88.67
SOURCE_0511,14.26653,79.79261,135.72020726827,32.557007063818,9.7815081487654,10.579309496896,10,Tree cover,47.15950799,9.781508149,0,0,0,1,0,mine,2026-08-23 00:00:00+00:00,2026-08-23 00:00:00+00:00,1,1,2.2,2.2,0,0.14285714285714,1.0,,,,,,0.0,1,1,1,7,Forest/Natural,Forest/Natural,315.5,321.6,95.33
SOURCE_0512,29.47683,76.85993,0.0,1.9275904101832,83.561058764752,0.0,50,Built-up,21.37216229,0.0,2,3,1,0,0,refinery,2026-08-23 00:00:00+00:00,2026-08-23 00:00:00+00:00,2,1,5.935,11.04,0,0.14285714285714,2.0,0.0,0.0,0.0,0.0,0.0,0.0,1,1,1,7,Industrial,Industrial,324.84,348.12,76.67
SOURCE_0513,23.54908,87.2466,204.2749048727,0.11333730805743,1.4341894039283,0.0,50,Built-up,51.4556079,0.0,2,3,1,0,0,industrial_area,2026-08-23 00:00:00+00:00,2026-08-23 00:00:00+00:00,1,1,1.92,1.92,0,0.14285714285714,1.0,,,,,,0.0,1,1,1,7,Industrial,Industrial,314.8,320.76,92.0
SOURCE_0514,27.53554,95.39848,30.006498494638,8.4810786554615,8.4846486754924,6.5261662360593,10,Tree cover,13.37459802,6.526166236,0,0,0,1,0,industrial_area,2026-08-23 00:00:00+00:00,2026-08-23 00:00:00+00:00,1,1,0.28,0.28,0,0.14285714285714,1.0,,,,,,0.0,1,1,1,7,Forest/Natural,Forest/Natural,310.7,315.84,96.67
SOURCE_0515,22.24316,87.38877,82.66243505583,0.0,76.617380542245,13.464474653727,10,Tree cover,43.18607256,0.0,1,1,1,1,0,powerplant,2026-08-23 00:00:00+00:00,2026-08-23 00:00:00+00:00,1,1,1.74,1.74,0,0.14285714285714,1.0,,,,,,0.0,1,1,1,7,Industrial,Forest/Natural,314.35,320.22,95.33
SOURCE_0516,24.11958,86.35051,162.93459239436,40.206767712399,6.0209152667852,0.0,60,Bare / sparse vegetation,52.29056884,0.0,1,1,1,0,0,industrial_area,2026-08-23 00:00:00+00:00,2026-08-23 00:00:00+00:00,1,1,1.21,1.21,0,0.14285714285714,1.0,,,,,,0.0,1,1,1,7,Industrial,Other,313.02,318.63,60.67
SOURCE_0517,23.76707,86.37955,205.75732606656,11.219726618875,0.0,0.55239915343891,60,Bare / sparse vegetation,54.38236296,0.0,2,2,1,0,0,mine,2026-08-23 00:00:00+00:00,2026-08-23 00:00:00+00:00,1,1,1.8,1.8,0,0.14285714285714,1.0,,,,,,0.0,1,1,1,7,Industrial,Other,314.5,320.4,76.8
SOURCE_0518,23.61102,87.14495,216.30451041814,5.9260551141225,3.4894222931169,0.0,50,Built-up,56.42999696,0.0,1,2,1,0,0,industrial_area,2026-08-23 00:00:00+00:00,2026-08-23 00:00:00+00:00,2,1,1.915,2.08,0,0.14285714285714,2.0,0.0,0.0,0.0,0.0,0.0,0.0,1,1,1,7,Industrial,Industrial,314.79,321.24,81.33
SOURCE_0519,31.2488,76.9297,227.98043251906,18.330897356267,3.3805406127825,0.0,50,Built-up,62.42296762,0.0,1,2,1,0,0,industrial_area,2026-08-23 00:00:00+00:00,2026-08-24 00:00:00+00:00,2,2,0.42,0.46,1,0.28571428571429,2.0,24.0,0.0,24.0,24.0,24.0,0.0,2,2,2,7,Industrial,Industrial,311.05,316.38,79.33
SOURCE_0520,29.35825,76.95921,13.969659857403,5.2488298833103,66.874863204823,0.0,50,Built-up,21.52333824,0.0,1,1,1,0,0,industrial_area,2026-08-23 00:00:00+00:00,2026-08-23 00:00:00+00:00,1,1,1.47,1.47,0,0.14285714285714,1.0,,,,,,0.0,1,1,1,7,Industrial,Industrial,313.68,319.41,80.0
SOURCE_0521,29.12311,75.77846,127.01363229739,1.6938768180018,28.539589112494,0.0,50,Built-up,39.31177456,0.0,1,2,1,0,0,industrial_area,2026-08-23 00:00:00+00:00,2026-08-24 00:00:00+00:00,2,2,1.385,2.22,1,0.28571428571429,2.0,24.0,0.0,24.0,24.0,24.0,0.0,2,2,2,7,Industrial,Industrial,313.46,321.66,76.67
SOURCE_0522,23.3138,70.48741,132.76824569246,10.11540381556,21.835997939502,0.029950604220599,60,Bare / sparse vegetation,41.18739951,0.029950604,1,1,1,0,0,industrial_area,2026-08-23 00:00:00+00:00,2026-08-24 00:00:00+00:00,2,2,1.42,1.6,1,0.28571428571429,2.0,24.0,0.0,24.0,24.0,24.0,0.0,2,2,2,7,Industrial,Other,313.55,319.8,76.42
SOURCE_0523,22.57408,70.22664,44.9947963782,0.72685687182226,44.217512716157,0.72685687182226,40,Cropland,22.66650571,0.726856872,2,2,0,0,1,powerplant,2026-08-23 00:00:00+00:00,2026-08-23 00:00:00+00:00,1,1,1.72,1.72,0,0.14285714285714,1.0,,,,,,0.0,1,1,1,7,Agricultural,Agricultural,314.3,320.16,91.33
SOURCE_0524,19.93539,73.71249,140.21493377374,19.199577056073,0.0,0.12618638582436,30,Grassland,39.8851743,0.0,2,2,1,0,0,mine,2026-08-23 00:00:00+00:00,2026-08-24 00:00:00+00:00,2,2,1.375,2.2,1,0.28571428571429,2.0,24.0,0.0,24.0,24.0,24.0,0.0,2,2,2,7,Industrial,Forest/Natural,313.44,321.6,93.33
SOURCE_0525,19.04779,73.11804,23.611894877849,12.448330232144,1.923676887309,0.54435782408944,40,Cropland,9.632064955,0.544357824,1,2,0,0,1,industrial_area,2026-08-23 00:00:00+00:00,2026-08-23 00:00:00+00:00,2,1,1.605,1.71,0,0.14285714285714,2.0,0.0,0.0,0.0,0.0,0.0,0.0,1,1,1,7,Agricultural,Agricultural,314.01,320.13,86.67
SOURCE_0526,27.28774,73.83964,243.61947084455,46.364443364047,33.334077185029,16.42553462586,40,Cropland,84.9358815,16.42553463,0,0,0,0,1,industrial_area,2026-08-23 00:00:00+00:00,2026-08-23 00:00:00+00:00,1,1,1.09,1.09,0,0.14285714285714,1.0,,,,,,0.0,1,1,1,7,Agricultural,Agricultural,312.73,318.27,91.33
SOURCE_0527,26.87672,73.51546,182.89771358381,14.097880780383,0.45219096154277,14.097880780383,50,Built-up,52.88641653,0.452190962,1,1,1,0,0,mine,2026-08-23 00:00:00+00:00,2026-08-23 00:00:00+00:00,1,1,1.63,1.63,0,0.14285714285714,1.0,,,,,,0.0,1,1,1,7,Industrial,Industrial,314.08,319.89,84.67
SOURCE_0528,11.13734,77.35052,169.22997870444,8.26702708731,8.8580170716623,0.48469926844385,40,Cropland,46.70993053,0.484699268,1,1,1,0,1,industrial_area,2026-08-23 00:00:00+00:00,2026-08-23 00:00:00+00:00,1,1,1.5,1.5,0,0.14285714285714,1.0,,,,,,0.0,1,1,1,7,Industrial,Agricultural,313.75,319.5,88.0
SOURCE_0529,9.13882,78.25266,226.21017246522,8.9209616055565,18.915051601643,8.9209616055565,20,Shrubland,65.74178682,8.920961606,0,0,0,0,0,powerplant,2026-08-24 00:00:00+00:00,2026-08-24 00:00:00+00:00,1,1,6.03,6.03,0,0.14285714285714,1.0,,,,,,0.0,1,1,1,7,Forest/Natural,Forest/Natural,325.08,333.09,92.67
SOURCE_0530,10.44382,79.63159,47.359609950437,22.691892013158,18.322612321668,2.9413164889517,90,Herbaceous wetland,22.82885769,2.941316489,0,1,0,0,0,industrial_area,2026-08-24 00:00:00+00:00,2026-08-24 00:00:00+00:00,3,1,3.01,3.01,0,0.14285714285714,3.0,0.0,0.0,0.0,0.0,0.0,1.0,1,1,1,7,Other,Other,317.52,324.03,71.33
SOURCE_0531,9.04358,78.21024,226.64493365773,13.002434165843,22.450585929667,2.6224168893264,10,Tree cover,66.18009266,2.622416889,0,1,0,1,0,industrial_area,2026-08-24 00:00:00+00:00,2026-08-24 00:00:00+00:00,1,1,3.33,3.33,0,0.14285714285714,1.0,,,,,,0.0,1,1,1,7,Forest/Natural,Forest/Natural,318.32,324.99,96.0
SOURCE_0532,31.30223,75.0976,177.11684092444,10.987657210776,13.985843183876,7.0654628998267,40,Cropland,52.28895105,7.0654629,0,0,0,0,1,industrial_area,2026-08-24 00:00:00+00:00,2026-08-24 00:00:00+00:00,1,1,2.69,2.69,0,0.14285714285714,1.0,,,,,,0.0,1,1,1,7,Agricultural,Agricultural,316.73,323.07,90.0
SOURCE_0533,31.32664,76.89409,238.01278104933,7.4744133479777,0.97309936695982,0.002685484456322,60,Bare / sparse vegetation,61.61574481,0.002685484,2,2,1,0,0,industrial_area,2026-08-24 00:00:00+00:00,2026-08-24 00:00:00+00:00,1,1,0.76,0.76,0,0.14285714285714,1.0,,,,,,0.0,1,1,1,7,Industrial,Other,311.9,317.28,75.76
SOURCE_0534,23.69767,85.35781,225.00959347271,41.843640662622,0.10515920292883,2.6342223102939,10,Tree cover,67.39815391,0.105159203,1,2,1,1,0,mine,2026-08-24 00:00:00+00:00,2026-08-24 00:00:00+00:00,2,1,0.99,1.08,0,0.14285714285714,2.0,0.0,0.0,0.0,0.0,0.0,0.0,1,1,1,7,Industrial,Forest/Natural,312.48,318.24,96.0
SOURCE_0535,15.14153,76.96049,339.43470898406,12.546998702297,9.1014448787265,0.0,60,Bare / sparse vegetation,90.27078814,0.0,1,1,1,0,0,industrial_area,2026-08-25 00:00:00+00:00,2026-08-25 00:00:00+00:00,1,1,1.82,1.82,0,0.14285714285714,1.0,,,,,,0.0,1,1,1,7,Industrial,Other,314.55,320.46,76.82
SOURCE_0536,28.70671,76.85614,93.840568482593,3.4185890989804,24.221808286639,1.7052596710061,40,Cropland,30.79655638,1.705259671,0,2,0,0,1,industrial_area,2026-08-25 00:00:00+00:00,2026-08-25 00:00:00+00:00,1,1,1.35,1.35,0,0.14285714285714,1.0,,,,,,0.0,1,1,1,7,Agricultural,Agricultural,313.38,319.05,92.0
SOURCE_0537,18.69251,73.03823,39.346903809132,0.72829071746558,7.0902923424994,0.0,50,Built-up,11.79137172,0.0,2,2,1,0,0,industrial_area,2026-08-25 00:00:00+00:00,2026-08-25 00:00:00+00:00,2,1,2.84,3.2,0,0.14285714285714,2.0,0.0,0.0,0.0,0.0,0.0,0.0,1,1,1,7,Industrial,Industrial,317.1,324.6,84.0
SOURCE_0538,18.67913,73.0365,40.739702084571,0.93220917435025,7.9250651399142,0.088970582800715,95,Mangroves,12.42148675,0.088970583,2,2,1,1,0,industrial_area,2026-08-25 00:00:00+00:00,2026-08-25 00:00:00+00:00,1,1,4.0,4.0,0,0.14285714285714,1.0,,,,,,0.0,1,1,1,7,Industrial,Industrial,320.0,327.0,79.0
SOURCE_0539,17.46485,80.65231,177.78499010413,4.5528694611918,0.0,10.551782128153,10,Tree cover,48.22241042,0.0,1,2,1,1,0,mine,2026-08-25 00:00:00+00:00,2026-08-25 00:00:00+00:00,1,1,1.05,1.05,0,0.14285714285714,1.0,,,,,,0.0,1,1,1,7,Industrial,Forest/Natural,312.62,318.15,96.0
SOURCE_0540,15.68491,78.45717,352.18334351547,0.58083900769795,0.38440634518612,0.0,30,Grassland,88.28714722,0.0,3,3,1,0,0,industrial_area,2026-08-25 00:00:00+00:00,2026-08-25 00:00:00+00:00,1,1,2.33,2.33,0,0.14285714285714,1.0,,,,,,0.0,1,1,1,7,Industrial,Forest/Natural,315.82,321.99,94.67
SOURCE_0541,15.65657,73.98945,319.41457742301,12.963752980645,0.65325097905934,0.077678614082961,10,Tree cover,83.277315,0.077678614,2,2,1,1,0,industrial_area,2026-08-25 00:00:00+00:00,2026-08-25 00:00:00+00:00,1,1,1.7,1.7,0,0.14285714285714,1.0,,,,,,0.0,1,1,1,7,Industrial,Forest/Natural,314.25,320.1,94.67
SOURCE_0542,15.17786,77.10236,353.47968929297,1.9911844179932,25.315379564402,0.0,40,Cropland,95.19656332,0.0,1,2,1,0,1,industrial_area,2026-08-25 00:00:00+00:00,2026-08-25 00:00:00+00:00,2,1,1.05,1.05,0,0.14285714285714,2.0,0.0,0.0,0.0,0.0,0.0,0.0,1,1,1,7,Industrial,Agricultural,312.62,318.15,88.0
SOURCE_0543,15.22395,76.76291,331.8683237807,3.4837910961338,9.3112007421013,0.0,60,Bare / sparse vegetation,86.1658289,0.0,1,2,1,0,0,industrial_area,2026-08-25 00:00:00+00:00,2026-08-25 00:00:00+00:00,1,1,1.23,1.23,0,0.14285714285714,1.0,,,,,,0.0,1,1,1,7,Industrial,Other,313.08,318.69,76.23
SOURCE_0544,15.02173,78.0117,329.13688844283,0.88400940930113,1.9752279077742,0.0,20,Shrubland,82.99903144,0.0,2,3,1,0,0,industrial_area,2026-08-25 00:00:00+00:00,2026-08-25 00:00:00+00:00,2,1,0.71,0.71,0,0.14285714285714,2.0,0.0,0.0,0.0,0.0,0.0,0.0,1,1,1,7,Industrial,Forest/Natural,311.77,317.13,88.67
SOURCE_0545,15.17503,76.69223,322.50415857785,2.7129187030477,2.5069778872395,0.0,50,Built-up,81.93101379,0.0,1,3,1,0,0,industrial_area,2026-08-25 00:00:00+00:00,2026-08-25 00:00:00+00:00,2,1,2.415,2.76,0,0.14285714285714,2.0,0.0,0.0,0.0,0.0,0.0,0.0,1,1,1,7,Industrial,Industrial,316.04,323.28,81.33
SOURCE_0546,21.31093,81.59187,463.09024553713,2.2634145806515,19.232177690752,0.0,60,Bare / sparse vegetation,121.1464595,0.0,1,2,1,0,0,industrial_area,2026-08-25 00:00:00+00:00,2026-08-25 00:00:00+00:00,1,1,1.29,1.29,0,0.14285714285714,1.0,,,,,,0.0,1,1,1,7,Industrial,Other,313.23,318.87,76.29
SOURCE_0547,18.80414,74.25832,152.14787371716,21.694996750856,4.9436048608934,2.2523657002486,50,Built-up,45.25971026,2.2523657,0,2,1,0,0,industrial_area,2026-08-25 00:00:00+00:00,2026-08-25 00:00:00+00:00,1,1,1.88,1.88,0,0.14285714285714,1.0,,,,,,0.0,1,1,1,7,Industrial,Industrial,314.7,320.64,85.33
SOURCE_0548,21.19365,81.39023,459.8160977001,1.6636990590417,7.8211896697784,0.0,50,Built-up,117.3252466,0.0,1,2,1,0,0,industrial_area,2026-08-25 00:00:00+00:00,2026-08-25 00:00:00+00:00,2,1,1.27,1.27,0,0.14285714285714,2.0,0.0,0.0,0.0,0.0,0.0,0.0,1,1,1,7,Industrial,Industrial,313.18,318.81,85.33
SOURCE_0549,21.18644,81.39273,458.92154831409,0.78429038125591,8.7255219117937,0.0,50,Built-up,117.1078402,0.0,2,2,1,0,0,industrial_area,2026-08-25 00:00:00+00:00,2026-08-25 00:00:00+00:00,1,1,2.81,2.81,0,0.14285714285714,1.0,,,,,,0.0,1,1,1,7,Industrial,Industrial,317.02,323.43,83.33
SOURCE_0550,21.19039,81.19882,469.36716831195,4.9391484733789,3.0704871301645,0.0,60,Bare / sparse vegetation,119.344201,0.0,1,3,1,0,0,industrial_area,2026-08-25 00:00:00+00:00,2026-08-25 00:00:00+00:00,1,1,1.32,1.32,0,0.14285714285714,1.0,,,,,,0.0,1,1,1,7,Industrial,Other,313.3,318.96,76.32
SOURCE_0551,23.16651,82.34164,481.19836812313,42.73854316999,0.15453807232475,20.263700418593,60,Bare / sparse vegetation,136.0887874,0.154538072,1,1,1,0,0,mine,2026-08-25 00:00:00+00:00,2026-08-25 00:00:00+00:00,3,1,0.98666666666667,1.46,0,0.14285714285714,3.0,0.0,0.0,0.0,0.0,0.0,1.0,1,1,1,7,Industrial,Other,312.47,319.38,60.67
SOURCE_0552,22.35787,82.30326,512.66163453421,13.539914622051,0.0,13.539914622051,40,Cropland,134.9353659,0.0,1,1,1,0,1,mine,2026-08-25 00:00:00+00:00,2026-08-25 00:00:00+00:00,1,1,1.31,1.31,0,0.14285714285714,1.0,,,,,,0.0,1,1,1,7,Industrial,Industrial,313.27,318.93,76.31
SOURCE_0553,21.74682,83.84542,351.92838161881,5.5864879713507,0.0,0.52978755083307,60,Bare / sparse vegetation,89.51116429,0.0,2,2,1,0,0,mine,2026-08-25 00:00:00+00:00,2026-08-25 00:00:00+00:00,1,1,2.91,2.91,0,0.14285714285714,1.0,,,,,,0.0,1,1,1,7,Industrial,Other,317.27,323.73,77.91
SOURCE_0554,21.73116,82.21548,489.08020293547,28.909820066394,1.3003038024338,0.0,50,Built-up,129.8225817,0.0,1,2,1,0,0,industrial_area,2026-08-25 00:00:00+00:00,2026-08-25 00:00:00+00:00,1,1,1.19,1.19,0,0.14285714285714,1.0,,,,,,0.0,1,1,1,7,Industrial,Industrial,312.98,318.57,86.0
SOURCE_0555,21.37509,81.68103,466.37983057522,10.59967836816,13.936195603,0.0,60,Bare / sparse vegetation,122.7289261,0.0,1,1,1,0,0,industrial_area,2026-08-25 00:00:00+00:00,2026-08-25 00:00:00+00:00,1,1,3.85,3.85,0,0.14285714285714,1.0,,,,,,0.0,1,1,1,7,Industrial,Other,319.62,326.55,78.85
SOURCE_0556,21.37116,81.68417,465.8140073006,10.528924723045,13.358037213392,0.0,50,Built-up,122.4252423,0.0,1,1,1,0,0,industrial_area,2026-08-25 00:00:00+00:00,2026-08-25 00:00:00+00:00,1,1,2.32,2.32,0,0.14285714285714,1.0,,,,,,0.0,1,1,1,7,Industrial,Industrial,315.8,321.96,83.33
SOURCE_0557,21.37453,81.64227,467.93313666501,8.0879594531102,17.138753816983,0.0,60,Bare / sparse vegetation,123.2899625,0.0,1,1,1,0,0,industrial_area,2026-08-25 00:00:00+00:00,2026-08-25 00:00:00+00:00,1,1,2.78,2.78,0,0.14285714285714,1.0,,,,,,0.0,1,1,1,7,Industrial,Other,316.95,323.34,77.78
SOURCE_0558,21.36512,81.67917,465.34991767246,9.6335417034171,13.28733469963,0.0,10,Tree cover,122.0676985,0.0,1,1,1,1,0,industrial_area,2026-08-25 00:00:00+00:00,2026-08-25 00:00:00+00:00,1,1,1.98,1.98,0,0.14285714285714,1.0,,,,,,0.0,1,1,1,7,Industrial,Forest/Natural,314.95,320.94,95.33
SOURCE_0559,21.24484,81.76915,448.30247710778,10.667832169228,2.6987694751296,0.0,60,Bare / sparse vegetation,115.4172697,0.0,1,2,1,0,0,industrial_area,2026-08-25 00:00:00+00:00,2026-08-25 00:00:00+00:00,1,1,1.21,1.21,0,0.14285714285714,1.0,,,,,,0.0,1,1,1,7,Industrial,Other,313.02,318.63,76.21
SOURCE_0560,10.77575,78.88298,103.0339447902,10.080212169895,8.544954927621,0.79566924135265,20,Shrubland,30.61369528,0.795669241,1,1,0,0,0,industrial_area,2026-08-25 00:00:00+00:00,2026-08-25 00:00:00+00:00,1,1,1.6,1.6,0,0.14285714285714,1.0,,,,,,0.0,1,1,1,7,Forest/Natural,Forest/Natural,314.0,319.8,91.33
SOURCE_0561,12.2171,79.00295,178.13388765536,15.251134557031,19.435935824005,9.7993058480909,10,Tree cover,55.65506597,9.799305848,0,0,0,1,0,industrial_area,2026-08-25 00:00:00+00:00,2026-08-25 00:00:00+00:00,1,1,0.9,0.9,0,0.14285714285714,1.0,,,,,,0.0,1,1,1,7,Forest/Natural,Forest/Natural,312.25,317.7,95.33
SOURCE_0562,12.91749,79.11784,131.67178408876,4.069433782077,5.547303297311,2.1040590230815,20,Shrubland,35.84814505,2.104059023,0,2,0,0,0,industrial_area,2026-08-25 00:00:00+00:00,2026-08-25 00:00:00+00:00,1,1,0.7,0.7,0,0.14285714285714,1.0,,,,,,0.0,1,1,1,7,Forest/Natural,Forest/Natural,311.75,317.1,90.67
SOURCE_0563,19.82038,79.23856,488.23568540837,16.892530785623,0.14491212727974,7.0987151978278,40,Cropland,128.0929609,0.144912127,1,1,1,0,1,mine,2026-08-25 00:00:00+00:00,2026-08-25 00:00:00+00:00,1,1,1.6,1.6,0,0.14285714285714,1.0,,,,,,0.0,1,1,1,7,Industrial,Agricultural,314.0,319.8,87.33
