event_id,latitude,longitude,acq_date,acq_time_utc,satellite,instrument,confidence,daynight,brightness,bright_t31_k,frp_mw,scan,track,version
FIRMS_000001,20.79575,85.25475,19-08-2026,07:14,N20,VIIRS,n,D,342.63,292.68,8.12,0.39,0.44,2.0NRT
FIRMS_000002,20.79179,85.25556,19-08-2026,07:14,N20,VIIRS,n,D,332.73,292.92,4.96,0.39,0.44,2.0NRT
FIRMS_000003,22.36498,87.30222,19-08-2026,07:16,N20,VIIRS,n,D,339.31,297.24,8.62,0.44,0.38,2.0NRT
FIRMS_000004,10.95563,78.40146,19-08-2026,08:52,N20,VIIRS,n,D,332.42,292.47,4.21,0.48,0.65,2.0NRT
FIRMS_000005,8.74034,77.6055,19-08-2026,08:52,N20,VIIRS,n,D,340.56,293.6,239.09,0.4,0.6,2.0NRT
FIRMS_000006,10.74717,78.63906,19-08-2026,08:52,N20,VIIRS,n,D,334.31,290.91,5.39,0.5,0.66,2.0NRT
FIRMS_000007,10.93393,78.49468,19-08-2026,08:52,N20,VIIRS,n,D,330.44,292.35,1.95,0.49,0.65,2.0NRT
FIRMS_000008,8.64316,77.89857,19-08-2026,08:52,N20,VIIRS,n,D,330.82,293.39,3.76,0.42,0.61,2.0NRT
FIRMS_000009,9.52572,78.76215,19-08-2026,08:52,N20,VIIRS,n,D,341.98,285.98,5.93,0.49,0.65,2.0NRT
FIRMS_000010,8.63992,77.90443,19-08-2026,08:52,N20,VIIRS,n,D,337.42,293.8,6.22,0.42,0.61,2.0NRT
FIRMS_000011,8.63941,77.90063,19-08-2026,08:52,N20,VIIRS,n,D,339.32,294.71,6.62,0.42,0.61,2.0NRT
FIRMS_000012,8.64364,77.90237,19-08-2026,08:52,N20,VIIRS,n,D,344.29,293.68,4.95,0.42,0.61,2.0NRT
FIRMS_000013,21.10254,72.63605,19-08-2026,08:56,N20,VIIRS,n,D,333.38,287.38,4.28,0.54,0.51,2.0NRT
FIRMS_000014,27.31678,95.26754,19-08-2026,19:42,N20,VIIRS,n,N,311.22,289.96,2.63,0.47,0.4,2.0NRT
FIRMS_000015,23.75207,86.41506,19-08-2026,19:45,N20,VIIRS,n,N,302.77,270.27,0.91,0.5,0.41,2.0NRT
FIRMS_000016,23.73835,86.43285,19-08-2026,19:45,N20,VIIRS,n,N,309.16,269.96,1.3,0.5,0.41,2.0NRT
FIRMS_000017,23.73741,86.43033,19-08-2026,19:45,N20,VIIRS,n,N,302.84,269.96,1.1,0.5,0.41,2.0NRT
FIRMS_000018,23.73676,86.4352,19-08-2026,19:45,N20,VIIRS,n,N,303.04,271.82,1.1,0.5,0.41,2.0NRT
FIRMS_000019,23.71062,86.43102,19-08-2026,19:45,N20,VIIRS,n,N,299.96,270.53,1.47,0.5,0.41,2.0NRT
FIRMS_000020,23.6914,86.40305,19-08-2026,19:45,N20,VIIRS,n,N,301.88,270.52,0.98,0.5,0.41,2.0NRT
FIRMS_000021,23.68521,86.392,19-08-2026,19:45,N20,VIIRS,n,N,303.69,268.94,0.81,0.5,0.41,2.0NRT
FIRMS_000022,23.68456,86.39696,19-08-2026,19:45,N20,VIIRS,n,N,296.71,268.16,0.81,0.5,0.41,2.0NRT
FIRMS_000023,20.79609,85.25515,19-08-2026,19:45,N20,VIIRS,n,N,330.5,290.42,3.51,0.53,0.42,2.0NRT
FIRMS_000024,24.92421,84.15677,19-08-2026,19:45,N20,VIIRS,n,N,303.69,286.72,1.67,0.46,0.47,2.0NRT
FIRMS_000025,23.69281,87.12199,19-08-2026,19:45,N20,VIIRS,n,N,307.96,289.14,2.81,0.46,0.39,2.0NRT
FIRMS_000026,23.6892,87.12139,19-08-2026,19:45,N20,VIIRS,n,N,312.33,290.5,3.81,0.46,0.39,2.0NRT
FIRMS_000027,23.78208,86.3897,19-08-2026,19:45,N20,VIIRS,n,N,300.95,263.78,0.83,0.5,0.41,2.0NRT
FIRMS_000028,23.68438,87.12988,19-08-2026,19:45,N20,VIIRS,n,N,307.68,290.51,2.41,0.46,0.39,2.0NRT
FIRMS_000029,23.77833,86.3891,19-08-2026,19:45,N20,VIIRS,n,N,307.41,261.36,1.39,0.5,0.41,2.0NRT
FIRMS_000030,23.76894,86.40264,19-08-2026,19:45,N20,VIIRS,n,N,303.97,264.25,0.8,0.5,0.41,2.0NRT
FIRMS_000031,23.76519,86.40205,19-08-2026,19:45,N20,VIIRS,n,N,300.36,264.7,0.8,0.5,0.41,2.0NRT
FIRMS_000032,23.76455,86.40701,19-08-2026,19:45,N20,VIIRS,n,N,301,269.02,0.8,0.5,0.41,2.0NRT
FIRMS_000033,23.76145,86.40147,19-08-2026,19:45,N20,VIIRS,n,N,302.7,265.64,1.01,0.5,0.41,2.0NRT
FIRMS_000034,23.66273,87.15408,19-08-2026,19:45,N20,VIIRS,n,N,308.91,287.34,2.05,0.46,0.39,2.0NRT
FIRMS_000035,23.75834,86.3959,19-08-2026,19:45,N20,VIIRS,n,N,295.73,263.94,0.45,0.5,0.41,2.0NRT
FIRMS_000036,23.75707,86.40581,19-08-2026,19:45,N20,VIIRS,n,N,300.21,269.31,1.01,0.5,0.41,2.0NRT
FIRMS_000037,22.13304,85.38209,19-08-2026,19:45,N20,VIIRS,n,N,304.05,289.31,1.02,0.54,0.42,2.0NRT
FIRMS_000038,22.05502,85.46635,19-08-2026,19:45,N20,VIIRS,n,N,301.37,287.23,0.59,0.54,0.42,2.0NRT
FIRMS_000039,20.9997,86.02561,19-08-2026,19:45,N20,VIIRS,n,N,309.19,290.71,1.79,0.49,0.4,2.0NRT
FIRMS_000040,20.99724,86.01566,19-08-2026,19:45,N20,VIIRS,n,N,322.16,290.98,2.25,0.49,0.4,2.0NRT
FIRMS_000041,20.97369,86.00464,19-08-2026,19:45,N20,VIIRS,n,N,317.65,291.47,2.78,0.49,0.4,2.0NRT
FIRMS_000042,20.96999,86.00407,19-08-2026,19:45,N20,VIIRS,n,N,327.37,291.15,2.78,0.49,0.4,2.0NRT
FIRMS_000043,20.96871,86.01344,19-08-2026,19:45,N20,VIIRS,n,N,307.98,291.67,2.98,0.49,0.4,2.0NRT
FIRMS_000044,20.96358,86.05087,19-08-2026,19:45,N20,VIIRS,n,N,315.65,290.81,2.26,0.49,0.4,2.0NRT
FIRMS_000045,20.95314,86.04453,19-08-2026,19:45,N20,VIIRS,n,N,320.25,290.81,4.28,0.49,0.4,2.0NRT
FIRMS_000046,20.95251,86.04915,19-08-2026,19:45,N20,VIIRS,n,N,314.27,291.37,2.38,0.49,0.4,2.0NRT
FIRMS_000047,20.94882,86.04855,19-08-2026,19:45,N20,VIIRS,n,N,324.64,290.86,2.38,0.49,0.4,2.0NRT
FIRMS_000048,21.07996,85.03458,19-08-2026,19:45,N20,VIIRS,n,N,307.48,290.37,2.71,0.55,0.43,2.0NRT
FIRMS_000049,21.07927,85.03988,19-08-2026,19:45,N20,VIIRS,n,N,310.25,290.19,2.71,0.55,0.43,2.0NRT
FIRMS_000050,21.07858,85.04521,19-08-2026,19:45,N20,VIIRS,n,N,309.08,289.5,1.56,0.55,0.43,2.0NRT
FIRMS_000051,21.07466,85.04465,19-08-2026,19:45,N20,VIIRS,n,N,304.62,289.46,1.56,0.55,0.43,2.0NRT
FIRMS_000052,20.98905,85.12326,19-08-2026,19:45,N20,VIIRS,n,N,304.83,289.36,1.05,0.55,0.42,2.0NRT
FIRMS_000053,20.97853,85.16805,19-08-2026,19:45,N20,VIIRS,n,N,305.89,289.28,1.58,0.54,0.42,2.0NRT
FIRMS_000054,20.97784,85.17326,19-08-2026,19:45,N20,VIIRS,n,N,306.79,289.69,2.69,0.54,0.42,2.0NRT
FIRMS_000055,20.97878,85.13621,19-08-2026,19:45,N20,VIIRS,n,N,305.9,289.72,3.01,0.54,0.42,2.0NRT
FIRMS_000056,20.96938,85.17738,19-08-2026,19:45,N20,VIIRS,n,N,324.77,289.99,2.88,0.54,0.42,2.0NRT
FIRMS_000057,20.97007,85.17216,19-08-2026,19:45,N20,VIIRS,n,N,318.33,289.7,2.88,0.54,0.42,2.0NRT
FIRMS_000058,20.96414,85.18718,19-08-2026,19:45,N20,VIIRS,n,N,329.26,290.15,2.68,0.54,0.42,2.0NRT
FIRMS_000059,20.96688,85.16637,19-08-2026,19:45,N20,VIIRS,n,N,309.23,289.76,3.25,0.54,0.42,2.0NRT
FIRMS_000060,20.96619,85.17161,19-08-2026,19:45,N20,VIIRS,n,N,317.35,289.82,2.88,0.54,0.42,2.0NRT
FIRMS_000061,20.96482,85.182,19-08-2026,19:45,N20,VIIRS,n,N,307.27,289.82,2.68,0.54,0.42,2.0NRT
FIRMS_000062,20.96231,85.17104,19-08-2026,19:45,N20,VIIRS,n,N,314.77,289.68,1.87,0.54,0.42,2.0NRT
FIRMS_000063,20.96163,85.17625,19-08-2026,19:45,N20,VIIRS,n,N,306.18,290.12,1.87,0.54,0.42,2.0NRT
FIRMS_000064,20.89102,84.9829,19-08-2026,19:45,N20,VIIRS,n,N,305.86,288.06,1.05,0.55,0.43,2.0NRT
FIRMS_000065,20.8871,84.98233,19-08-2026,19:45,N20,VIIRS,n,N,342.42,289.76,7.56,0.55,0.43,2.0NRT
FIRMS_000066,20.86612,84.99014,19-08-2026,19:45,N20,VIIRS,n,N,316.88,289.6,3.47,0.55,0.43,2.0NRT
FIRMS_000067,20.86544,84.99534,19-08-2026,19:45,N20,VIIRS,n,N,319,289.71,3.47,0.55,0.43,2.0NRT
FIRMS_000068,20.79929,85.26081,19-08-2026,19:45,N20,VIIRS,n,N,304.96,289.47,1.91,0.53,0.42,2.0NRT
FIRMS_000069,20.79224,85.25455,19-08-2026,19:45,N20,VIIRS,n,N,310.53,290.39,3.51,0.53,0.42,2.0NRT
FIRMS_000070,20.7594,85.29646,19-08-2026,19:45,N20,VIIRS,n,N,312.84,289.64,2.8,0.53,0.42,2.0NRT
FIRMS_000071,20.76146,85.29501,19-08-2026,19:45,N20,VIIRS,n,N,304.74,289.06,1.39,0.53,0.42,2.0NRT
FIRMS_000072,20.76076,85.30016,19-08-2026,19:45,N20,VIIRS,n,N,309.2,289.65,1.39,0.53,0.42,2.0NRT
FIRMS_000073,23.68082,86.39635,19-08-2026,19:45,N20,VIIRS,n,N,299.78,270.74,0.81,0.5,0.41,2.0NRT
FIRMS_000074,23.67708,86.39573,19-08-2026,19:45,N20,VIIRS,n,N,302.66,269.27,0.95,0.5,0.41,2.0NRT
FIRMS_000075,23.67645,86.40062,19-08-2026,19:45,N20,VIIRS,n,N,306.32,273.12,1.88,0.5,0.41,2.0NRT
FIRMS_000076,23.69857,86.07803,19-08-2026,19:45,N20,VIIRS,n,N,310.92,266.58,0.86,0.52,0.42,2.0NRT
FIRMS_000077,23.69476,86.07745,19-08-2026,19:45,N20,VIIRS,n,N,306.39,267.71,0.95,0.52,0.42,2.0NRT
FIRMS_000078,23.68269,86.08083,19-08-2026,19:45,N20,VIIRS,n,N,317.23,274.19,1.35,0.52,0.42,2.0NRT
FIRMS_000079,23.6814,86.09103,19-08-2026,19:45,N20,VIIRS,n,N,302.15,275,2.21,0.52,0.42,2.0NRT
FIRMS_000080,23.68076,86.09612,19-08-2026,19:45,N20,VIIRS,n,N,301.17,275.59,0.68,0.52,0.42,2.0NRT
FIRMS_000081,23.67823,86.08537,19-08-2026,19:45,N20,VIIRS,n,N,303.17,276.29,1.22,0.52,0.42,2.0NRT
FIRMS_000082,23.67504,86.11079,19-08-2026,19:45,N20,VIIRS,n,N,305.56,280.08,1.87,0.52,0.41,2.0NRT
FIRMS_000083,23.67935,86.08384,19-08-2026,19:45,N20,VIIRS,n,N,303.33,277.48,0.83,0.52,0.42,2.0NRT
FIRMS_000084,23.67219,86.10865,19-08-2026,19:45,N20,VIIRS,n,N,307.56,279.45,1.84,0.52,0.41,2.0NRT
FIRMS_000085,23.82895,84.57195,19-08-2026,19:45,N20,VIIRS,n,N,315.83,288.72,1.66,0.42,0.45,2.0NRT
FIRMS_000086,23.82477,84.57133,19-08-2026,19:45,N20,VIIRS,n,N,315.7,288.19,1.66,0.42,0.45,2.0NRT
FIRMS_000087,23.60963,85.675,19-08-2026,19:45,N20,VIIRS,n,N,305.59,285.06,1.24,0.55,0.42,2.0NRT
FIRMS_000088,23.60917,85.67301,19-08-2026,19:45,N20,VIIRS,n,N,301.79,285.24,0.84,0.55,0.42,2.0NRT
FIRMS_000089,22.87644,86.06029,19-08-2026,19:45,N20,VIIRS,n,N,304.74,289.8,2.45,0.51,0.41,2.0NRT
FIRMS_000090,22.79715,86.19865,19-08-2026,19:45,N20,VIIRS,n,N,311.6,290.38,1.42,0.5,0.41,2.0NRT
FIRMS_000091,22.79215,86.20784,19-08-2026,19:45,N20,VIIRS,n,N,319.15,290.83,1.51,0.5,0.41,2.0NRT
FIRMS_000092,22.79152,86.2127,19-08-2026,19:45,N20,VIIRS,n,N,304.03,290.42,1.51,0.5,0.41,2.0NRT
FIRMS_000093,22.79029,86.1926,19-08-2026,19:45,N20,VIIRS,n,N,308.82,290.55,1.92,0.5,0.41,2.0NRT
FIRMS_000094,22.78966,86.19751,19-08-2026,19:45,N20,VIIRS,n,N,311.22,291.55,4.37,0.5,0.41,2.0NRT
FIRMS_000095,22.7884,86.20729,19-08-2026,19:45,N20,VIIRS,n,N,305.8,291.01,1.51,0.5,0.41,2.0NRT
FIRMS_000096,22.79647,86.19669,19-08-2026,19:45,N20,VIIRS,n,N,310.02,290.31,1.57,0.5,0.41,2.0NRT
FIRMS_000097,22.79141,86.20586,19-08-2026,19:45,N20,VIIRS,n,N,325.08,291.18,2.63,0.5,0.41,2.0NRT
FIRMS_000098,22.79272,86.19611,19-08-2026,19:45,N20,VIIRS,n,N,310.55,290.67,3.17,0.5,0.41,2.0NRT
FIRMS_000099,22.79077,86.21069,19-08-2026,19:45,N20,VIIRS,n,N,310.22,290.82,2.89,0.5,0.41,2.0NRT
FIRMS_000100,22.78767,86.20531,19-08-2026,19:45,N20,VIIRS,n,N,307.42,290.98,2.63,0.5,0.41,2.0NRT
FIRMS_000101,22.61008,85.91367,19-08-2026,19:45,N20,VIIRS,n,N,306.4,290.52,1.7,0.52,0.41,2.0NRT
FIRMS_000102,22.57485,85.89123,19-08-2026,19:45,N20,VIIRS,n,N,305.64,290.95,1.39,0.52,0.41,2.0NRT
FIRMS_000103,22.57419,85.89626,19-08-2026,19:45,N20,VIIRS,n,N,310.24,291.29,1.39,0.52,0.41,2.0NRT
FIRMS_000104,22.38231,87.28905,19-08-2026,19:45,N20,VIIRS,n,N,305.9,289.6,2.32,0.44,0.39,2.0NRT
FIRMS_000105,22.38057,87.27562,19-08-2026,19:45,N20,VIIRS,n,N,308.73,290.21,1.9,0.44,0.39,2.0NRT
FIRMS_000106,22.37997,87.27991,19-08-2026,19:45,N20,VIIRS,n,N,316.34,290.91,1.9,0.44,0.39,2.0NRT
FIRMS_000107,22.37644,87.27934,19-08-2026,19:45,N20,VIIRS,n,N,324.04,291.37,4.93,0.44,0.39,2.0NRT
FIRMS_000108,22.3664,87.29961,19-08-2026,19:45,N20,VIIRS,n,N,318.07,289.19,3.15,0.44,0.39,2.0NRT
FIRMS_000109,22.36053,87.2899,19-08-2026,19:45,N20,VIIRS,n,N,305.78,289.23,1.49,0.44,0.39,2.0NRT
FIRMS_000110,22.35701,87.28933,19-08-2026,19:45,N20,VIIRS,n,N,309,289.12,1.49,0.44,0.39,2.0NRT
FIRMS_000111,22.36542,87.01572,19-08-2026,19:45,N20,VIIRS,n,N,306.73,290.82,1.28,0.46,0.39,2.0NRT
FIRMS_000112,22.36126,87.01955,19-08-2026,19:45,N20,VIIRS,n,N,308.03,291.16,1.57,0.45,0.39,2.0NRT
FIRMS_000113,22.36285,87.01693,19-08-2026,19:45,N20,VIIRS,n,N,313.65,291.33,1.69,0.45,0.39,2.0NRT
FIRMS_000114,22.06446,88.12053,19-08-2026,19:45,N20,VIIRS,n,N,311.48,290.26,2.37,0.41,0.37,2.0NRT
FIRMS_000115,22.05706,88.12335,19-08-2026,19:45,N20,VIIRS,n,N,313.71,290.97,2.46,0.41,0.37,2.0NRT
FIRMS_000116,22.05307,88.12675,19-08-2026,19:45,N20,VIIRS,n,N,310.93,291.41,2.38,0.41,0.37,2.0NRT
FIRMS_000117,15.29888,80.01089,19-08-2026,19:47,N20,VIIRS,n,N,302.36,286.6,0.86,0.32,0.55,2.0NRT
FIRMS_000118,8.74219,77.60104,19-08-2026,19:47,N20,VIIRS,n,N,353.29,291.75,11.51,0.38,0.59,2.0NRT
FIRMS_000119,8.74267,77.59756,19-08-2026,19:47,N20,VIIRS,h,N,367,286.78,11.51,0.38,0.59,2.0NRT
FIRMS_000120,9.76584,77.51328,19-08-2026,19:49,N20,VIIRS,n,N,308.24,276.11,1.12,0.4,0.6,2.0NRT
FIRMS_000121,9.93416,78.31787,19-08-2026,19:49,N20,VIIRS,n,N,313.76,288.26,1.07,0.36,0.57,2.0NRT
FIRMS_000122,9.93454,78.31564,19-08-2026,19:49,N20,VIIRS,n,N,305.78,288.45,1.08,0.36,0.57,2.0NRT
FIRMS_000123,8.7441,77.60194,19-08-2026,19:49,N20,VIIRS,n,N,322.96,286.54,3.12,0.38,0.59,2.0NRT
FIRMS_000124,8.74455,77.59845,19-08-2026,19:49,N20,VIIRS,n,N,334.36,285.6,3.12,0.38,0.59,2.0NRT
FIRMS_000125,29.47378,76.85699,19-08-2026,21:23,N20,VIIRS,n,N,305.11,284.97,0.4,0.35,0.57,2.0NRT
FIRMS_000126,18.69369,73.04151,19-08-2026,21:25,N20,VIIRS,n,N,301.77,285.42,1.18,0.34,0.56,2.0NRT
FIRMS_000127,26.87804,73.51413,19-08-2026,21:25,N20,VIIRS,n,N,299.8,286.16,0.89,0.5,0.49,2.0NRT
FIRMS_000128,26.25852,74.09779,19-08-2026,21:25,N20,VIIRS,n,N,304.08,291.72,1.19,0.56,0.52,2.0NRT
FIRMS_000129,26.2566,74.0971,19-08-2026,21:25,N20,VIIRS,n,N,305.83,291.73,1.03,0.56,0.52,2.0NRT
FIRMS_000130,23.80376,86.32996,20-08-2026,06:57,N20,VIIRS,n,D,329.87,289.93,5.71,0.57,0.52,2.0NRT
FIRMS_000131,23.73539,86.43382,20-08-2026,06:57,N20,VIIRS,n,D,330.07,293.01,4.75,0.56,0.52,2.0NRT
FIRMS_000132,23.77547,86.367,20-08-2026,06:57,N20,VIIRS,n,D,328.11,292.36,5.74,0.57,0.52,2.0NRT
FIRMS_000133,23.77213,86.3663,20-08-2026,06:57,N20,VIIRS,n,D,327.08,292.7,4.99,0.57,0.52,2.0NRT
FIRMS_000134,26.26204,91.96658,20-08-2026,06:59,N20,VIIRS,n,D,331.64,291.51,2.87,0.41,0.37,2.0NRT
FIRMS_000135,10.13192,77.77665,20-08-2026,08:35,N20,VIIRS,n,D,333.73,297.5,1.71,0.41,0.45,2.0NRT
FIRMS_000136,9.07037,77.43026,20-08-2026,08:35,N20,VIIRS,n,D,333.84,292.22,3.09,0.57,0.43,2.0NRT
FIRMS_000137,8.82652,77.81555,20-08-2026,08:35,N20,VIIRS,n,D,343.01,302.65,4.05,0.4,0.44,2.0NRT
FIRMS_000138,9.01934,77.891,20-08-2026,08:35,N20,VIIRS,n,D,342.36,301.08,9.86,0.4,0.44,2.0NRT
FIRMS_000139,9.06651,77.75156,20-08-2026,08:35,N20,VIIRS,n,D,343.23,301.81,4.95,0.39,0.44,2.0NRT
FIRMS_000140,8.73457,78.0784,20-08-2026,08:35,N20,VIIRS,n,D,333.92,299.67,1.92,0.41,0.45,2.0NRT
FIRMS_000141,8.73847,77.60493,20-08-2026,08:35,N20,VIIRS,n,D,351.61,295.21,5.83,0.38,0.43,2.0NRT
FIRMS_000142,8.73786,77.60059,20-08-2026,08:35,N20,VIIRS,n,D,352.24,298.64,15.4,0.57,0.43,2.0NRT
FIRMS_000143,8.74184,77.60004,20-08-2026,08:35,N20,VIIRS,n,D,340.6,294.04,15.4,0.57,0.43,2.0NRT
FIRMS_000144,8.82577,77.81587,20-08-2026,08:35,N20,VIIRS,n,D,343.95,303.01,3.89,0.39,0.44,2.0NRT
FIRMS_000145,14.39635,78.58465,20-08-2026,08:35,N20,VIIRS,n,D,337.63,293.35,5.12,0.53,0.5,2.0NRT
FIRMS_000146,17.56894,75.63644,20-08-2026,08:35,N20,VIIRS,n,D,334.34,300.19,4.39,0.57,0.43,2.0NRT
FIRMS_000147,13.30639,76.27603,20-08-2026,08:35,N20,VIIRS,n,D,331.69,292.84,3.58,0.55,0.43,2.0NRT
FIRMS_000148,14.16944,77.45648,20-08-2026,08:35,N20,VIIRS,n,D,332.05,299.1,4.22,0.44,0.46,2.0NRT
FIRMS_000149,13.27826,79.15017,20-08-2026,08:35,N20,VIIRS,n,D,330.16,297.19,2.5,0.56,0.51,2.0NRT
FIRMS_000150,11.72925,78.97382,20-08-2026,08:35,N20,VIIRS,n,D,332.49,291.52,2.44,0.51,0.5,2.0NRT
FIRMS_000151,11.65141,79.12849,20-08-2026,08:35,N20,VIIRS,n,D,336.72,290.81,4.74,0.53,0.5,2.0NRT
FIRMS_000152,11.56117,79.1529,20-08-2026,08:35,N20,VIIRS,n,D,336.28,292.14,6.71,0.53,0.5,2.0NRT
FIRMS_000153,17.50858,82.95274,20-08-2026,08:37,N20,VIIRS,n,D,341.91,288.14,8.28,0.57,0.69,2.0NRT
FIRMS_000154,14.90438,77.5486,20-08-2026,08:37,N20,VIIRS,n,D,337.93,294.31,3.01,0.46,0.47,2.0NRT
FIRMS_000155,21.1025,72.64508,20-08-2026,08:37,N20,VIIRS,n,D,337.45,297.21,6.08,0.44,0.38,2.0NRT
FIRMS_000156,21.10136,72.63664,20-08-2026,08:37,N20,VIIRS,n,D,343.8,296.92,7.25,0.44,0.38,2.0NRT
FIRMS_000157,21.10658,72.64876,20-08-2026,08:37,N20,VIIRS,n,D,341.75,299.01,7.86,0.44,0.38,2.0NRT
FIRMS_000158,21.10601,72.64454,20-08-2026,08:37,N20,VIIRS,n,D,339.07,298.59,6.08,0.44,0.38,2.0NRT
FIRMS_000159,29.39208,74.30708,20-08-2026,08:39,N20,VIIRS,l,D,330.09,301.2,5.84,0.44,0.46,2.0NRT
FIRMS_000160,24.11533,86.85748,20-08-2026,19:23,N20,VIIRS,n,N,308.51,288.75,3.36,0.61,0.53,2.0NRT
FIRMS_000161,23.80302,86.32994,20-08-2026,19:23,N20,VIIRS,n,N,330.01,287.58,3.2,0.33,0.55,2.0NRT
FIRMS_000162,23.80366,86.32339,20-08-2026,19:23,N20,VIIRS,n,N,314.84,287.17,1.58,0.33,0.55,2.0NRT
FIRMS_000163,23.80333,86.32668,20-08-2026,19:23,N20,VIIRS,n,N,304.86,287.07,1.58,0.33,0.55,2.0NRT
FIRMS_000164,23.80115,86.34909,20-08-2026,19:23,N20,VIIRS,n,N,306.33,287.49,1.04,0.33,0.55,2.0NRT
FIRMS_000165,23.79609,86.34841,20-08-2026,19:23,N20,VIIRS,n,N,309.63,287.07,1.34,0.33,0.55,2.0NRT
FIRMS_000166,23.79578,86.35166,20-08-2026,19:23,N20,VIIRS,n,N,314.03,287.2,1.34,0.32,0.55,2.0NRT
FIRMS_000167,23.78193,86.38895,20-08-2026,19:23,N20,VIIRS,n,N,322.21,287.21,1.56,0.32,0.55,2.0NRT
FIRMS_000168,23.78163,86.39211,20-08-2026,19:23,N20,VIIRS,n,N,307.42,286.59,1.87,0.32,0.55,2.0NRT
FIRMS_000169,23.77689,86.38827,20-08-2026,19:23,N20,VIIRS,n,N,321.22,287.64,1.56,0.32,0.55,2.0NRT
FIRMS_000170,23.78092,86.34646,20-08-2026,19:23,N20,VIIRS,n,N,307.39,287.44,0.66,0.33,0.55,2.0NRT
FIRMS_000171,23.7772,86.38509,20-08-2026,19:23,N20,VIIRS,n,N,312.07,287.29,1.56,0.32,0.55,2.0NRT
FIRMS_000172,23.77431,86.36192,20-08-2026,19:23,N20,VIIRS,n,N,310.16,287.06,1.51,0.32,0.55,2.0NRT
FIRMS_000173,23.774,86.36514,20-08-2026,19:23,N20,VIIRS,n,N,319.32,287.8,1.98,0.32,0.55,2.0NRT
FIRMS_000174,23.77032,86.40342,20-08-2026,19:23,N20,VIIRS,n,N,316.13,287.46,1.68,0.32,0.55,2.0NRT
FIRMS_000175,23.76528,86.40279,20-08-2026,19:23,N20,VIIRS,n,N,322.87,287.55,1.68,0.32,0.55,2.0NRT
FIRMS_000176,23.76651,86.39001,20-08-2026,19:23,N20,VIIRS,n,N,306.97,287.55,1.03,0.32,0.55,2.0NRT
FIRMS_000177,23.7662,86.39318,20-08-2026,19:23,N20,VIIRS,n,N,306.01,287.29,1.03,0.32,0.55,2.0NRT
FIRMS_000178,23.76559,86.39957,20-08-2026,19:23,N20,VIIRS,n,N,304.72,286.97,2.87,0.32,0.55,2.0NRT
FIRMS_000179,23.76497,86.40604,20-08-2026,19:23,N20,VIIRS,n,N,316.25,287.06,1.68,0.32,0.55,2.0NRT
FIRMS_000180,23.69589,87.10812,20-08-2026,19:23,N20,VIIRS,n,N,307.9,286.25,1.59,0.58,0.52,2.0NRT
FIRMS_000181,23.69531,87.11382,20-08-2026,19:23,N20,VIIRS,n,N,304.39,285.56,1.59,0.58,0.52,2.0NRT
FIRMS_000182,23.69474,87.11948,20-08-2026,19:23,N20,VIIRS,n,N,307.93,284.63,3.13,0.58,0.52,2.0NRT
FIRMS_000183,23.76055,86.39892,20-08-2026,19:23,N20,VIIRS,n,N,317.79,287.23,1.49,0.32,0.55,2.0NRT
FIRMS_000184,23.76024,86.40215,20-08-2026,19:23,N20,VIIRS,n,N,311.01,287.21,2.3,0.32,0.55,2.0NRT
FIRMS_000185,23.68993,87.11884,20-08-2026,19:23,N20,VIIRS,n,N,307.32,285,2.71,0.58,0.52,2.0NRT
FIRMS_000186,23.75582,86.395,20-08-2026,19:23,N20,VIIRS,n,N,309.07,287.25,1.49,0.32,0.55,2.0NRT
FIRMS_000187,23.75368,86.41745,20-08-2026,19:23,N20,VIIRS,n,N,310.67,286.97,1.64,0.32,0.55,2.0NRT
FIRMS_000188,23.68398,87.12962,20-08-2026,19:23,N20,VIIRS,n,N,301.02,282.41,0.58,0.58,0.52,2.0NRT
FIRMS_000189,23.69527,87.12024,20-08-2026,19:23,N20,VIIRS,n,N,308.66,285.29,3.67,0.58,0.52,2.0NRT
FIRMS_000190,23.76594,86.40452,20-08-2026,19:23,N20,VIIRS,n,N,331.77,287.55,2.4,0.32,0.55,2.0NRT
FIRMS_000191,23.76726,86.39173,20-08-2026,19:23,N20,VIIRS,n,N,306.31,287.39,2,0.32,0.55,2.0NRT
FIRMS_000192,23.76627,86.40129,20-08-2026,19:23,N20,VIIRS,n,N,312.34,286.92,2.07,0.32,0.55,2.0NRT
FIRMS_000193,23.69046,87.1196,20-08-2026,19:23,N20,VIIRS,n,N,308.55,285.35,2.91,0.58,0.52,2.0NRT
FIRMS_000194,23.76123,86.40065,20-08-2026,19:23,N20,VIIRS,n,N,315.37,287.07,2.07,0.32,0.55,2.0NRT
FIRMS_000195,23.75686,86.39356,20-08-2026,19:23,N20,VIIRS,n,N,305.28,286.76,0.75,0.32,0.55,2.0NRT
FIRMS_000196,23.75653,86.39675,20-08-2026,19:23,N20,VIIRS,n,N,309.74,287.44,1.41,0.32,0.55,2.0NRT
FIRMS_000197,23.75455,86.41599,20-08-2026,19:23,N20,VIIRS,n,N,312.07,287.02,1.02,0.32,0.55,2.0NRT
FIRMS_000198,23.7492,86.41847,20-08-2026,19:23,N20,VIIRS,n,N,304.39,286.59,1.02,0.32,0.55,2.0NRT
FIRMS_000199,23.73754,86.43292,20-08-2026,19:23,N20,VIIRS,n,N,331.81,287.6,3.64,0.32,0.55,2.0NRT
FIRMS_000200,23.73785,86.42977,20-08-2026,19:23,N20,VIIRS,n,N,305.94,286.92,1.76,0.32,0.55,2.0NRT
FIRMS_000201,23.6622,87.15623,20-08-2026,19:23,N20,VIIRS,n,N,310.78,284.22,2.8,0.58,0.52,2.0NRT
FIRMS_000202,23.77616,85.99555,20-08-2026,19:23,N20,VIIRS,n,N,311.53,287.23,1.73,0.34,0.56,2.0NRT
FIRMS_000203,23.72652,86.44112,20-08-2026,19:23,N20,VIIRS,n,N,306.92,287.07,1.49,0.32,0.55,2.0NRT
FIRMS_000204,23.72341,86.42146,20-08-2026,19:23,N20,VIIRS,n,N,305.21,287.18,1.02,0.32,0.55,2.0NRT
FIRMS_000205,23.7215,86.44048,20-08-2026,19:23,N20,VIIRS,n,N,306.23,286.98,1.82,0.32,0.55,2.0NRT
FIRMS_000206,23.71838,86.42081,20-08-2026,19:23,N20,VIIRS,n,N,310.37,286.83,1.02,0.32,0.55,2.0NRT
FIRMS_000207,23.71616,86.44299,20-08-2026,19:23,N20,VIIRS,n,N,305.45,286.7,1.99,0.32,0.55,2.0NRT
FIRMS_000208,23.71552,86.44933,20-08-2026,19:23,N20,VIIRS,n,N,305.94,286.7,1.07,0.32,0.55,2.0NRT
FIRMS_000209,23.7152,86.4525,20-08-2026,19:23,N20,VIIRS,n,N,314.34,286.73,1.07,0.32,0.55,2.0NRT
FIRMS_000210,23.71304,86.42333,20-08-2026,19:23,N20,VIIRS,n,N,308.81,287.25,1.29,0.32,0.55,2.0NRT
FIRMS_000211,23.7105,86.44865,20-08-2026,19:23,N20,VIIRS,n,N,304.96,286.55,0.83,0.32,0.55,2.0NRT
FIRMS_000212,23.69101,86.38829,20-08-2026,19:23,N20,VIIRS,n,N,322.7,286.84,1.89,0.32,0.55,2.0NRT
FIRMS_000213,23.68566,86.39085,20-08-2026,19:23,N20,VIIRS,n,N,311.86,287.04,1.82,0.32,0.55,2.0NRT
FIRMS_000214,23.68534,86.39413,20-08-2026,19:23,N20,VIIRS,n,N,313.52,287.08,1.83,0.32,0.55,2.0NRT
FIRMS_000215,23.67999,86.39662,20-08-2026,19:23,N20,VIIRS,n,N,313.66,286.93,1.83,0.32,0.55,2.0NRT
FIRMS_000216,23.67969,86.39977,20-08-2026,19:23,N20,VIIRS,n,N,311.24,287.24,1.8,0.32,0.55,2.0NRT
FIRMS_000217,23.82971,84.56965,20-08-2026,19:23,N20,VIIRS,n,N,305.91,286.19,1,0.42,0.61,2.0NRT
FIRMS_000218,23.82936,84.57385,20-08-2026,19:23,N20,VIIRS,n,N,303.92,286.38,1,0.42,0.61,2.0NRT
FIRMS_000219,23.82405,84.56894,20-08-2026,19:23,N20,VIIRS,n,N,303.8,283.31,1,0.42,0.61,2.0NRT
FIRMS_000220,23.8237,84.57314,20-08-2026,19:23,N20,VIIRS,n,N,308.88,285.26,1,0.42,0.61,2.0NRT
FIRMS_000221,23.68428,86.08263,20-08-2026,19:23,N20,VIIRS,n,N,314.32,285.75,2.63,0.34,0.56,2.0NRT
FIRMS_000222,23.68335,86.0926,20-08-2026,19:23,N20,VIIRS,n,N,316.53,286.62,2,0.34,0.56,2.0NRT
FIRMS_000223,23.68304,86.09592,20-08-2026,19:23,N20,VIIRS,n,N,304.76,286.85,2,0.34,0.56,2.0NRT
FIRMS_000224,23.68038,86.0688,20-08-2026,19:23,N20,VIIRS,n,N,303.18,286.49,1.4,0.34,0.56,2.0NRT
FIRMS_000225,23.67882,86.0854,20-08-2026,19:23,N20,VIIRS,n,N,310.11,287.15,3.31,0.34,0.56,2.0NRT
FIRMS_000226,23.56148,87.23978,20-08-2026,19:23,N20,VIIRS,n,N,307.52,286.38,2.61,0.57,0.52,2.0NRT
FIRMS_000227,23.74441,85.50506,20-08-2026,19:23,N20,VIIRS,n,N,302.23,285.62,0.41,0.37,0.58,2.0NRT
FIRMS_000228,23.68715,86.08223,20-08-2026,19:23,N20,VIIRS,n,N,309.67,283.56,0.85,0.34,0.56,2.0NRT
FIRMS_000229,23.82678,84.57025,20-08-2026,19:23,N20,VIIRS,n,N,314.18,285.28,1.88,0.42,0.61,2.0NRT
FIRMS_000230,23.8264,84.57446,20-08-2026,19:23,N20,VIIRS,n,N,303.91,285.99,1.88,0.42,0.61,2.0NRT
FIRMS_000231,23.682,86.08169,20-08-2026,19:23,N20,VIIRS,n,N,305.22,286.21,1.24,0.34,0.56,2.0NRT
FIRMS_000232,23.681,86.09164,20-08-2026,19:23,N20,VIIRS,n,N,306.58,286.78,1.34,0.34,0.56,2.0NRT
FIRMS_000233,23.68066,86.09496,20-08-2026,19:23,N20,VIIRS,n,N,313.73,286.74,1.34,0.34,0.56,2.0NRT
FIRMS_000234,23.56105,87.23804,20-08-2026,19:23,N20,VIIRS,n,N,308.38,286.4,3.32,0.57,0.52,2.0NRT
FIRMS_000235,23.67785,86.0712,20-08-2026,19:23,N20,VIIRS,n,N,305.14,286.53,0.74,0.34,0.56,2.0NRT
FIRMS_000236,23.67652,86.08445,20-08-2026,19:23,N20,VIIRS,n,N,310.09,286.43,2.58,0.34,0.56,2.0NRT
FIRMS_000237,23.67353,86.11418,20-08-2026,19:23,N20,VIIRS,n,N,315.17,285.27,1.21,0.34,0.56,2.0NRT
FIRMS_000238,23.55093,87.24238,20-08-2026,19:23,N20,VIIRS,n,N,317.38,287.06,2.87,0.57,0.52,2.0NRT
FIRMS_000239,23.56301,87.08428,20-08-2026,19:23,N20,VIIRS,n,N,303.06,275.74,1.08,0.58,0.52,2.0NRT
FIRMS_000240,23.69801,85.366,20-08-2026,19:23,N20,VIIRS,n,N,296.73,280.04,0.31,0.38,0.58,2.0NRT
FIRMS_000241,23.50349,87.32597,20-08-2026,19:23,N20,VIIRS,n,N,308.31,287.21,3.33,0.56,0.51,2.0NRT
FIRMS_000242,23.65808,85.50532,20-08-2026,19:23,N20,VIIRS,n,N,300.06,283.68,0.59,0.37,0.58,2.0NRT
FIRMS_000243,23.64802,85.43788,20-08-2026,19:23,N20,VIIRS,n,N,324.05,285.88,1.71,0.37,0.58,2.0NRT
FIRMS_000244,23.64835,85.43425,20-08-2026,19:23,N20,VIIRS,n,N,310.77,285.22,1.71,0.37,0.58,2.0NRT
FIRMS_000245,23.6707,84.99498,20-08-2026,19:23,N20,VIIRS,n,N,307.3,285.14,0.93,0.4,0.6,2.0NRT
FIRMS_000246,23.65019,85.43918,20-08-2026,19:23,N20,VIIRS,n,N,324.83,286.56,2.15,0.37,0.58,2.0NRT
FIRMS_000247,23.65054,85.43557,20-08-2026,19:23,N20,VIIRS,n,N,314.67,286.01,2.15,0.37,0.58,2.0NRT
FIRMS_000248,23.67049,84.99657,20-08-2026,19:23,N20,VIIRS,n,N,305.79,284.66,1.03,0.4,0.6,2.0NRT
FIRMS_000249,23.66463,84.99976,20-08-2026,19:23,N20,VIIRS,n,N,307.31,285.3,1.03,0.4,0.6,2.0NRT
FIRMS_000250,23.7609,86.40388,20-08-2026,19:23,N20,VIIRS,n,N,311.13,287.22,2.4,0.32,0.55,2.0NRT
FIRMS_000251,27.37922,95.33605,20-08-2026,19:23,N20,VIIRS,n,N,314.35,290.32,2.32,0.39,0.36,2.0NRT
FIRMS_000252,27.37876,95.0898,20-08-2026,19:23,N20,VIIRS,n,N,311.58,290.56,2.03,0.39,0.36,2.0NRT
FIRMS_000253,21.75551,84.02298,20-08-2026,19:25,N20,VIIRS,n,N,307.28,285.65,2.89,0.43,0.62,2.0NRT
FIRMS_000254,21.75726,84.02222,20-08-2026,19:25,N20,VIIRS,n,N,306.22,284.72,2.91,0.44,0.62,2.0NRT
FIRMS_000255,21.76537,85.57951,20-08-2026,19:25,N20,VIIRS,n,N,300.29,283.07,0.27,0.34,0.56,2.0NRT
FIRMS_000256,21.9578,83.80929,20-08-2026,19:25,N20,VIIRS,n,N,296.81,280.96,1.43,0.45,0.63,2.0NRT
FIRMS_000257,14.83003,79.30145,20-08-2026,19:28,N20,VIIRS,n,N,306.86,282,4.55,0.74,0.76,2.0NRT
FIRMS_000258,14.82782,79.30177,20-08-2026,19:28,N20,VIIRS,n,N,314.69,281.43,8.66,0.74,0.76,2.0NRT
FIRMS_000259,14.8294,79.30762,20-08-2026,19:28,N20,VIIRS,n,N,307.16,281.66,4.55,0.74,0.76,2.0NRT
FIRMS_000260,14.82725,79.30776,20-08-2026,19:28,N20,VIIRS,n,N,303.63,281.95,7.02,0.74,0.76,2.0NRT
FIRMS_000261,26.87785,73.51696,20-08-2026,21:04,N20,VIIRS,n,N,306.36,293.02,1.67,0.43,0.38,2.0NRT
FIRMS_000262,25.94392,72.19305,20-08-2026,21:04,N20,VIIRS,n,N,308.63,294.94,1.41,0.4,0.37,2.0NRT
FIRMS_000263,29.46148,76.86364,20-08-2026,21:04,N20,VIIRS,n,N,305.65,288.93,2.35,0.56,0.43,2.0NRT
FIRMS_000264,29.91172,74.95081,20-08-2026,21:04,N20,VIIRS,n,N,329.68,292.2,4.24,0.45,0.39,2.0NRT
FIRMS_000265,29.90928,74.94781,20-08-2026,21:04,N20,VIIRS,n,N,321.89,291.81,2.52,0.45,0.39,2.0NRT
FIRMS_000266,29.90844,74.95241,20-08-2026,21:04,N20,VIIRS,n,N,316.28,292.35,2.52,0.45,0.39,2.0NRT
FIRMS_000267,29.45761,76.86263,20-08-2026,21:04,N20,VIIRS,n,N,303.86,289.03,4.13,0.56,0.43,2.0NRT
FIRMS_000268,28.74485,76.92733,20-08-2026,21:04,N20,VIIRS,n,N,310.37,289.47,3.42,0.39,0.44,2.0NRT
FIRMS_000269,27.28837,73.83765,20-08-2026,21:04,N20,VIIRS,n,N,305.67,293.91,1.14,0.44,0.38,2.0NRT
FIRMS_000270,26.92761,73.46851,20-08-2026,21:04,N20,VIIRS,n,N,305.3,293.19,1.38,0.43,0.38,2.0NRT
FIRMS_000271,19.80504,78.86545,20-08-2026,21:06,N20,VIIRS,n,N,303.93,288.05,0.61,0.38,0.59,2.0NRT
FIRMS_000272,19.80188,78.86395,20-08-2026,21:06,N20,VIIRS,n,N,302.98,287.62,0.61,0.38,0.59,2.0NRT
FIRMS_000273,19.07515,73.13273,20-08-2026,21:06,N20,VIIRS,n,N,306.98,291.71,3.38,0.52,0.42,2.0NRT
FIRMS_000274,12.86819,78.8947,20-08-2026,21:08,N20,VIIRS,n,N,305.74,287.18,1.19,0.53,0.67,2.0NRT
FIRMS_000275,15.17791,77.10345,20-08-2026,21:08,N20,VIIRS,n,N,301.74,286.64,0.39,0.36,0.57,2.0NRT
FIRMS_000276,15.18351,76.66707,20-08-2026,21:08,N20,VIIRS,n,N,308.7,288.07,0.72,0.34,0.56,2.0NRT
FIRMS_000277,15.1829,76.67016,20-08-2026,21:08,N20,VIIRS,n,N,303.73,288.06,0.72,0.34,0.56,2.0NRT
FIRMS_000278,15.18032,76.65672,20-08-2026,21:08,N20,VIIRS,n,N,302.56,287.32,1.33,0.34,0.56,2.0NRT
FIRMS_000279,15.17664,76.67516,20-08-2026,21:08,N20,VIIRS,n,N,304.87,288.55,1.09,0.34,0.56,2.0NRT
FIRMS_000280,15.13828,76.70865,20-08-2026,21:08,N20,VIIRS,n,N,305.75,288.36,0.52,0.34,0.56,2.0NRT
FIRMS_000281,15.13766,76.71173,20-08-2026,21:08,N20,VIIRS,n,N,301.79,288.15,0.52,0.34,0.56,2.0NRT
FIRMS_000282,15.18593,76.31431,20-08-2026,21:08,N20,VIIRS,n,N,311.46,287.59,0.7,0.32,0.54,2.0NRT
FIRMS_000283,15.17281,76.38165,20-08-2026,21:08,N20,VIIRS,n,N,299.71,287.56,0.64,0.32,0.55,2.0NRT
FIRMS_000284,15.16786,76.38057,20-08-2026,21:08,N20,VIIRS,n,N,309.06,288.35,1.52,0.32,0.55,2.0NRT
FIRMS_000285,15.16292,76.37949,20-08-2026,21:08,N20,VIIRS,n,N,322.52,287.29,1.52,0.32,0.55,2.0NRT
FIRMS_000286,12.86719,78.89952,20-08-2026,21:08,N20,VIIRS,n,N,305.3,287.29,1.19,0.53,0.67,2.0NRT
FIRMS_000287,12.66981,76.85625,20-08-2026,21:08,N20,VIIRS,n,N,299.97,285.67,0.44,0.39,0.59,2.0NRT
FIRMS_000288,11.60833,77.55147,20-08-2026,21:08,N20,VIIRS,n,N,297.2,272.73,1.03,0.45,0.63,2.0NRT
FIRMS_000289,8.6787,78.06282,21-08-2026,08:13,N20,VIIRS,n,D,340.22,305,2.79,0.39,0.36,2.0NRT
FIRMS_000290,9.3411,78.81241,21-08-2026,08:13,N20,VIIRS,n,D,343.64,307.32,6.08,0.4,0.37,2.0NRT
FIRMS_000291,9.34447,78.8119,21-08-2026,08:13,N20,VIIRS,n,D,345.55,309.19,6.08,0.4,0.37,2.0NRT
FIRMS_000292,9.36586,78.66449,21-08-2026,08:13,N20,VIIRS,n,D,340.59,308.73,6.32,0.4,0.37,2.0NRT
FIRMS_000293,9.36532,78.66089,21-08-2026,08:13,N20,VIIRS,n,D,339.1,308.58,6.32,0.4,0.37,2.0NRT
FIRMS_000294,9.39964,78.7998,21-08-2026,08:13,N20,VIIRS,l,D,334.22,305.01,1.97,0.4,0.37,2.0NRT
FIRMS_000295,9.56629,78.77435,21-08-2026,08:13,N20,VIIRS,n,D,335.88,299,5.18,0.4,0.37,2.0NRT
FIRMS_000296,9.46111,77.93867,21-08-2026,08:13,N20,VIIRS,n,D,345.08,304.15,3.24,0.39,0.36,2.0NRT
FIRMS_000297,9.46058,77.93517,21-08-2026,08:13,N20,VIIRS,n,D,338.91,302.82,3.24,0.39,0.36,2.0NRT
FIRMS_000298,9.55428,78.28836,21-08-2026,08:13,N20,VIIRS,n,D,348.21,310.48,8.67,0.39,0.36,2.0NRT
FIRMS_000299,9.57572,78.31776,21-08-2026,08:13,N20,VIIRS,n,D,338.87,307.25,5.01,0.39,0.36,2.0NRT
FIRMS_000300,9.57466,78.31066,21-08-2026,08:13,N20,VIIRS,n,D,340.16,307.06,4.64,0.39,0.36,2.0NRT
FIRMS_000301,9.57799,78.31016,21-08-2026,08:13,N20,VIIRS,n,D,340.05,306.7,4.79,0.39,0.36,2.0NRT
FIRMS_000302,9.6873,78.11195,21-08-2026,08:13,N20,VIIRS,l,D,334.47,306.88,1.97,0.39,0.36,2.0NRT
FIRMS_000303,9.63681,77.75274,21-08-2026,08:13,N20,VIIRS,l,D,340.17,311.74,7.12,0.39,0.36,2.0NRT
FIRMS_000304,9.91944,78.34734,21-08-2026,08:13,N20,VIIRS,n,D,343.05,303.09,3.79,0.39,0.36,2.0NRT
FIRMS_000305,9.83491,78.12406,21-08-2026,08:13,N20,VIIRS,l,D,330.57,300.74,2.45,0.39,0.36,2.0NRT
FIRMS_000306,12.79142,79.90376,21-08-2026,08:16,N20,VIIRS,n,D,332.75,296.99,2.83,0.47,0.4,2.0NRT
FIRMS_000307,9.91726,77.88062,21-08-2026,08:16,N20,VIIRS,n,D,340.62,308.69,4.56,0.39,0.36,2.0NRT
FIRMS_000308,9.94108,77.94887,21-08-2026,08:16,N20,VIIRS,n,D,338.99,303.92,3.52,0.39,0.36,2.0NRT
FIRMS_000309,10.00594,78.04284,21-08-2026,08:16,N20,VIIRS,n,D,331.05,295.84,1,0.39,0.36,2.0NRT
FIRMS_000310,9.91187,77.39479,21-08-2026,08:16,N20,VIIRS,n,D,333.92,302.13,1.93,0.38,0.36,2.0NRT
FIRMS_000311,10.04691,77.9536,21-08-2026,08:16,N20,VIIRS,l,D,333.39,303.77,6.6,0.39,0.36,2.0NRT
FIRMS_000312,10.05023,77.95309,21-08-2026,08:16,N20,VIIRS,n,D,347.01,303.4,6.6,0.39,0.36,2.0NRT
FIRMS_000313,10.0497,77.94958,21-08-2026,08:16,N20,VIIRS,n,D,347.7,305.64,6.6,0.39,0.36,2.0NRT
FIRMS_000314,10.40833,77.98684,21-08-2026,08:16,N20,VIIRS,n,D,340.67,298.48,3.38,0.39,0.36,2.0NRT
FIRMS_000315,10.42592,77.87876,21-08-2026,08:16,N20,VIIRS,n,D,341.73,308.81,7.37,0.39,0.36,2.0NRT
FIRMS_000316,10.40083,77.59858,21-08-2026,08:16,N20,VIIRS,n,D,336.57,306.1,2.3,0.39,0.36,2.0NRT
FIRMS_000317,10.84437,78.89214,21-08-2026,08:16,N20,VIIRS,n,D,337.08,303.04,1.88,0.41,0.37,2.0NRT
FIRMS_000318,10.82362,78.51756,21-08-2026,08:16,N20,VIIRS,l,D,333.02,305.17,2.64,0.4,0.37,2.0NRT
FIRMS_000319,10.86226,78.60471,21-08-2026,08:16,N20,VIIRS,l,D,335.58,306.96,5.59,0.4,0.37,2.0NRT
FIRMS_000320,10.90676,78.79072,21-08-2026,08:16,N20,VIIRS,l,D,337.1,308.57,3.79,0.41,0.37,2.0NRT
FIRMS_000321,10.8966,78.69748,21-08-2026,08:16,N20,VIIRS,l,D,336.22,306.77,3.04,0.41,0.37,2.0NRT
FIRMS_000322,10.8357,78.05394,21-08-2026,08:16,N20,VIIRS,l,D,340.99,311.62,4.7,0.39,0.36,2.0NRT
FIRMS_000323,10.8054,77.76113,21-08-2026,08:16,N20,VIIRS,n,D,340.48,309.96,4.65,0.39,0.36,2.0NRT
FIRMS_000324,11.10589,78.88667,21-08-2026,08:16,N20,VIIRS,n,D,338.26,303.68,1.82,0.41,0.37,2.0NRT
FIRMS_000325,11.10533,78.88292,21-08-2026,08:16,N20,VIIRS,n,D,337.62,304.54,1.82,0.41,0.37,2.0NRT
FIRMS_000326,11.10569,78.88302,21-08-2026,08:16,N20,VIIRS,n,D,340.59,304.33,3.81,0.41,0.37,2.0NRT
FIRMS_000327,11.1194,78.69011,21-08-2026,08:16,N20,VIIRS,n,D,339.67,309.33,7.32,0.41,0.37,2.0NRT
FIRMS_000328,11.04524,77.91196,21-08-2026,08:16,N20,VIIRS,n,D,345.73,302.89,4.75,0.39,0.36,2.0NRT
FIRMS_000329,11.21367,77.60988,21-08-2026,08:16,N20,VIIRS,l,D,338.37,308.71,4.34,0.39,0.36,2.0NRT
FIRMS_000330,11.25254,77.55219,21-08-2026,08:16,N20,VIIRS,n,D,338.94,306.19,4.97,0.39,0.36,2.0NRT
FIRMS_000331,11.17897,76.86507,21-08-2026,08:16,N20,VIIRS,l,D,331.84,302.16,3.47,0.38,0.36,2.0NRT
FIRMS_000332,11.34971,77.56582,21-08-2026,08:16,N20,VIIRS,n,D,335.42,304.54,2.44,0.39,0.36,2.0NRT
FIRMS_000333,11.42352,77.76451,21-08-2026,08:16,N20,VIIRS,n,D,339.77,303.7,3.96,0.39,0.36,2.0NRT
FIRMS_000334,11.42366,77.74271,21-08-2026,08:16,N20,VIIRS,l,D,337.5,308.16,3.7,0.39,0.36,2.0NRT
FIRMS_000335,11.71099,79.12828,21-08-2026,08:16,N20,VIIRS,n,D,348.21,307.85,30.85,0.43,0.38,2.0NRT
FIRMS_000336,11.71043,79.12439,21-08-2026,08:16,N20,VIIRS,n,D,333.44,303.11,8.99,0.43,0.38,2.0NRT
FIRMS_000337,11.52499,77.67209,21-08-2026,08:16,N20,VIIRS,n,D,339.7,306.95,5.68,0.39,0.36,2.0NRT
FIRMS_000338,11.52446,77.66854,21-08-2026,08:16,N20,VIIRS,n,D,337.79,307.36,5.77,0.39,0.36,2.0NRT
FIRMS_000339,12.05095,79.61237,21-08-2026,08:16,N20,VIIRS,n,D,343.91,301.8,5.05,0.45,0.39,2.0NRT
FIRMS_000340,11.81027,77.92296,21-08-2026,08:16,N20,VIIRS,n,D,343.83,307.15,3.37,0.39,0.36,2.0NRT
FIRMS_000341,12.31031,78.07397,21-08-2026,08:16,N20,VIIRS,n,D,331.42,300.53,2.61,0.4,0.37,2.0NRT
FIRMS_000342,12.72135,79.78169,21-08-2026,08:16,N20,VIIRS,n,D,335.43,298.23,3.63,0.46,0.39,2.0NRT
FIRMS_000343,12.85799,79.29736,21-08-2026,08:16,N20,VIIRS,n,D,334.29,297.84,3.16,0.44,0.38,2.0NRT
FIRMS_000344,12.86152,79.29686,21-08-2026,08:16,N20,VIIRS,n,D,336.55,298.09,8.07,0.44,0.38,2.0NRT
FIRMS_000345,13.09303,77.44754,21-08-2026,08:16,N20,VIIRS,n,D,334.14,298.91,2.67,0.39,0.36,2.0NRT
FIRMS_000346,13.26471,77.34718,21-08-2026,08:16,N20,VIIRS,n,D,341.7,300.35,19.62,0.39,0.36,2.0NRT
FIRMS_000347,14.60375,79.65997,21-08-2026,08:16,N20,VIIRS,n,D,333.91,293.59,5.52,0.48,0.4,2.0NRT
FIRMS_000348,14.68579,79.73881,21-08-2026,08:16,N20,VIIRS,n,D,336.96,301.35,2.18,0.48,0.4,2.0NRT
FIRMS_000349,14.68322,79.69376,21-08-2026,08:16,N20,VIIRS,n,D,341.06,303.28,7.5,0.48,0.4,2.0NRT
FIRMS_000350,14.68298,79.69458,21-08-2026,08:16,N20,VIIRS,n,D,344.78,303.07,6.93,0.48,0.4,2.0NRT
FIRMS_000351,14.72931,79.92735,21-08-2026,08:16,N20,VIIRS,n,D,336.28,299.45,3.95,0.49,0.41,2.0NRT
FIRMS_000352,14.73303,79.92682,21-08-2026,08:16,N20,VIIRS,n,D,336.47,297.07,3.95,0.49,0.41,2.0NRT
FIRMS_000353,14.72149,79.72996,21-08-2026,08:16,N20,VIIRS,n,D,336.1,299.34,3,0.48,0.4,2.0NRT
FIRMS_000354,14.52269,77.43584,21-08-2026,08:16,N20,VIIRS,n,D,335.59,301.68,4.98,0.4,0.37,2.0NRT
FIRMS_000355,15.10593,79.37793,21-08-2026,08:16,N20,VIIRS,n,D,341.84,301.9,16.95,0.47,0.4,2.0NRT
FIRMS_000356,15.4127,79.60164,21-08-2026,08:16,N20,VIIRS,n,D,337.37,294.92,4.21,0.48,0.4,2.0NRT
FIRMS_000357,15.41208,79.59715,21-08-2026,08:16,N20,VIIRS,n,D,335.37,295.13,2.69,0.48,0.4,2.0NRT
FIRMS_000358,15.69083,79.12525,21-08-2026,08:16,N20,VIIRS,n,D,334.57,302.75,6.67,0.46,0.39,2.0NRT
FIRMS_000359,15.80123,79.52772,21-08-2026,08:16,N20,VIIRS,n,D,340.5,305.68,14.67,0.49,0.4,2.0NRT
FIRMS_000360,15.60369,77.62315,21-08-2026,08:16,N20,VIIRS,n,D,334.52,300.52,3.09,0.41,0.37,2.0NRT
FIRMS_000361,16.01146,80.31809,21-08-2026,08:16,N20,VIIRS,n,D,339.73,300.01,10.58,0.54,0.42,2.0NRT
FIRMS_000362,15.94305,78.95891,21-08-2026,08:16,N20,VIIRS,l,D,332.2,302.9,4.95,0.46,0.39,2.0NRT
FIRMS_000363,16.04546,79.40362,21-08-2026,08:16,N20,VIIRS,n,D,338.7,302.96,4.21,0.48,0.4,2.0NRT
FIRMS_000364,16.30597,78.48191,21-08-2026,08:16,N20,VIIRS,n,D,336.18,300.5,3.14,0.44,0.38,2.0NRT
FIRMS_000365,16.39512,78.57832,21-08-2026,08:16,N20,VIIRS,n,D,338.95,303.23,3.81,0.44,0.39,2.0NRT
FIRMS_000366,16.38151,78.17361,21-08-2026,08:16,N20,VIIRS,n,D,334.6,298.72,1.71,0.43,0.38,2.0NRT
FIRMS_000367,15.76939,73.70415,21-08-2026,08:16,N20,VIIRS,l,D,207.93,297.41,115.94,0.42,0.38,2.0NRT
FIRMS_000368,15.76875,73.70028,21-08-2026,08:16,N20,VIIRS,l,D,253.68,296.55,115.94,0.42,0.38,2.0NRT
FIRMS_000369,15.77281,73.70358,21-08-2026,08:16,N20,VIIRS,l,D,337.78,295.82,135.46,0.42,0.38,2.0NRT
FIRMS_000370,16.70696,78.27788,21-08-2026,08:16,N20,VIIRS,n,D,338.78,302.8,3.8,0.44,0.38,2.0NRT
FIRMS_000371,17.34807,80.77615,21-08-2026,08:16,N20,VIIRS,n,D,336.74,294.6,4.11,0.4,0.44,2.0NRT
FIRMS_000372,17.61271,78.17559,21-08-2026,08:16,N20,VIIRS,n,D,330.62,299.31,1.89,0.44,0.38,2.0NRT
FIRMS_000373,18.68608,73.04124,21-08-2026,08:18,N20,VIIRS,n,D,335.45,294.98,5.13,0.42,0.37,2.0NRT
FIRMS_000374,18.68586,73.04067,21-08-2026,08:18,N20,VIIRS,n,D,338.76,296.96,11.47,0.42,0.37,2.0NRT
FIRMS_000375,18.68543,73.03734,21-08-2026,08:18,N20,VIIRS,l,D,336.4,297.7,5.13,0.42,0.37,2.0NRT
FIRMS_000376,25.54232,91.23663,21-08-2026,19:04,N20,VIIRS,n,N,300.15,285.37,0.68,0.34,0.56,2.0NRT
FIRMS_000377,22.24438,87.38752,21-08-2026,19:06,N20,VIIRS,n,N,299.85,267.89,0.61,0.54,0.68,2.0NRT
FIRMS_000378,22.37936,87.28155,21-08-2026,20:46,N20,VIIRS,n,N,301.83,266.54,1.29,0.57,0.69,2.0NRT
FIRMS_000379,22.36782,87.30148,21-08-2026,20:46,N20,VIIRS,n,N,299.16,266.13,1.25,0.58,0.69,2.0NRT
FIRMS_000380,22.37672,87.2793,21-08-2026,20:46,N20,VIIRS,n,N,308.26,266.1,1.69,0.57,0.69,2.0NRT
FIRMS_000381,24.76488,74.60672,21-08-2026,20:46,N20,VIIRS,n,N,305.82,285.9,0.9,0.38,0.36,2.0NRT
FIRMS_000382,24.76429,74.6105,21-08-2026,20:46,N20,VIIRS,n,N,305.21,287,0.9,0.38,0.36,2.0NRT
FIRMS_000383,23.31622,70.48621,21-08-2026,20:46,N20,VIIRS,n,N,306.24,292.7,2.39,0.5,0.41,2.0NRT
FIRMS_000384,23.31474,70.489,21-08-2026,20:46,N20,VIIRS,n,N,305.06,292.63,2.75,0.5,0.41,2.0NRT
FIRMS_000385,23.79865,86.35276,21-08-2026,20:46,N20,VIIRS,n,N,296.89,264.93,0.6,0.47,0.64,2.0NRT
FIRMS_000386,23.80517,86.32483,21-08-2026,20:46,N20,VIIRS,n,N,299.37,271.31,0.59,0.47,0.64,2.0NRT
FIRMS_000387,23.67524,86.10297,21-08-2026,20:46,N20,VIIRS,n,N,304.36,276.44,1.08,0.45,0.63,2.0NRT
FIRMS_000388,24.93433,74.63345,21-08-2026,20:46,N20,VIIRS,n,N,309.55,284.89,1.19,0.38,0.36,2.0NRT
FIRMS_000389,22.38068,87.27615,21-08-2026,20:46,N20,VIIRS,n,N,299.45,267.45,1.29,0.57,0.69,2.0NRT
FIRMS_000390,26.60544,73.68332,21-08-2026,20:46,N20,VIIRS,n,N,305.83,291.23,0.72,0.4,0.37,2.0NRT
FIRMS_000391,23.66717,87.15483,21-08-2026,20:46,N20,VIIRS,n,N,301.16,271.52,1.35,0.53,0.67,2.0NRT
FIRMS_000392,23.66597,87.15978,21-08-2026,20:46,N20,VIIRS,n,N,298.35,271.36,1.35,0.53,0.67,2.0NRT
FIRMS_000393,27.79147,75.33251,21-08-2026,20:46,N20,VIIRS,n,N,308.88,292.01,1.11,0.39,0.36,2.0NRT
FIRMS_000394,26.87782,73.51673,21-08-2026,20:46,N20,VIIRS,n,N,305.41,293.05,1.6,0.41,0.37,2.0NRT
FIRMS_000395,24.92892,84.14816,21-08-2026,20:46,N20,VIIRS,n,N,300.73,280.9,0.96,0.32,0.55,2.0NRT
FIRMS_000396,16.87272,80.02097,21-08-2026,20:49,N20,VIIRS,n,N,306.6,290.31,2.46,0.51,0.49,2.0NRT
FIRMS_000397,17.37239,77.44447,21-08-2026,20:49,N20,VIIRS,n,N,303.3,290.53,1.08,0.52,0.42,2.0NRT
FIRMS_000398,17.29276,78.40978,21-08-2026,20:49,N20,VIIRS,n,N,307.97,289.78,0.63,0.39,0.44,2.0NRT
FIRMS_000399,10.24804,77.21256,21-08-2026,20:51,N20,VIIRS,n,N,317.5,276.18,3.35,0.43,0.46,2.0NRT
FIRMS_000400,10.24693,77.2189,21-08-2026,20:51,N20,VIIRS,n,N,300.98,275.38,1.08,0.43,0.46,2.0NRT
FIRMS_000401,10.24635,77.22222,21-08-2026,20:51,N20,VIIRS,n,N,299.68,272.77,1.08,0.43,0.46,2.0NRT
FIRMS_000402,10.24284,77.21765,21-08-2026,20:51,N20,VIIRS,n,N,304.8,270.71,1.08,0.43,0.46,2.0NRT
FIRMS_000403,10.04989,77.95342,21-08-2026,20:51,N20,VIIRS,n,N,306.01,271.05,1.5,0.49,0.48,2.0NRT
FIRMS_000404,10.09197,77.23583,21-08-2026,20:51,N20,VIIRS,n,N,313.81,274.71,1.44,0.44,0.46,2.0NRT
FIRMS_000405,10.0881,77.23328,21-08-2026,20:51,N20,VIIRS,n,N,303.94,273.18,1.44,0.44,0.46,2.0NRT
FIRMS_000406,9.25068,77.32387,21-08-2026,20:51,N20,VIIRS,n,N,328.2,282.69,2.05,0.46,0.47,2.0NRT
FIRMS_000407,9.24611,77.32486,21-08-2026,20:51,N20,VIIRS,n,N,312.59,283.36,2.05,0.46,0.47,2.0NRT
FIRMS_000408,8.74148,77.59866,21-08-2026,20:51,N20,VIIRS,n,N,313.01,287.05,2.36,0.48,0.48,2.0NRT
FIRMS_000409,15.17469,76.65448,21-08-2026,20:51,N20,VIIRS,n,N,311.08,290.84,1.16,0.51,0.41,2.0NRT
FIRMS_000410,15.34147,76.27382,21-08-2026,20:51,N20,VIIRS,n,N,319.07,288.03,1.78,0.48,0.4,2.0NRT
FIRMS_000411,15.34123,76.27532,21-08-2026,20:51,N20,VIIRS,n,N,314.56,288.28,1.74,0.48,0.4,2.0NRT
FIRMS_000412,15.33759,76.27462,21-08-2026,20:51,N20,VIIRS,n,N,307.51,287.9,1.74,0.48,0.4,2.0NRT
FIRMS_000413,15.33529,76.28797,21-08-2026,20:51,N20,VIIRS,n,N,301.39,287.79,0.81,0.48,0.4,2.0NRT
FIRMS_000414,15.0239,78.01542,21-08-2026,20:51,N20,VIIRS,n,N,303.84,280.19,0.69,0.41,0.45,2.0NRT
FIRMS_000415,15.17806,77.1027,21-08-2026,20:51,N20,VIIRS,n,N,300.75,284.82,1.27,0.54,0.42,2.0NRT
FIRMS_000416,15.17424,77.10195,21-08-2026,20:51,N20,VIIRS,n,N,302.77,284.43,1.03,0.54,0.42,2.0NRT
FIRMS_000417,15.226,76.76328,21-08-2026,20:51,N20,VIIRS,n,N,314.41,286.96,1.85,0.51,0.41,2.0NRT
FIRMS_000418,15.65858,73.9884,21-08-2026,20:51,N20,VIIRS,n,N,298.11,285.78,0.84,0.4,0.37,2.0NRT
FIRMS_000419,15.1848,76.66843,21-08-2026,20:51,N20,VIIRS,n,N,312.5,289.81,1.6,0.51,0.41,2.0NRT
FIRMS_000420,15.18107,76.66773,21-08-2026,20:51,N20,VIIRS,n,N,327.9,290.89,2.05,0.51,0.41,2.0NRT
FIRMS_000421,15.18605,76.63982,21-08-2026,20:51,N20,VIIRS,n,N,311.57,289.8,2.21,0.51,0.41,2.0NRT
FIRMS_000422,15.18023,76.67239,21-08-2026,20:51,N20,VIIRS,n,N,304.81,290.12,2.05,0.51,0.41,2.0NRT
FIRMS_000423,15.17984,76.65304,21-08-2026,20:51,N20,VIIRS,n,N,303.59,290.03,2.44,0.51,0.41,2.0NRT
FIRMS_000424,15.17901,76.65769,21-08-2026,20:51,N20,VIIRS,n,N,314.31,290.62,2.73,0.51,0.41,2.0NRT
FIRMS_000425,15.17567,76.67632,21-08-2026,20:51,N20,VIIRS,n,N,307.26,290.1,2.05,0.51,0.41,2.0NRT
FIRMS_000426,15.17318,76.69025,21-08-2026,20:51,N20,VIIRS,n,N,309.94,290.03,1.05,0.51,0.41,2.0NRT
FIRMS_000427,15.17528,76.65698,21-08-2026,20:51,N20,VIIRS,n,N,318.44,291.38,3.34,0.51,0.41,2.0NRT
FIRMS_000428,15.17028,76.68485,21-08-2026,20:51,N20,VIIRS,n,N,304.26,290.14,0.55,0.51,0.41,2.0NRT
FIRMS_000429,15.16905,76.6702,21-08-2026,20:51,N20,VIIRS,n,N,304.24,290.75,1.59,0.51,0.41,2.0NRT
FIRMS_000430,15.13799,76.7103,21-08-2026,20:51,N20,VIIRS,n,N,303.41,290.44,0.82,0.51,0.41,2.0NRT
FIRMS_000431,15.072,76.86435,21-08-2026,20:51,N20,VIIRS,n,N,304.88,290.77,1.57,0.52,0.42,2.0NRT
FIRMS_000432,10.25207,77.21416,21-08-2026,20:51,N20,VIIRS,n,N,309.08,277.14,1.82,0.43,0.46,2.0NRT
FIRMS_000433,10.25036,77.22395,21-08-2026,20:51,N20,VIIRS,n,N,296.03,276.56,1.04,0.43,0.46,2.0NRT
FIRMS_000434,10.24748,77.21574,21-08-2026,20:51,N20,VIIRS,n,N,338.27,278.81,3.35,0.43,0.46,2.0NRT
FIRMS_000435,9.20352,78.30371,22-08-2026,07:56,N20,VIIRS,n,D,333.68,302.82,1.62,0.5,0.41,2.0NRT
FIRMS_000436,9.2829,77.33524,22-08-2026,07:56,N20,VIIRS,n,D,345.97,294.58,17.53,0.57,0.43,2.0NRT
FIRMS_000437,9.28679,77.33433,22-08-2026,07:56,N20,VIIRS,n,D,330.81,293.38,6.25,0.57,0.43,2.0NRT
FIRMS_000438,9.29291,77.32247,22-08-2026,07:56,N20,VIIRS,n,D,336.47,293.93,11.93,0.57,0.43,2.0NRT
FIRMS_000439,9.2991,77.3353,22-08-2026,07:56,N20,VIIRS,n,D,337.3,294.32,5.79,0.57,0.43,2.0NRT
FIRMS_000440,10.95061,76.98169,22-08-2026,07:56,N20,VIIRS,n,D,331.47,290.59,2.18,0.56,0.43,2.0NRT
FIRMS_000441,11.32219,78.36883,22-08-2026,07:56,N20,VIIRS,n,D,334.58,297.03,10.39,0.47,0.4,2.0NRT
FIRMS_000442,11.77874,79.49855,22-08-2026,07:56,N20,VIIRS,l,D,330.79,296.19,3.48,0.42,0.37,2.0NRT
FIRMS_000443,11.72647,78.68995,22-08-2026,07:56,N20,VIIRS,n,D,333.28,299.04,3.48,0.45,0.39,2.0NRT
FIRMS_000444,12.45388,79.08898,22-08-2026,07:56,N20,VIIRS,l,D,334.18,305.99,3.62,0.42,0.38,2.0NRT
FIRMS_000445,15.20262,77.16927,22-08-2026,07:58,N20,VIIRS,l,D,336.63,297.13,11,0.48,0.4,2.0NRT
FIRMS_000446,15.20626,77.16861,22-08-2026,07:58,N20,VIIRS,l,D,336.29,295.59,8.04,0.48,0.4,2.0NRT
FIRMS_000447,15.2055,77.16421,22-08-2026,07:58,N20,VIIRS,n,D,342.71,297.27,11.1,0.48,0.4,2.0NRT
FIRMS_000448,27.42161,70.90594,22-08-2026,08:01,N20,VIIRS,n,D,342.23,303.25,4.14,0.46,0.47,2.0NRT
FIRMS_000449,27.43431,70.793,22-08-2026,08:01,N20,VIIRS,n,D,336.22,303.02,4.25,0.46,0.47,2.0NRT
FIRMS_000450,29.45857,76.8695,22-08-2026,08:01,N20,VIIRS,n,D,339.11,296.9,29.94,0.38,0.36,2.0NRT
FIRMS_000451,29.46125,76.86491,22-08-2026,08:01,N20,VIIRS,n,D,337.25,297.42,29.94,0.38,0.36,2.0NRT
FIRMS_000452,27.32765,95.27467,22-08-2026,18:45,N20,VIIRS,n,N,308.85,287.34,3.06,0.39,0.59,2.0NRT
FIRMS_000453,29.4581,76.86677,22-08-2026,20:25,N20,VIIRS,n,N,312.68,291.19,3.32,0.49,0.4,2.0NRT
FIRMS_000454,28.33879,77.21997,22-08-2026,20:25,N20,VIIRS,n,N,300.38,282.62,0.61,0.46,0.39,2.0NRT
FIRMS_000455,26.25696,74.09583,22-08-2026,20:27,N20,VIIRS,n,N,299.44,286.73,0.22,0.42,0.45,2.0NRT
FIRMS_000456,23.80441,86.32185,22-08-2026,20:27,N20,VIIRS,n,N,314.37,278.84,3.96,0.47,0.48,2.0NRT
FIRMS_000457,23.80258,86.33081,22-08-2026,20:27,N20,VIIRS,n,N,319.81,279.36,3.4,0.47,0.48,2.0NRT
FIRMS_000458,23.79793,86.35358,22-08-2026,20:27,N20,VIIRS,n,N,312.09,278.26,2.19,0.47,0.48,2.0NRT
FIRMS_000459,23.78159,86.345,22-08-2026,20:27,N20,VIIRS,n,N,305.43,276.18,1.65,0.47,0.48,2.0NRT
FIRMS_000460,23.76508,86.40316,22-08-2026,20:27,N20,VIIRS,n,N,303.43,258.66,1.05,0.48,0.48,2.0NRT
FIRMS_000461,23.79524,86.23467,22-08-2026,20:27,N20,VIIRS,n,N,300.12,274.38,0.42,0.47,0.47,2.0NRT
FIRMS_000462,23.76075,86.40213,22-08-2026,20:27,N20,VIIRS,n,N,300.03,257.5,1.05,0.48,0.48,2.0NRT
FIRMS_000463,23.78274,86.20814,22-08-2026,20:27,N20,VIIRS,n,N,314.32,274.92,1.46,0.46,0.47,2.0NRT
FIRMS_000464,23.73578,86.4348,22-08-2026,20:27,N20,VIIRS,n,N,298.59,263.15,2.34,0.48,0.48,2.0NRT
FIRMS_000465,23.74022,86.43286,22-08-2026,20:27,N20,VIIRS,n,N,298.64,261.79,2.53,0.48,0.48,2.0NRT
FIRMS_000466,23.7804,86.20914,22-08-2026,20:27,N20,VIIRS,n,N,318.35,275.53,2.25,0.46,0.47,2.0NRT
FIRMS_000467,23.71044,86.44514,22-08-2026,20:27,N20,VIIRS,n,N,298.48,264.09,2.3,0.48,0.48,2.0NRT
FIRMS_000468,23.68413,86.39545,22-08-2026,20:27,N20,VIIRS,n,N,295.78,256.81,0.66,0.48,0.48,2.0NRT
FIRMS_000469,23.67979,86.39445,22-08-2026,20:27,N20,VIIRS,n,N,296.27,257,0.66,0.48,0.48,2.0NRT
FIRMS_000470,23.75904,85.8523,22-08-2026,20:27,N20,VIIRS,n,N,301.91,277.38,1.26,0.44,0.46,2.0NRT
FIRMS_000471,23.75485,85.85135,22-08-2026,20:27,N20,VIIRS,n,N,305.09,277.75,1.26,0.44,0.46,2.0NRT
FIRMS_000472,23.78721,85.55401,22-08-2026,20:27,N20,VIIRS,n,N,307.75,278.23,0.8,0.42,0.46,2.0NRT
FIRMS_000473,23.6965,85.3699,22-08-2026,20:27,N20,VIIRS,n,N,313.84,280.59,1.61,0.42,0.45,2.0NRT
FIRMS_000474,23.65643,85.50846,22-08-2026,20:27,N20,VIIRS,n,N,301.58,272.26,0.71,0.42,0.45,2.0NRT
FIRMS_000475,23.74177,85.00876,22-08-2026,20:27,N20,VIIRS,n,N,306.46,283.42,1.97,0.4,0.44,2.0NRT
FIRMS_000476,23.64876,85.43883,22-08-2026,20:27,N20,VIIRS,n,N,317.96,280.79,2.37,0.42,0.45,2.0NRT
FIRMS_000477,23.72109,85.00806,22-08-2026,20:27,N20,VIIRS,n,N,305.36,282.85,0.74,0.4,0.44,2.0NRT
FIRMS_000478,24.76343,74.60846,22-08-2026,20:27,N20,VIIRS,n,N,309.22,291.91,1.66,0.56,0.43,2.0NRT
FIRMS_000479,22.87493,86.06339,22-08-2026,20:27,N20,VIIRS,n,N,307.34,276.88,0.99,0.47,0.48,2.0NRT
FIRMS_000480,22.80076,86.0909,22-08-2026,20:27,N20,VIIRS,n,N,311.78,282.33,2.11,0.48,0.48,2.0NRT
FIRMS_000481,24.661,74.63132,22-08-2026,20:27,N20,VIIRS,n,N,303.41,290.51,1.23,0.56,0.43,2.0NRT
FIRMS_000482,22.13482,85.38378,22-08-2026,20:27,N20,VIIRS,n,N,296.32,272.94,0.5,0.44,0.46,2.0NRT
FIRMS_000483,22.3208,82.56306,22-08-2026,20:27,N20,VIIRS,n,N,301.62,271.16,0.68,0.47,0.39,2.0NRT
FIRMS_000484,22.32,82.56749,22-08-2026,20:27,N20,VIIRS,n,N,298.3,270.71,0.68,0.47,0.39,2.0NRT
FIRMS_000485,22.01529,83.75329,22-08-2026,20:27,N20,VIIRS,n,N,305.48,286.03,1.78,0.54,0.42,2.0NRT
FIRMS_000486,21.92231,83.34942,22-08-2026,20:27,N20,VIIRS,n,N,303.87,283.87,1.9,0.51,0.41,2.0NRT
FIRMS_000487,22.00384,82.66708,22-08-2026,20:27,N20,VIIRS,n,N,303.09,276.74,1.15,0.48,0.4,2.0NRT
FIRMS_000488,22.00303,82.67159,22-08-2026,20:27,N20,VIIRS,n,N,297.66,273.93,0.95,0.48,0.4,2.0NRT
FIRMS_000489,21.75515,83.8454,22-08-2026,20:27,N20,VIIRS,n,N,296.76,282.97,1.12,0.55,0.43,2.0NRT
FIRMS_000490,21.00268,86.02658,22-08-2026,20:27,N20,VIIRS,n,N,302.8,274.23,1.06,0.51,0.49,2.0NRT
FIRMS_000491,20.96992,86.00403,22-08-2026,20:27,N20,VIIRS,n,N,304.73,274.33,0.91,0.51,0.49,2.0NRT
FIRMS_000492,20.96893,86.00884,22-08-2026,20:27,N20,VIIRS,n,N,299.75,273.37,0.91,0.51,0.49,2.0NRT
FIRMS_000493,20.96815,86.00194,22-08-2026,20:27,N20,VIIRS,n,N,305.77,275.25,1.79,0.51,0.49,2.0NRT
FIRMS_000494,20.86482,84.9866,22-08-2026,20:27,N20,VIIRS,n,N,305.73,280.83,1.38,0.44,0.46,2.0NRT
FIRMS_000495,20.86397,84.99087,22-08-2026,20:27,N20,VIIRS,n,N,305.36,281.18,1.38,0.44,0.46,2.0NRT
FIRMS_000496,21.11185,72.63547,22-08-2026,20:27,N20,VIIRS,n,N,306.57,289.53,2.42,0.44,0.46,2.0NRT
FIRMS_000497,21.10659,72.64334,22-08-2026,20:27,N20,VIIRS,n,N,339.42,290.38,10.55,0.44,0.46,2.0NRT
FIRMS_000498,21.10608,72.64758,22-08-2026,20:27,N20,VIIRS,n,N,314.44,290.11,6.91,0.44,0.46,2.0NRT
FIRMS_000499,21.10335,72.63428,22-08-2026,20:27,N20,VIIRS,n,N,339.93,291.35,5.75,0.44,0.46,2.0NRT
FIRMS_000500,16.07088,79.09984,22-08-2026,20:29,N20,VIIRS,n,N,317.51,290.36,2.05,0.4,0.37,2.0NRT
FIRMS_000501,11.81647,77.9164,22-08-2026,20:32,N20,VIIRS,n,N,309.18,285.3,1.24,0.4,0.37,2.0NRT
FIRMS_000502,11.81588,77.92001,22-08-2026,20:32,N20,VIIRS,n,N,304.56,285.52,0.85,0.4,0.37,2.0NRT
FIRMS_000503,11.81195,77.92308,22-08-2026,20:32,N20,VIIRS,n,N,308.09,284.27,0.85,0.4,0.37,2.0NRT
FIRMS_000504,11.8086,77.92253,22-08-2026,20:32,N20,VIIRS,n,N,314.27,284.16,1.3,0.4,0.37,2.0NRT
FIRMS_000505,11.18339,79.09859,22-08-2026,20:32,N20,VIIRS,n,N,303.85,286.39,0.93,0.44,0.38,2.0NRT
FIRMS_000506,11.25874,77.70227,22-08-2026,20:32,N20,VIIRS,n,N,301.2,277.19,0.33,0.4,0.37,2.0NRT
FIRMS_000507,10.92976,77.06505,22-08-2026,20:32,N20,VIIRS,n,N,307.27,291.69,0.81,0.39,0.36,2.0NRT
FIRMS_000508,10.92371,77.06046,22-08-2026,20:32,N20,VIIRS,n,N,303.12,292.05,0.32,0.39,0.36,2.0NRT
FIRMS_000509,10.68492,77.50858,22-08-2026,20:32,N20,VIIRS,n,N,312.86,293.28,1.24,0.39,0.37,2.0NRT
FIRMS_000510,10.61762,77.42123,22-08-2026,20:32,N20,VIIRS,n,N,308.25,293.57,0.95,0.39,0.36,2.0NRT
FIRMS_000511,10.24232,77.21516,22-08-2026,20:32,N20,VIIRS,n,N,301.37,278.85,1,0.39,0.36,2.0NRT
FIRMS_000512,10.23955,77.2112,22-08-2026,20:32,N20,VIIRS,n,N,300.55,279.32,1,0.39,0.36,2.0NRT
FIRMS_000513,10.23901,77.21459,22-08-2026,20:32,N20,VIIRS,n,N,316.59,278.66,1,0.39,0.36,2.0NRT
FIRMS_000514,8.74051,77.59778,22-08-2026,20:32,N20,VIIRS,n,N,296.69,268.68,0.78,0.41,0.37,2.0NRT
FIRMS_000515,8.44259,77.65411,23-08-2026,07:37,N20,VIIRS,n,D,340.55,301.35,2.73,0.39,0.59,2.0NRT
FIRMS_000516,9.9144,78.20298,23-08-2026,07:37,N20,VIIRS,n,D,338.69,294.36,5.55,0.33,0.56,2.0NRT
FIRMS_000517,10.90665,78.5351,23-08-2026,07:37,N20,VIIRS,n,D,345.92,292.03,19.65,0.61,0.53,2.0NRT
FIRMS_000518,10.90538,78.5389,23-08-2026,07:37,N20,VIIRS,n,D,341.88,291.32,10.05,0.61,0.53,2.0NRT
FIRMS_000519,10.90437,78.53344,23-08-2026,07:37,N20,VIIRS,n,D,340.56,292.03,10.56,0.61,0.53,2.0NRT
FIRMS_000520,12.66366,79.68339,23-08-2026,07:37,N20,VIIRS,n,D,333.57,295.51,3.51,0.47,0.48,2.0NRT
FIRMS_000521,12.83614,79.93994,23-08-2026,07:37,N20,VIIRS,n,D,330.37,300.11,7.06,0.45,0.47,2.0NRT
FIRMS_000522,15.13026,77.57384,23-08-2026,07:37,N20,VIIRS,n,D,332.19,286.74,3.87,0.59,0.53,2.0NRT
FIRMS_000523,15.18056,77.62939,23-08-2026,07:37,N20,VIIRS,n,D,339.76,281.51,7.16,0.59,0.53,2.0NRT
FIRMS_000524,23.68365,86.39413,23-08-2026,07:39,N20,VIIRS,n,D,342.21,297.15,4.46,0.44,0.39,2.0NRT
FIRMS_000525,18.70828,74.36279,23-08-2026,07:39,N20,VIIRS,n,D,342.67,289.28,4.53,0.41,0.61,2.0NRT
FIRMS_000526,21.1777,81.38538,23-08-2026,07:39,N20,VIIRS,l,D,334.02,292.62,6.9,0.43,0.38,2.0NRT
FIRMS_000527,21.1971,81.41568,23-08-2026,07:39,N20,VIIRS,l,D,330.6,293.15,4.41,0.43,0.38,2.0NRT
FIRMS_000528,23.67718,86.3996,23-08-2026,07:39,N20,VIIRS,n,D,334.56,296.72,8.98,0.44,0.39,2.0NRT
FIRMS_000529,23.68718,86.39358,23-08-2026,07:39,N20,VIIRS,n,D,330.24,296.19,4.46,0.44,0.39,2.0NRT
FIRMS_000530,23.67965,86.09396,23-08-2026,07:39,N20,VIIRS,n,D,336.48,291.56,7.89,0.43,0.38,2.0NRT
FIRMS_000531,23.73584,86.43473,23-08-2026,07:39,N20,VIIRS,n,D,337.91,294.67,6.75,0.45,0.39,2.0NRT
FIRMS_000532,23.75711,86.40475,23-08-2026,07:39,N20,VIIRS,n,D,335.49,296.25,5.23,0.44,0.39,2.0NRT
FIRMS_000533,23.76064,86.4042,23-08-2026,07:39,N20,VIIRS,n,D,333.93,294.65,5.23,0.44,0.39,2.0NRT
FIRMS_000534,23.78134,86.21207,23-08-2026,07:39,N20,VIIRS,n,D,330.46,294.77,2.2,0.44,0.38,2.0NRT
FIRMS_000535,23.80126,86.33157,23-08-2026,07:39,N20,VIIRS,n,D,336.99,292.75,3.63,0.44,0.38,2.0NRT
FIRMS_000536,23.80175,86.3328,23-08-2026,07:39,N20,VIIRS,n,D,333.09,293.6,2.54,0.44,0.38,2.0NRT
FIRMS_000537,29.45724,76.86423,23-08-2026,07:41,N20,VIIRS,n,D,336.34,295.68,5.74,0.54,0.42,2.0NRT
FIRMS_000538,29.45937,76.86541,23-08-2026,07:41,N20,VIIRS,n,D,330.47,295.22,1.98,0.54,0.42,2.0NRT
FIRMS_000539,33.29054,75.72936,23-08-2026,20:06,N20,VIIRS,n,N,299.87,284.18,0.62,0.39,0.59,2.0NRT
FIRMS_000540,31.26112,76.91966,23-08-2026,20:06,N20,VIIRS,n,N,300.98,289.65,0.92,0.62,0.54,2.0NRT
FIRMS_000541,28.35041,77.25633,23-08-2026,20:08,N20,VIIRS,n,N,305,286.05,2.99,0.55,0.51,2.0NRT
FIRMS_000542,24.11545,86.86011,23-08-2026,20:08,N20,VIIRS,n,N,314.86,285.22,2.03,0.43,0.38,2.0NRT
FIRMS_000543,23.6954,87.12105,23-08-2026,20:08,N20,VIIRS,n,N,304.06,287.84,2.35,0.44,0.38,2.0NRT
FIRMS_000544,23.69465,87.12528,23-08-2026,20:08,N20,VIIRS,n,N,306.24,286.94,2.37,0.44,0.38,2.0NRT
FIRMS_000545,23.6919,87.12032,23-08-2026,20:08,N20,VIIRS,n,N,302.54,287.44,1.86,0.44,0.38,2.0NRT
FIRMS_000546,23.76136,86.39938,23-08-2026,20:08,N20,VIIRS,n,N,305.61,283.78,1.31,0.42,0.37,2.0NRT
FIRMS_000547,23.76068,86.4034,23-08-2026,20:08,N20,VIIRS,n,N,312.84,283.52,1.63,0.42,0.37,2.0NRT
FIRMS_000548,23.75728,86.40272,23-08-2026,20:08,N20,VIIRS,n,N,319.82,286,1.89,0.42,0.37,2.0NRT
FIRMS_000549,23.75659,86.40674,23-08-2026,20:08,N20,VIIRS,n,N,302.49,285.35,1.89,0.42,0.37,2.0NRT
FIRMS_000550,23.75456,86.39803,23-08-2026,20:08,N20,VIIRS,n,N,305.9,286.4,2.74,0.42,0.37,2.0NRT
FIRMS_000551,23.75112,86.41814,23-08-2026,20:08,N20,VIIRS,n,N,307.83,285.08,1.82,0.42,0.37,2.0NRT
FIRMS_000552,23.73815,86.43221,23-08-2026,20:08,N20,VIIRS,n,N,314.1,282.38,1.32,0.42,0.37,2.0NRT
FIRMS_000553,23.73746,86.43626,23-08-2026,20:08,N20,VIIRS,n,N,305.19,280.63,1.32,0.42,0.37,2.0NRT
FIRMS_000554,23.68035,86.39971,23-08-2026,20:08,N20,VIIRS,n,N,304.64,286.73,1.7,0.42,0.37,2.0NRT
FIRMS_000555,23.67764,86.39501,23-08-2026,20:08,N20,VIIRS,n,N,317.98,288.05,1.7,0.42,0.37,2.0NRT
FIRMS_000556,23.67694,86.39905,23-08-2026,20:08,N20,VIIRS,n,N,319.92,288.69,1.7,0.42,0.37,2.0NRT
FIRMS_000557,23.67624,86.40308,23-08-2026,20:08,N20,VIIRS,n,N,309.51,288.18,1.53,0.42,0.37,2.0NRT
FIRMS_000558,23.5534,86.54269,23-08-2026,20:08,N20,VIIRS,n,N,298.62,284.28,0.75,0.42,0.38,2.0NRT
FIRMS_000559,23.54998,86.54199,23-08-2026,20:08,N20,VIIRS,n,N,298.65,282.41,0.75,0.42,0.38,2.0NRT
FIRMS_000560,24.66104,74.63218,23-08-2026,20:08,N20,VIIRS,n,N,300.17,287.28,1.07,0.36,0.58,2.0NRT
FIRMS_000561,24.66073,74.6358,23-08-2026,20:08,N20,VIIRS,n,N,299.51,287.08,1.07,0.36,0.58,2.0NRT
FIRMS_000562,22.37793,87.27869,23-08-2026,20:08,N20,VIIRS,n,N,334.11,285.45,5.81,0.46,0.39,2.0NRT
FIRMS_000563,22.36682,87.2994,23-08-2026,20:08,N20,VIIRS,n,N,315.55,284.36,2.08,0.46,0.39,2.0NRT
FIRMS_000564,22.36603,87.30385,23-08-2026,20:08,N20,VIIRS,n,N,304.35,283.85,1.72,0.46,0.39,2.0NRT
FIRMS_000565,22.36325,87.29866,23-08-2026,20:08,N20,VIIRS,n,N,304,283.68,0.94,0.46,0.39,2.0NRT
FIRMS_000566,22.35769,87.28828,23-08-2026,20:08,N20,VIIRS,n,N,307.75,284.78,1.02,0.46,0.39,2.0NRT
FIRMS_000567,22.36573,87.01741,23-08-2026,20:08,N20,VIIRS,n,N,307.35,279.63,1.01,0.45,0.39,2.0NRT
FIRMS_000568,22.3622,87.01669,23-08-2026,20:08,N20,VIIRS,n,N,307.52,280.69,1,0.45,0.39,2.0NRT
FIRMS_000569,22.05326,88.12505,23-08-2026,20:08,N20,VIIRS,n,N,307.4,282.3,2.69,0.51,0.41,2.0NRT
FIRMS_000570,27.37927,95.08714,23-08-2026,20:08,N20,VIIRS,n,N,301.67,268.78,0.49,0.35,0.57,2.0NRT
FIRMS_000571,27.32492,95.27525,23-08-2026,20:08,N20,VIIRS,n,N,299.75,268.02,0.65,0.36,0.57,2.0NRT
FIRMS_000572,27.31631,95.26515,23-08-2026,20:08,N20,VIIRS,n,N,296.82,265.87,0.28,0.36,0.57,2.0NRT
FIRMS_000573,29.46107,76.86459,23-08-2026,20:08,N20,VIIRS,n,N,308.59,290.43,3.9,0.6,0.53,2.0NRT
FIRMS_000574,29.45618,76.86398,23-08-2026,20:08,N20,VIIRS,n,N,333.18,290.69,3.9,0.6,0.53,2.0NRT
FIRMS_000575,29.46122,76.88956,23-08-2026,20:08,N20,VIIRS,n,N,307.93,290.09,3.65,0.6,0.53,2.0NRT
FIRMS_000576,29.45866,76.86417,23-08-2026,20:08,N20,VIIRS,n,N,337.19,290.59,6.75,0.6,0.53,2.0NRT
FIRMS_000577,28.83727,77.13653,23-08-2026,20:08,N20,VIIRS,n,N,303.18,287.27,2.26,0.57,0.52,2.0NRT
FIRMS_000578,28.35195,77.25737,23-08-2026,20:08,N20,VIIRS,n,N,303.02,285.41,3.28,0.55,0.51,2.0NRT
FIRMS_000579,26.26939,74.18853,23-08-2026,20:08,N20,VIIRS,n,N,303.21,287.36,0.91,0.4,0.6,2.0NRT
FIRMS_000580,24.12066,86.86448,23-08-2026,20:08,N20,VIIRS,n,N,311.8,285.06,1.33,0.43,0.38,2.0NRT
FIRMS_000581,24.12162,86.86566,23-08-2026,20:08,N20,VIIRS,n,N,304.33,284.77,1.56,0.43,0.38,2.0NRT
FIRMS_000582,21.10283,72.63239,23-08-2026,20:10,N20,VIIRS,n,N,315.35,288.47,1.66,0.45,0.63,2.0NRT
FIRMS_000583,18.68086,73.03121,23-08-2026,20:10,N20,VIIRS,n,N,297.68,285.37,1.5,0.39,0.6,2.0NRT
FIRMS_000584,18.68132,73.03327,23-08-2026,20:10,N20,VIIRS,n,N,296.61,286.61,1.48,0.39,0.6,2.0NRT
FIRMS_000585,21.10242,72.63674,23-08-2026,20:10,N20,VIIRS,n,N,303.85,288.59,1.66,0.45,0.63,2.0NRT
FIRMS_000586,10.07273,77.25261,23-08-2026,20:12,N20,VIIRS,n,N,322.31,288.36,2.32,0.49,0.4,2.0NRT
FIRMS_000587,10.88856,78.48952,23-08-2026,20:12,N20,VIIRS,n,N,318.63,291.13,3.34,0.44,0.38,2.0NRT
FIRMS_000588,10.07212,77.25668,23-08-2026,20:12,N20,VIIRS,n,N,332.29,290.02,2.6,0.49,0.4,2.0NRT
FIRMS_000589,10.07588,77.25687,23-08-2026,20:12,N20,VIIRS,n,N,302.63,288.18,2.6,0.49,0.4,2.0NRT
FIRMS_000590,10.07459,77.25485,23-08-2026,20:12,N20,VIIRS,n,N,309.07,288.03,1.31,0.49,0.4,2.0NRT
FIRMS_000591,31.25682,76.92467,23-08-2026,21:46,N20,VIIRS,n,N,299.45,287.71,1.46,0.74,0.76,2.0NRT
FIRMS_000592,32.00023,78.53627,24-08-2026,07:24,N20,VIIRS,n,D,343.6,309.57,8.91,0.47,0.48,2.0NRT
FIRMS_000593,23.55629,87.24419,24-08-2026,19:49,N20,VIIRS,n,N,306.97,287.04,2.3,0.4,0.37,2.0NRT
FIRMS_000594,23.65765,85.50914,24-08-2026,19:49,N20,VIIRS,n,N,301.62,289.07,1.35,0.46,0.39,2.0NRT
FIRMS_000595,23.55686,87.24026,24-08-2026,19:49,N20,VIIRS,n,N,330.3,287.55,2.3,0.4,0.37,2.0NRT
FIRMS_000596,23.65687,85.50671,24-08-2026,19:49,N20,VIIRS,n,N,300.76,289.06,0.68,0.46,0.39,2.0NRT
FIRMS_000597,23.66972,84.99499,24-08-2026,19:49,N20,VIIRS,n,N,300.78,288.22,1.35,0.49,0.4,2.0NRT
FIRMS_000598,22.37741,87.27945,24-08-2026,19:49,N20,VIIRS,n,N,342.9,295.02,3.79,0.4,0.37,2.0NRT
FIRMS_000599,22.37798,87.27563,24-08-2026,19:49,N20,VIIRS,n,N,312.37,291.75,3.79,0.4,0.37,2.0NRT
FIRMS_000600,22.36729,87.30124,24-08-2026,19:49,N20,VIIRS,n,N,307.56,292.01,2.36,0.4,0.37,2.0NRT
FIRMS_000601,22.36395,87.30066,24-08-2026,19:49,N20,VIIRS,n,N,327.09,292.72,2.36,0.4,0.37,2.0NRT
FIRMS_000602,22.35897,87.28802,24-08-2026,19:49,N20,VIIRS,n,N,314.13,291.69,1.39,0.4,0.37,2.0NRT
FIRMS_000603,22.3584,87.29185,24-08-2026,19:49,N20,VIIRS,n,N,309.63,292.17,1.39,0.4,0.37,2.0NRT
FIRMS_000604,23.56024,87.24084,24-08-2026,19:49,N20,VIIRS,n,N,317.79,285.5,2.15,0.4,0.37,2.0NRT
FIRMS_000605,23.75644,85.85175,24-08-2026,19:49,N20,VIIRS,n,N,306.19,289.93,1.51,0.45,0.39,2.0NRT
FIRMS_000606,23.7594,85.85674,24-08-2026,19:49,N20,VIIRS,n,N,309.62,290.4,1.51,0.45,0.39,2.0NRT
FIRMS_000607,23.76,85.85234,24-08-2026,19:49,N20,VIIRS,n,N,302.56,289.08,1.51,0.45,0.39,2.0NRT
FIRMS_000608,23.68914,87.10023,24-08-2026,19:49,N20,VIIRS,n,N,300.3,277.44,0.92,0.41,0.37,2.0NRT
FIRMS_000609,23.80593,86.32925,24-08-2026,19:49,N20,VIIRS,n,N,301.64,287.99,1.14,0.43,0.38,2.0NRT
FIRMS_000610,17.60995,83.20184,24-08-2026,19:51,N20,VIIRS,n,N,302.24,282.89,2.91,0.52,0.41,2.0NRT
FIRMS_000611,15.18525,76.66425,24-08-2026,19:51,N20,VIIRS,n,N,317.21,279.86,2.67,0.42,0.61,2.0NRT
FIRMS_000612,15.18397,76.67608,24-08-2026,19:51,N20,VIIRS,n,N,307.12,280.32,1.58,0.42,0.61,2.0NRT
FIRMS_000613,15.17959,76.6636,24-08-2026,19:51,N20,VIIRS,n,N,300.38,279.65,1.44,0.42,0.61,2.0NRT
FIRMS_000614,15.17831,76.67545,24-08-2026,19:51,N20,VIIRS,n,N,302.22,280.88,1.34,0.42,0.61,2.0NRT
FIRMS_000615,15.18871,76.6569,24-08-2026,19:51,N20,VIIRS,n,N,301.81,280.75,2.33,0.42,0.61,2.0NRT
FIRMS_000616,15.18643,76.67658,24-08-2026,19:51,N20,VIIRS,n,N,305.01,280.13,2.84,0.42,0.61,2.0NRT
FIRMS_000617,15.18214,76.66415,24-08-2026,19:51,N20,VIIRS,n,N,322.33,279.71,3.62,0.42,0.61,2.0NRT
FIRMS_000618,15.17784,76.65171,24-08-2026,19:51,N20,VIIRS,n,N,302.12,278.92,1.57,0.42,0.61,2.0NRT
FIRMS_000619,15.17738,76.65565,24-08-2026,19:51,N20,VIIRS,n,N,301.94,280.24,2.18,0.42,0.61,2.0NRT
FIRMS_000620,31.25751,76.92367,24-08-2026,21:27,N20,VIIRS,n,N,302.19,288.38,0.81,0.4,0.6,2.0NRT
FIRMS_000621,24.8207,73.09208,24-08-2026,21:29,N20,VIIRS,n,N,303.71,286.95,0.73,0.33,0.55,2.0NRT
FIRMS_000622,26.25711,74.09373,24-08-2026,21:29,N20,VIIRS,n,N,303.31,290.28,0.65,0.35,0.57,2.0NRT
FIRMS_000623,24.68919,73.00189,24-08-2026,21:29,N20,VIIRS,n,N,304.95,290.34,0.68,0.32,0.55,2.0NRT
FIRMS_000624,24.82048,73.09338,24-08-2026,21:29,N20,VIIRS,n,N,302.31,286.88,0.84,0.33,0.55,2.0NRT
FIRMS_000625,25.94493,72.19168,24-08-2026,21:29,N20,VIIRS,n,N,307.22,293.25,1.55,0.54,0.51,2.0NRT
FIRMS_000626,21.1045,72.63617,24-08-2026,21:31,N20,VIIRS,n,N,337.36,289.47,5.37,0.36,0.58,2.0NRT
FIRMS_000627,22.92938,70.10797,24-08-2026,21:31,N20,VIIRS,n,N,307.66,293.79,1.57,0.47,0.47,2.0NRT
FIRMS_000628,22.93402,69.69881,24-08-2026,21:31,N20,VIIRS,n,N,314.16,294.18,2.18,0.44,0.46,2.0NRT
FIRMS_000629,22.34236,69.87119,24-08-2026,21:31,N20,VIIRS,n,N,331,292.96,5.31,0.46,0.47,2.0NRT
FIRMS_000630,21.10818,72.64432,24-08-2026,21:31,N20,VIIRS,n,N,328.48,289.54,3.22,0.37,0.58,2.0NRT
FIRMS_000631,21.10742,72.64774,24-08-2026,21:31,N20,VIIRS,n,N,320.64,290.58,3.22,0.37,0.58,2.0NRT
FIRMS_000632,29.45627,76.8924,25-08-2026,07:05,N20,VIIRS,n,D,327.41,281.67,4.73,0.63,0.72,2.0NRT
FIRMS_000633,15.38928,75.22285,25-08-2026,08:41,N20,VIIRS,n,D,331.45,297.05,3.57,0.42,0.45,2.0NRT
FIRMS_000634,17.08532,79.68513,25-08-2026,08:41,N20,VIIRS,n,D,332.03,288.06,4.27,0.43,0.62,2.0NRT
FIRMS_000635,14.86755,79.73705,25-08-2026,08:41,N20,VIIRS,n,D,337.02,291.31,3.45,0.41,0.61,2.0NRT
FIRMS_000636,18.70882,74.45466,25-08-2026,08:41,N20,VIIRS,n,D,336.09,295.12,3.57,0.41,0.45,2.0NRT
FIRMS_000637,21.10028,72.63832,25-08-2026,08:43,N20,VIIRS,n,D,336.63,288.5,6.64,0.52,0.42,2.0NRT
FIRMS_000638,21.10536,72.64783,25-08-2026,08:43,N20,VIIRS,n,D,332.66,289.06,6.03,0.52,0.42,2.0NRT
FIRMS_000639,22.93576,69.1861,25-08-2026,08:43,N20,VIIRS,n,D,331.31,298.51,0.9,0.4,0.37,2.0NRT
FIRMS_000640,26.75963,83.19836,25-08-2026,19:30,N20,VIIRS,n,N,301.32,278.65,1.23,0.44,0.62,2.0NRT
FIRMS_000641,22.80134,86.09074,25-08-2026,19:32,N20,VIIRS,n,N,308.76,281.25,2.73,0.52,0.5,2.0NRT
FIRMS_000642,23.66496,87.15575,25-08-2026,19:32,N20,VIIRS,n,N,310.24,276.63,1.93,0.46,0.47,2.0NRT
FIRMS_000643,23.61165,87.14617,25-08-2026,19:32,N20,VIIRS,n,N,298.73,274.79,0.41,0.46,0.47,2.0NRT
FIRMS_000644,23.56146,87.23864,25-08-2026,19:32,N20,VIIRS,n,N,298.85,276.18,0.59,0.45,0.47,2.0NRT
FIRMS_000645,22.78985,86.19658,25-08-2026,19:32,N20,VIIRS,n,N,299.79,278.86,1.59,0.51,0.49,2.0NRT
FIRMS_000646,22.7893,86.20161,25-08-2026,19:32,N20,VIIRS,n,N,298.23,279.01,0.92,0.51,0.49,2.0NRT
FIRMS_000647,22.78875,86.20664,25-08-2026,19:32,N20,VIIRS,n,N,298.14,276.01,0.92,0.51,0.49,2.0NRT
FIRMS_000648,22.3689,87.30096,25-08-2026,19:32,N20,VIIRS,n,N,305.95,288.76,2.38,0.43,0.46,2.0NRT
FIRMS_000649,22.36469,87.30035,25-08-2026,19:32,N20,VIIRS,n,N,317.29,288.75,3.38,0.43,0.46,2.0NRT
FIRMS_000650,22.35725,87.29079,25-08-2026,19:32,N20,VIIRS,n,N,305.1,287.79,1.92,0.43,0.46,2.0NRT
FIRMS_000651,21.74762,83.84057,25-08-2026,19:32,N20,VIIRS,n,N,298.87,279.45,0.68,0.35,0.57,2.0NRT
FIRMS_000652,21.39248,81.64462,25-08-2026,19:32,N20,VIIRS,n,N,301.02,277.24,0.73,0.48,0.65,2.0NRT
FIRMS_000653,21.37752,81.67648,25-08-2026,19:32,N20,VIIRS,n,N,303.65,277.68,1.85,0.48,0.65,2.0NRT
FIRMS_000654,21.19596,81.41667,25-08-2026,19:32,N20,VIIRS,n,N,327.82,281.6,2.93,0.5,0.66,2.0NRT
FIRMS_000655,21.19639,81.41189,25-08-2026,19:32,N20,VIIRS,n,N,307.28,281.28,2.93,0.5,0.66,2.0NRT
FIRMS_000656,21.3352,78.96751,25-08-2026,19:32,N20,VIIRS,n,N,301.03,280.3,2.37,0.72,0.76,2.0NRT
FIRMS_000657,17.6105,83.20296,25-08-2026,19:32,N20,VIIRS,n,N,318.58,287.06,1.83,0.34,0.56,2.0NRT
FIRMS_000658,17.60567,83.19904,25-08-2026,19:32,N20,VIIRS,n,N,306.36,285.52,1.83,0.34,0.56,2.0NRT
FIRMS_000659,34.47789,73.86224,25-08-2026,21:08,N20,VIIRS,n,N,296.97,286.25,6.61,0.42,0.38,2.0NRT
FIRMS_000660,34.47523,73.85731,25-08-2026,21:08,N20,VIIRS,n,N,331.54,291.71,6.61,0.42,0.38,2.0NRT
FIRMS_000661,34.47445,73.86165,25-08-2026,21:08,N20,VIIRS,n,N,303.5,288.2,6.61,0.42,0.38,2.0NRT
FIRMS_000662,34.47186,73.85632,25-08-2026,21:08,N20,VIIRS,n,N,298.24,287.8,1.3,0.42,0.38,2.0NRT
FIRMS_000663,25.9438,72.19157,25-08-2026,21:12,N20,VIIRS,n,N,304.35,280.35,0.77,0.45,0.39,2.0NRT
FIRMS_000664,21.18221,81.38339,25-08-2026,21:12,N20,VIIRS,n,N,302.23,282.69,3.38,0.65,0.73,2.0NRT
FIRMS_000665,23.49973,68.57806,25-08-2026,21:12,N20,VIIRS,n,N,299.67,289.53,0.72,0.38,0.36,2.0NRT
FIRMS_000666,22.92767,70.10764,25-08-2026,21:12,N20,VIIRS,n,N,315.24,293.46,1.1,0.41,0.37,2.0NRT
FIRMS_000667,22.92693,69.82433,25-08-2026,21:12,N20,VIIRS,n,N,307.02,294.39,2.03,0.4,0.37,2.0NRT
FIRMS_000668,22.93445,69.69788,25-08-2026,21:12,N20,VIIRS,n,N,330.6,293.92,3.76,0.4,0.37,2.0NRT
FIRMS_000669,22.9338,69.70174,25-08-2026,21:12,N20,VIIRS,n,N,317.05,294.03,2.97,0.4,0.37,2.0NRT
FIRMS_000670,22.9311,69.69724,25-08-2026,21:12,N20,VIIRS,n,N,306.28,294.03,1.76,0.4,0.37,2.0NRT
FIRMS_000671,22.3412,69.85442,25-08-2026,21:12,N20,VIIRS,n,N,306.8,291.97,2.19,0.41,0.37,2.0NRT
FIRMS_000672,22.33997,69.85574,25-08-2026,21:12,N20,VIIRS,n,N,308.37,292.92,3.06,0.41,0.37,2.0NRT
FIRMS_000673,22.42014,69.04203,25-08-2026,21:12,N20,VIIRS,n,N,302.36,284.81,0.79,0.39,0.36,2.0NRT
FIRMS_000674,22.41745,69.03764,25-08-2026,21:12,N20,VIIRS,n,N,310.21,285.03,0.7,0.39,0.36,2.0NRT
FIRMS_000675,21.10566,72.6433,25-08-2026,21:12,N20,VIIRS,n,N,330.23,288.03,9.44,0.56,0.43,2.0NRT
FIRMS_000676,21.10278,72.63721,25-08-2026,21:12,N20,VIIRS,n,N,322.81,288.84,5.36,0.56,0.43,2.0NRT
FIRMS_000677,20.9112,71.45757,25-08-2026,21:12,N20,VIIRS,n,N,302.1,284.29,0.57,0.49,0.4,2.0NRT
FIRMS_000678,17.95949,80.79189,25-08-2026,21:14,N20,VIIRS,n,N,304.32,282.64,2.56,0.7,0.75,2.0NRT
FIRMS_000679,17.95897,80.78802,25-08-2026,21:14,N20,VIIRS,n,N,301.14,282.43,3.86,0.7,0.75,2.0NRT
FIRMS_000680,15.34013,76.27901,25-08-2026,21:14,N20,VIIRS,n,N,303.12,286.55,1.89,0.4,0.6,2.0NRT
FIRMS_000681,15.33927,76.27831,25-08-2026,21:14,N20,VIIRS,n,N,307.71,286.95,2,0.4,0.6,2.0NRT
FIRMS_000682,15.10937,76.80316,25-08-2026,21:14,N20,VIIRS,n,N,296.23,286.09,2.57,0.44,0.62,2.0NRT
FIRMS_000683,15.11204,76.8075,25-08-2026,21:14,N20,VIIRS,n,N,300.58,287.16,2.02,0.44,0.62,2.0NRT
FIRMS_000684,27.82257,95.50542,19-08-2026,06:22,N21,VIIRS,n,D,332.09,289.61,4.27,0.41,0.45,2.0NRT
FIRMS_000685,10.96018,76.78088,19-08-2026,07:58,N21,VIIRS,n,D,331.84,296.12,5.99,0.48,0.4,2.0NRT
FIRMS_000686,10.95938,76.78011,19-08-2026,07:58,N21,VIIRS,n,D,331.65,295.71,5.83,0.48,0.4,2.0NRT
FIRMS_000687,8.88492,78.10483,19-08-2026,07:58,N21,VIIRS,l,D,336.28,303.21,7.56,0.44,0.38,2.0NRT
FIRMS_000688,9.36143,78.66453,19-08-2026,07:58,N21,VIIRS,l,D,340.4,303.02,8.62,0.41,0.37,2.0NRT
FIRMS_000689,9.38254,78.68787,19-08-2026,07:58,N21,VIIRS,l,D,337.2,302.15,4.57,0.41,0.37,2.0NRT
FIRMS_000690,9.49461,78.04112,19-08-2026,07:58,N21,VIIRS,l,D,342.19,304.09,14.71,0.44,0.38,2.0NRT
FIRMS_000691,8.88693,78.10458,19-08-2026,07:58,N21,VIIRS,l,D,335.91,302.4,9.25,0.44,0.38,2.0NRT
FIRMS_000692,20.96184,86.00768,19-08-2026,08:01,N21,VIIRS,n,D,330.47,286.25,7.16,0.59,0.53,2.0NRT
FIRMS_000693,27.37795,95.08804,19-08-2026,18:45,N21,VIIRS,n,N,304.48,285.09,0.58,0.32,0.55,2.0NRT
FIRMS_000694,27.32586,95.27505,19-08-2026,18:45,N21,VIIRS,n,N,304.88,280.26,3.36,0.63,0.54,2.0NRT
FIRMS_000695,26.77066,94.50631,19-08-2026,18:45,N21,VIIRS,n,N,308.8,287.51,1.52,0.35,0.56,2.0NRT
FIRMS_000696,31.24827,76.92823,19-08-2026,20:25,N21,VIIRS,n,N,305.05,289.04,0.76,0.44,0.38,2.0NRT
FIRMS_000697,23.76431,86.40368,19-08-2026,20:27,N21,VIIRS,n,N,308.02,280.76,2.48,0.59,0.53,2.0NRT
FIRMS_000698,23.75956,86.40249,19-08-2026,20:27,N21,VIIRS,n,N,309.02,281.88,2.48,0.59,0.53,2.0NRT
FIRMS_000699,23.73811,86.43312,19-08-2026,20:27,N21,VIIRS,n,N,312.99,283.7,6.07,0.6,0.53,2.0NRT
FIRMS_000700,23.7806,86.2069,19-08-2026,20:27,N21,VIIRS,n,N,313.86,285.35,3.24,0.58,0.52,2.0NRT
FIRMS_000701,23.77945,86.21242,19-08-2026,20:27,N21,VIIRS,n,N,307.59,285.49,3.24,0.58,0.52,2.0NRT
FIRMS_000702,23.56305,87.08371,19-08-2026,20:27,N21,VIIRS,n,N,299.13,281.54,2.02,0.33,0.55,2.0NRT
FIRMS_000703,23.51684,87.27125,19-08-2026,20:27,N21,VIIRS,n,N,305.73,287.18,3.24,0.34,0.56,2.0NRT
FIRMS_000704,23.69736,86.07976,19-08-2026,20:27,N21,VIIRS,n,N,299.58,269.38,1.08,0.57,0.52,2.0NRT
FIRMS_000705,23.8231,84.57227,19-08-2026,20:27,N21,VIIRS,n,N,304.64,288.22,1.34,0.46,0.47,2.0NRT
FIRMS_000706,22.94316,85.96852,19-08-2026,20:27,N21,VIIRS,n,N,302.4,288.57,1.22,0.58,0.52,2.0NRT
FIRMS_000707,22.87371,86.06281,19-08-2026,20:27,N21,VIIRS,n,N,309.15,289.27,4.38,0.59,0.53,2.0NRT
FIRMS_000708,22.7908,86.1967,19-08-2026,20:27,N21,VIIRS,n,N,310.77,289.37,3.8,0.6,0.53,2.0NRT
FIRMS_000709,22.78961,86.20239,19-08-2026,20:27,N21,VIIRS,n,N,307.71,288.96,2.33,0.6,0.53,2.0NRT
FIRMS_000710,22.78841,86.2081,19-08-2026,20:27,N21,VIIRS,n,N,302.64,289.28,2.33,0.6,0.53,2.0NRT
FIRMS_000711,22.78364,86.20684,19-08-2026,20:27,N21,VIIRS,n,N,311.14,288.91,2.33,0.6,0.53,2.0NRT
FIRMS_000712,22.37474,87.27907,19-08-2026,20:27,N21,VIIRS,n,N,325.07,287.01,4.04,0.36,0.57,2.0NRT
FIRMS_000713,22.3755,87.27567,19-08-2026,20:27,N21,VIIRS,n,N,308.33,286.99,2.38,0.36,0.57,2.0NRT
FIRMS_000714,22.3643,87.30159,19-08-2026,20:27,N21,VIIRS,n,N,313.09,285.95,3.31,0.36,0.57,2.0NRT
FIRMS_000715,22.37883,87.28122,19-08-2026,20:27,N21,VIIRS,n,N,322.85,286.54,3.48,0.36,0.57,2.0NRT
FIRMS_000716,22.37956,87.2778,19-08-2026,20:27,N21,VIIRS,n,N,318.52,286.8,2.95,0.36,0.57,2.0NRT
FIRMS_000717,22.36413,87.29903,19-08-2026,20:27,N21,VIIRS,n,N,304.74,285.95,1.58,0.36,0.57,2.0NRT
FIRMS_000718,22.3634,87.30245,19-08-2026,20:27,N21,VIIRS,n,N,307.18,285.56,1.58,0.36,0.57,2.0NRT
FIRMS_000719,22.35531,87.28946,19-08-2026,20:27,N21,VIIRS,n,N,304.85,286.03,1.62,0.36,0.57,2.0NRT
FIRMS_000720,22.36007,87.01799,19-08-2026,20:27,N21,VIIRS,n,N,306.93,287.5,1.92,0.35,0.56,2.0NRT
FIRMS_000721,22.57461,85.8969,19-08-2026,20:27,N21,VIIRS,n,N,305.7,288.65,2.16,0.58,0.52,2.0NRT
FIRMS_000722,22.24621,87.38834,19-08-2026,20:27,N21,VIIRS,n,N,305.74,280.88,0.81,0.37,0.58,2.0NRT
FIRMS_000723,22.57429,85.89625,19-08-2026,20:27,N21,VIIRS,n,N,309.85,288.3,3.17,0.58,0.52,2.0NRT
FIRMS_000724,22.24631,87.38953,19-08-2026,20:27,N21,VIIRS,n,N,302.36,280.59,0.2,0.37,0.58,2.0NRT
FIRMS_000725,22.05219,88.1251,19-08-2026,20:27,N21,VIIRS,n,N,313.64,285.13,3.45,0.41,0.61,2.0NRT
FIRMS_000726,29.47554,76.85881,19-08-2026,20:27,N21,VIIRS,n,N,304.25,280.44,0.93,0.42,0.38,2.0NRT
FIRMS_000727,23.66281,87.15319,19-08-2026,20:27,N21,VIIRS,n,N,302.53,283.34,1.14,0.33,0.55,2.0NRT
FIRMS_000728,23.80446,86.33112,19-08-2026,20:27,N21,VIIRS,n,N,306.85,277.33,3.63,0.59,0.53,2.0NRT
FIRMS_000729,23.7949,86.35249,19-08-2026,20:27,N21,VIIRS,n,N,303.64,274.8,3.33,0.59,0.53,2.0NRT
FIRMS_000730,23.76379,86.40408,19-08-2026,20:27,N21,VIIRS,n,N,307.13,280.81,4.33,0.59,0.53,2.0NRT
FIRMS_000731,23.75904,86.40292,19-08-2026,20:27,N21,VIIRS,n,N,310.23,280.91,4.33,0.59,0.53,2.0NRT
FIRMS_000732,23.80087,86.32375,19-08-2026,20:27,N21,VIIRS,n,N,300.02,278.51,0.62,0.59,0.53,2.0NRT
FIRMS_000733,23.79503,86.35194,19-08-2026,20:27,N21,VIIRS,n,N,303.87,275.02,2.05,0.59,0.53,2.0NRT
FIRMS_000734,23.782,86.34277,19-08-2026,20:27,N21,VIIRS,n,N,301,277.71,0.8,0.59,0.53,2.0NRT
FIRMS_000735,23.78083,86.34837,19-08-2026,20:27,N21,VIIRS,n,N,301.04,275.51,2.27,0.59,0.53,2.0NRT
FIRMS_000736,23.77258,86.36404,19-08-2026,20:27,N21,VIIRS,n,N,305,282.37,1.65,0.59,0.53,2.0NRT
FIRMS_000737,23.76667,86.3924,19-08-2026,20:27,N21,VIIRS,n,N,300.94,280.81,4.66,0.59,0.53,2.0NRT
FIRMS_000738,20.76206,85.29421,19-08-2026,20:29,N21,VIIRS,n,N,309.18,288.7,2.32,0.58,0.52,2.0NRT
FIRMS_000739,17.96787,83.15147,19-08-2026,20:29,N21,VIIRS,n,N,305.75,286.92,1.1,0.48,0.48,2.0NRT
FIRMS_000740,17.98248,80.82807,19-08-2026,20:29,N21,VIIRS,n,N,304.47,287.66,2.05,0.52,0.41,2.0NRT
FIRMS_000741,17.95848,80.78828,19-08-2026,20:29,N21,VIIRS,n,N,324.37,288.81,4.28,0.52,0.41,2.0NRT
FIRMS_000742,17.95761,80.79309,19-08-2026,20:29,N21,VIIRS,n,N,330.42,289.71,5.58,0.52,0.41,2.0NRT
FIRMS_000743,17.95841,80.78658,19-08-2026,20:29,N21,VIIRS,n,N,325.33,288.71,2.92,0.52,0.41,2.0NRT
FIRMS_000744,17.95672,80.79622,19-08-2026,20:29,N21,VIIRS,n,N,325.58,287.88,3.3,0.52,0.41,2.0NRT
FIRMS_000745,17.95757,80.7914,19-08-2026,20:29,N21,VIIRS,n,N,307.04,289.13,2.92,0.52,0.41,2.0NRT
FIRMS_000746,20.86646,84.99509,19-08-2026,20:29,N21,VIIRS,n,N,307.84,288.79,2.61,0.55,0.51,2.0NRT
FIRMS_000747,20.8629,84.98873,19-08-2026,20:29,N21,VIIRS,n,N,316.21,288.47,2.61,0.55,0.51,2.0NRT
FIRMS_000748,20.86184,84.99403,19-08-2026,20:29,N21,VIIRS,n,N,314.66,288.24,2.61,0.55,0.51,2.0NRT
FIRMS_000749,20.79439,85.25645,19-08-2026,20:29,N21,VIIRS,n,N,326.47,288.69,5.71,0.58,0.52,2.0NRT
FIRMS_000750,20.79549,85.25102,19-08-2026,20:29,N21,VIIRS,n,N,317.46,288.47,5.71,0.57,0.52,2.0NRT
FIRMS_000751,20.78388,85.25973,19-08-2026,20:29,N21,VIIRS,n,N,304.54,288.79,2.13,0.58,0.52,2.0NRT
FIRMS_000752,21.00181,86.02744,19-08-2026,20:29,N21,VIIRS,n,N,304.39,288.32,1.87,0.32,0.54,2.0NRT
FIRMS_000753,20.99883,86.01723,19-08-2026,20:29,N21,VIIRS,n,N,303.7,288.47,1.16,0.32,0.54,2.0NRT
FIRMS_000754,21.00072,86.02725,19-08-2026,20:29,N21,VIIRS,n,N,305.34,288.28,0.72,0.32,0.55,2.0NRT
FIRMS_000755,20.99829,86.01398,19-08-2026,20:29,N21,VIIRS,n,N,312.3,288.23,1.72,0.32,0.54,2.0NRT
FIRMS_000756,20.99767,86.017,19-08-2026,20:29,N21,VIIRS,n,N,304.18,288.34,1.18,0.32,0.54,2.0NRT
FIRMS_000757,20.96764,86.01283,19-08-2026,20:29,N21,VIIRS,n,N,341.73,289.2,2.99,0.32,0.54,2.0NRT
FIRMS_000758,20.9695,86.00383,19-08-2026,20:29,N21,VIIRS,n,N,305.74,288.9,0.97,0.32,0.54,2.0NRT
FIRMS_000759,20.96462,86.00256,19-08-2026,20:29,N21,VIIRS,n,N,306.47,288.86,0.97,0.32,0.54,2.0NRT
FIRMS_000760,20.96274,86.0116,19-08-2026,20:29,N21,VIIRS,n,N,308.79,288.59,2.99,0.32,0.54,2.0NRT
FIRMS_000761,20.96212,86.01457,19-08-2026,20:29,N21,VIIRS,n,N,303.95,288.19,3.42,0.32,0.55,2.0NRT
FIRMS_000762,20.95094,86.0435,19-08-2026,20:29,N21,VIIRS,n,N,319.75,288.39,2.18,0.32,0.55,2.0NRT
FIRMS_000763,20.95032,86.04649,19-08-2026,20:29,N21,VIIRS,n,N,314.01,288.43,2.18,0.32,0.55,2.0NRT
FIRMS_000764,20.94967,86.04959,19-08-2026,20:29,N21,VIIRS,n,N,307.92,288.26,1.72,0.32,0.55,2.0NRT
FIRMS_000765,20.97748,85.16819,19-08-2026,20:29,N21,VIIRS,n,N,307.85,288.09,2.25,0.56,0.52,2.0NRT
FIRMS_000766,20.97639,85.17344,19-08-2026,20:29,N21,VIIRS,n,N,307.23,287.96,1.88,0.56,0.52,2.0NRT
FIRMS_000767,20.97935,85.13543,19-08-2026,20:29,N21,VIIRS,n,N,313.09,288.38,5.2,0.56,0.51,2.0NRT
FIRMS_000768,20.97175,85.17229,19-08-2026,20:29,N21,VIIRS,n,N,315.94,288.47,3.41,0.56,0.52,2.0NRT
FIRMS_000769,20.97067,85.17754,19-08-2026,20:29,N21,VIIRS,n,N,312.37,288.16,3.41,0.56,0.52,2.0NRT
FIRMS_000770,20.96711,85.17114,19-08-2026,20:29,N21,VIIRS,n,N,328.2,288.78,3.41,0.56,0.52,2.0NRT
FIRMS_000771,20.96382,85.18706,19-08-2026,20:29,N21,VIIRS,n,N,330.59,288.87,4.67,0.56,0.52,2.0NRT
FIRMS_000772,20.96602,85.1764,19-08-2026,20:29,N21,VIIRS,n,N,309.77,288.43,3.41,0.56,0.52,2.0NRT
FIRMS_000773,20.96493,85.1817,19-08-2026,20:29,N21,VIIRS,n,N,310.11,288.39,4.67,0.56,0.52,2.0NRT
FIRMS_000774,20.96356,85.16472,19-08-2026,20:29,N21,VIIRS,n,N,323.89,288.95,4.4,0.56,0.52,2.0NRT
FIRMS_000775,20.96247,85.17,19-08-2026,20:29,N21,VIIRS,n,N,313.47,288.86,5.18,0.56,0.52,2.0NRT
FIRMS_000776,20.96918,85.17496,19-08-2026,20:29,N21,VIIRS,n,N,342.47,289.12,5.96,0.56,0.52,2.0NRT
FIRMS_000777,20.97758,85.13268,19-08-2026,20:29,N21,VIIRS,n,N,312.39,288.76,3.66,0.56,0.52,2.0NRT
FIRMS_000778,20.96558,85.16853,19-08-2026,20:29,N21,VIIRS,n,N,323.35,288.44,8.27,0.56,0.52,2.0NRT
FIRMS_000779,20.96241,85.18444,19-08-2026,20:29,N21,VIIRS,n,N,327.9,288.8,4.95,0.57,0.52,2.0NRT
FIRMS_000780,20.96873,85.1527,19-08-2026,20:29,N21,VIIRS,n,N,308.23,288.16,2.12,0.56,0.52,2.0NRT
FIRMS_000781,20.96453,85.1738,19-08-2026,20:29,N21,VIIRS,n,N,310.19,288.44,5.96,0.56,0.52,2.0NRT
FIRMS_000782,20.96134,85.18983,19-08-2026,20:29,N21,VIIRS,n,N,314.1,288.67,4.95,0.57,0.52,2.0NRT
FIRMS_000783,20.96094,85.16736,19-08-2026,20:29,N21,VIIRS,n,N,308.04,288.57,2.2,0.56,0.52,2.0NRT
FIRMS_000784,20.95988,85.17266,19-08-2026,20:29,N21,VIIRS,n,N,304.86,288.3,1.71,0.56,0.52,2.0NRT
FIRMS_000785,20.88644,84.98445,19-08-2026,20:29,N21,VIIRS,n,N,330.03,288.59,4.04,0.55,0.51,2.0NRT
FIRMS_000786,20.88752,84.97923,19-08-2026,20:29,N21,VIIRS,n,N,317.33,288.37,4.04,0.55,0.51,2.0NRT
FIRMS_000787,20.88902,84.97868,19-08-2026,20:29,N21,VIIRS,n,N,309.65,288.05,2.75,0.55,0.51,2.0NRT
FIRMS_000788,20.88798,84.98393,19-08-2026,20:29,N21,VIIRS,n,N,318.63,288.05,3.33,0.55,0.51,2.0NRT
FIRMS_000789,20.8834,84.98273,19-08-2026,20:29,N21,VIIRS,n,N,312.96,288.69,3.33,0.55,0.51,2.0NRT
FIRMS_000790,11.42396,77.4256,19-08-2026,20:32,N21,VIIRS,n,N,304.77,277.28,1.06,0.43,0.38,2.0NRT
FIRMS_000791,8.74104,77.59702,19-08-2026,20:32,N21,VIIRS,n,N,330.52,295.83,17.22,0.47,0.39,2.0NRT
FIRMS_000792,8.74035,77.6012,19-08-2026,20:32,N21,VIIRS,n,N,344.45,305.11,27.52,0.47,0.39,2.0NRT
FIRMS_000793,8.73967,77.60538,19-08-2026,20:32,N21,VIIRS,n,N,317.62,294.05,27.52,0.47,0.39,2.0NRT
FIRMS_000794,8.73676,77.60059,19-08-2026,20:32,N21,VIIRS,n,N,314.17,295.12,3.34,0.47,0.39,2.0NRT
FIRMS_000795,15.16805,76.37964,19-08-2026,20:32,N21,VIIRS,n,N,302.05,276.49,1.51,0.39,0.36,2.0NRT
FIRMS_000796,8.74019,77.60567,20-08-2026,07:37,N21,VIIRS,n,D,330.51,281.6,8.25,0.61,0.53,2.0NRT
FIRMS_000797,9.06641,77.74824,20-08-2026,07:37,N21,VIIRS,n,D,340.86,295.6,13.45,0.59,0.53,2.0NRT
FIRMS_000798,9.0671,77.75063,20-08-2026,07:37,N21,VIIRS,n,D,345.56,295.33,10.05,0.59,0.53,2.0NRT
FIRMS_000799,9.14298,77.53522,20-08-2026,07:37,N21,VIIRS,n,D,333.19,293.66,6.2,0.61,0.53,2.0NRT
FIRMS_000800,9.14139,77.53202,20-08-2026,07:37,N21,VIIRS,n,D,335.88,294.16,3.72,0.61,0.53,2.0NRT
FIRMS_000801,8.73922,77.60026,20-08-2026,07:37,N21,VIIRS,n,D,352.24,282.23,8.25,0.61,0.53,2.0NRT
FIRMS_000802,17.53239,83.00151,20-08-2026,07:39,N21,VIIRS,l,D,330.1,300.25,3.38,0.39,0.36,2.0NRT
FIRMS_000803,17.60865,83.20535,20-08-2026,07:39,N21,VIIRS,n,D,332.41,298.32,5.91,0.38,0.36,2.0NRT
FIRMS_000804,16.97086,77.69366,20-08-2026,07:39,N21,VIIRS,n,D,330.17,295.34,3.18,0.43,0.46,2.0NRT
FIRMS_000805,18.64043,74.56492,20-08-2026,07:39,N21,VIIRS,n,D,340.74,293.78,4.3,0.32,0.55,2.0NRT
FIRMS_000806,16.19041,78.37185,20-08-2026,07:39,N21,VIIRS,n,D,339.8,290.86,5.61,0.41,0.45,2.0NRT
FIRMS_000807,15.18291,76.66628,20-08-2026,07:39,N21,VIIRS,n,D,335.93,287.75,8.31,0.54,0.51,2.0NRT
FIRMS_000808,17.5076,82.95037,20-08-2026,07:39,N21,VIIRS,h,D,367,299.58,17.21,0.39,0.36,2.0NRT
FIRMS_000809,17.51089,82.94982,20-08-2026,07:39,N21,VIIRS,l,D,348.7,298.49,8.97,0.39,0.36,2.0NRT
FIRMS_000810,21.10398,72.64554,20-08-2026,07:41,N21,VIIRS,h,D,367,292.84,12.56,0.38,0.59,2.0NRT
FIRMS_000811,21.10167,72.6348,20-08-2026,07:41,N21,VIIRS,n,D,336.17,292.3,7.3,0.38,0.59,2.0NRT
FIRMS_000812,20.75885,85.29925,20-08-2026,07:41,N21,VIIRS,n,D,332.16,295.81,5.65,0.43,0.38,2.0NRT
FIRMS_000813,20.79548,85.25578,20-08-2026,07:41,N21,VIIRS,n,D,335.11,296.34,11.08,0.43,0.38,2.0NRT
FIRMS_000814,20.79951,85.25935,20-08-2026,07:41,N21,VIIRS,n,D,331.28,296.26,5.42,0.43,0.38,2.0NRT
FIRMS_000815,20.9649,85.1677,20-08-2026,07:41,N21,VIIRS,n,D,334.74,289.33,4.19,0.43,0.38,2.0NRT
FIRMS_000816,22.37798,87.28054,20-08-2026,07:41,N21,VIIRS,n,D,335,288.97,8.68,0.56,0.43,2.0NRT
FIRMS_000817,23.77916,86.21287,20-08-2026,07:41,N21,VIIRS,n,D,333.94,296.94,5.8,0.51,0.41,2.0NRT
FIRMS_000818,23.77984,86.21015,20-08-2026,07:41,N21,VIIRS,n,D,338.66,298.09,9.99,0.51,0.41,2.0NRT
FIRMS_000819,23.80199,86.32909,20-08-2026,07:41,N21,VIIRS,n,D,336.98,296.23,6.43,0.52,0.41,2.0NRT
FIRMS_000820,23.80139,86.32409,20-08-2026,07:41,N21,VIIRS,n,D,332.78,294.67,6.43,0.52,0.41,2.0NRT
FIRMS_000821,30.36296,74.2361,20-08-2026,07:44,N21,VIIRS,n,D,331.16,298.43,2.27,0.4,0.44,2.0NRT
FIRMS_000822,29.45779,76.86746,20-08-2026,20:08,N21,VIIRS,n,N,324.8,288.1,11.33,0.49,0.48,2.0NRT
FIRMS_000823,29.47335,76.85711,20-08-2026,20:08,N21,VIIRS,n,N,305.34,288.66,3.76,0.49,0.48,2.0NRT
FIRMS_000824,29.45455,76.86482,20-08-2026,20:08,N21,VIIRS,n,N,306.95,288.8,4.5,0.49,0.48,2.0NRT
FIRMS_000825,28.74317,76.92706,20-08-2026,20:08,N21,VIIRS,n,N,301.97,288.1,2.47,0.47,0.48,2.0NRT
FIRMS_000826,28.71234,76.83447,20-08-2026,20:08,N21,VIIRS,n,N,303.17,286.02,2.32,0.48,0.48,2.0NRT
FIRMS_000827,28.71263,76.83237,20-08-2026,20:08,N21,VIIRS,n,N,301.89,285.65,1.57,0.48,0.48,2.0NRT
FIRMS_000828,28.13022,76.89521,20-08-2026,20:08,N21,VIIRS,n,N,307.03,287.76,0.92,0.47,0.47,2.0NRT
FIRMS_000829,26.75916,83.19909,20-08-2026,20:08,N21,VIIRS,n,N,303.84,280.28,1.13,0.38,0.36,2.0NRT
FIRMS_000830,29.45899,76.86539,20-08-2026,20:08,N21,VIIRS,n,N,343.34,288.53,13.66,0.49,0.48,2.0NRT
FIRMS_000831,33.43012,78.19984,20-08-2026,20:08,N21,VIIRS,n,N,302.75,281.21,1.48,0.46,0.47,2.0NRT
FIRMS_000832,27.32581,95.27686,20-08-2026,20:08,N21,VIIRS,n,N,313.3,285.79,1.74,0.45,0.63,2.0NRT
FIRMS_000833,29.45827,76.86245,20-08-2026,20:08,N21,VIIRS,n,N,339.56,289.43,11.33,0.49,0.48,2.0NRT
FIRMS_000834,27.31682,95.26463,20-08-2026,20:08,N21,VIIRS,n,N,306.24,285.46,1.25,0.45,0.63,2.0NRT
FIRMS_000835,23.7559,85.85481,20-08-2026,20:10,N21,VIIRS,n,N,313.75,291.47,3.42,0.45,0.39,2.0NRT
FIRMS_000836,23.80334,85.5392,20-08-2026,20:10,N21,VIIRS,n,N,303.92,287.55,0.98,0.44,0.38,2.0NRT
FIRMS_000837,23.78648,85.55334,20-08-2026,20:10,N21,VIIRS,n,N,317.54,289.69,2.36,0.44,0.38,2.0NRT
FIRMS_000838,23.77931,85.57391,20-08-2026,20:10,N21,VIIRS,n,N,306.79,291.13,2.3,0.44,0.38,2.0NRT
FIRMS_000839,23.72135,85.00805,20-08-2026,20:10,N21,VIIRS,n,N,303.88,288.22,0.94,0.42,0.38,2.0NRT
FIRMS_000840,24.92798,84.14663,20-08-2026,20:10,N21,VIIRS,n,N,309.02,291.35,3.33,0.39,0.36,2.0NRT
FIRMS_000841,24.92358,84.15446,20-08-2026,20:10,N21,VIIRS,n,N,309.65,291.57,2.59,0.39,0.36,2.0NRT
FIRMS_000842,23.69586,87.09464,20-08-2026,20:10,N21,VIIRS,n,N,310.56,289.92,2.37,0.52,0.41,2.0NRT
FIRMS_000843,23.69402,87.10461,20-08-2026,20:10,N21,VIIRS,n,N,310.53,289.83,2.63,0.52,0.41,2.0NRT
FIRMS_000844,23.69309,87.10959,20-08-2026,20:10,N21,VIIRS,n,N,306.56,289.73,1.5,0.52,0.41,2.0NRT
FIRMS_000845,23.69217,87.11459,20-08-2026,20:10,N21,VIIRS,n,N,308.03,289.97,1.5,0.52,0.41,2.0NRT
FIRMS_000846,23.69119,87.0988,20-08-2026,20:10,N21,VIIRS,n,N,307.7,289.91,3.12,0.52,0.41,2.0NRT
FIRMS_000847,23.68657,87.12376,20-08-2026,20:10,N21,VIIRS,n,N,306.1,289.56,2,0.52,0.41,2.0NRT
FIRMS_000848,23.6819,87.12791,20-08-2026,20:10,N21,VIIRS,n,N,309.82,289.81,1.37,0.52,0.41,2.0NRT
FIRMS_000849,23.66505,87.15543,20-08-2026,20:10,N21,VIIRS,n,N,308.46,290.54,1.8,0.52,0.41,2.0NRT
FIRMS_000850,23.66412,87.16042,20-08-2026,20:10,N21,VIIRS,n,N,311.05,290,1.8,0.52,0.41,2.0NRT
FIRMS_000851,23.6613,87.1546,20-08-2026,20:10,N21,VIIRS,n,N,318.36,290.45,1.8,0.52,0.41,2.0NRT
FIRMS_000852,23.80141,86.33147,20-08-2026,20:10,N21,VIIRS,n,N,304.54,285.5,1.7,0.47,0.4,2.0NRT
FIRMS_000853,23.76533,86.40251,20-08-2026,20:10,N21,VIIRS,n,N,309.3,287.56,2.34,0.48,0.4,2.0NRT
FIRMS_000854,23.76171,86.40175,20-08-2026,20:10,N21,VIIRS,n,N,326.99,289.94,2.4,0.48,0.4,2.0NRT
FIRMS_000855,23.7609,86.40632,20-08-2026,20:10,N21,VIIRS,n,N,302.07,285.87,2.4,0.48,0.4,2.0NRT
FIRMS_000856,23.7581,86.40099,20-08-2026,20:10,N21,VIIRS,n,N,314.97,290.15,2.4,0.48,0.4,2.0NRT
FIRMS_000857,23.75729,86.40557,20-08-2026,20:10,N21,VIIRS,n,N,315.89,287.86,2.4,0.48,0.4,2.0NRT
FIRMS_000858,23.66539,86.91727,20-08-2026,20:10,N21,VIIRS,n,N,309.68,287.72,2.82,0.51,0.41,2.0NRT
FIRMS_000859,23.73705,86.43478,20-08-2026,20:10,N21,VIIRS,n,N,312.29,287.16,2.89,0.48,0.4,2.0NRT
FIRMS_000860,23.72423,86.42248,20-08-2026,20:10,N21,VIIRS,n,N,309.72,290.33,3.56,0.48,0.4,2.0NRT
FIRMS_000861,23.71616,86.42556,20-08-2026,20:10,N21,VIIRS,n,N,306.37,290.44,4.23,0.48,0.4,2.0NRT
FIRMS_000862,23.71254,86.42478,20-08-2026,20:10,N21,VIIRS,n,N,305.15,288.87,3.71,0.48,0.4,2.0NRT
FIRMS_000863,23.55925,87.24075,20-08-2026,20:10,N21,VIIRS,n,N,311.41,288.16,2.45,0.53,0.42,2.0NRT
FIRMS_000864,23.55074,87.24416,20-08-2026,20:10,N21,VIIRS,n,N,303.92,285.57,1.82,0.53,0.42,2.0NRT
FIRMS_000865,23.6886,86.39101,20-08-2026,20:10,N21,VIIRS,n,N,315.84,290.84,2.54,0.48,0.4,2.0NRT
FIRMS_000866,23.56099,87.08415,20-08-2026,20:10,N21,VIIRS,n,N,313.51,290.18,3.43,0.52,0.41,2.0NRT
FIRMS_000867,23.68499,86.39027,20-08-2026,20:10,N21,VIIRS,n,N,305.18,288.39,2.54,0.48,0.4,2.0NRT
FIRMS_000868,23.68416,86.39481,20-08-2026,20:10,N21,VIIRS,n,N,311.34,288.93,3.11,0.48,0.4,2.0NRT
FIRMS_000869,23.67692,86.39332,20-08-2026,20:10,N21,VIIRS,n,N,305.64,287.99,1.94,0.48,0.4,2.0NRT
FIRMS_000870,23.67608,86.39792,20-08-2026,20:10,N21,VIIRS,n,N,306.97,288.01,1.94,0.48,0.4,2.0NRT
FIRMS_000871,23.82633,85.49837,20-08-2026,20:10,N21,VIIRS,n,N,305.02,284.8,1.07,0.44,0.38,2.0NRT
FIRMS_000872,23.82286,85.49767,20-08-2026,20:10,N21,VIIRS,n,N,305.53,285.43,1.07,0.44,0.38,2.0NRT
FIRMS_000873,23.82524,85.49557,20-08-2026,20:10,N21,VIIRS,n,N,301.84,284.86,0.87,0.44,0.38,2.0NRT
FIRMS_000874,23.82452,85.4998,20-08-2026,20:10,N21,VIIRS,n,N,302.72,284.85,0.87,0.44,0.38,2.0NRT
FIRMS_000875,23.82177,85.49487,20-08-2026,20:10,N21,VIIRS,n,N,304.98,286.16,0.87,0.44,0.38,2.0NRT
FIRMS_000876,23.75942,85.85556,20-08-2026,20:10,N21,VIIRS,n,N,309.48,290.62,2.06,0.45,0.39,2.0NRT
FIRMS_000877,23.75665,85.85047,20-08-2026,20:10,N21,VIIRS,n,N,309.93,290.4,2.03,0.45,0.39,2.0NRT
FIRMS_000878,23.64684,85.43806,20-08-2026,20:10,N21,VIIRS,n,N,326.78,290.76,3.8,0.44,0.38,2.0NRT
FIRMS_000879,23.66311,84.99789,20-08-2026,20:10,N21,VIIRS,n,N,304.41,288.81,0.61,0.42,0.38,2.0NRT
FIRMS_000880,24.7619,74.60608,20-08-2026,20:10,N21,VIIRS,n,N,298.2,276.94,0.52,0.59,0.53,2.0NRT
FIRMS_000881,22.87224,86.06081,20-08-2026,20:10,N21,VIIRS,n,N,306.17,284.64,1.14,0.47,0.4,2.0NRT
FIRMS_000882,22.79629,86.2084,20-08-2026,20:10,N21,VIIRS,n,N,339.22,290.46,4.63,0.48,0.4,2.0NRT
FIRMS_000883,22.79431,86.19839,20-08-2026,20:10,N21,VIIRS,n,N,310.02,290.58,5.16,0.48,0.4,2.0NRT
FIRMS_000884,22.79184,86.21223,20-08-2026,20:10,N21,VIIRS,n,N,306.09,289.27,4.63,0.48,0.4,2.0NRT
FIRMS_000885,22.79068,86.19763,20-08-2026,20:10,N21,VIIRS,n,N,330.28,291.04,4.25,0.48,0.4,2.0NRT
FIRMS_000886,22.78706,86.19686,20-08-2026,20:10,N21,VIIRS,n,N,311.46,289.85,4.25,0.48,0.4,2.0NRT
FIRMS_000887,22.06585,83.70532,20-08-2026,20:10,N21,VIIRS,n,N,313.22,289.64,1.34,0.4,0.37,2.0NRT
FIRMS_000888,22.04119,83.73617,20-08-2026,20:10,N21,VIIRS,n,N,306.18,290.15,1.59,0.4,0.37,2.0NRT
FIRMS_000889,22.0391,83.72788,20-08-2026,20:10,N21,VIIRS,n,N,312.31,289.86,1.42,0.4,0.37,2.0NRT
FIRMS_000890,22.03848,83.7317,20-08-2026,20:10,N21,VIIRS,n,N,307.47,289.7,1.63,0.4,0.37,2.0NRT
FIRMS_000891,22.01404,83.75465,20-08-2026,20:10,N21,VIIRS,n,N,308.83,287.74,1.7,0.4,0.37,2.0NRT
FIRMS_000892,21.96282,83.77252,20-08-2026,20:10,N21,VIIRS,n,N,306.73,288.21,0.97,0.4,0.37,2.0NRT
FIRMS_000893,21.8591,83.96842,20-08-2026,20:10,N21,VIIRS,n,N,304.7,291.23,1.31,0.4,0.37,2.0NRT
FIRMS_000894,21.79336,83.9878,20-08-2026,20:10,N21,VIIRS,n,N,305.66,291.11,1.61,0.41,0.37,2.0NRT
FIRMS_000895,21.80221,83.89371,20-08-2026,20:10,N21,VIIRS,n,N,305.17,290.04,1.19,0.4,0.37,2.0NRT
FIRMS_000896,21.80106,83.89022,20-08-2026,20:10,N21,VIIRS,n,N,305.92,288.97,1.43,0.4,0.37,2.0NRT
FIRMS_000897,21.76922,84.01998,20-08-2026,20:10,N21,VIIRS,n,N,300.88,290.44,1.59,0.41,0.37,2.0NRT
FIRMS_000898,21.76586,84.01934,20-08-2026,20:10,N21,VIIRS,n,N,304.85,290.56,1.82,0.41,0.37,2.0NRT
FIRMS_000899,21.75037,83.84077,20-08-2026,20:10,N21,VIIRS,n,N,300.67,288.68,2.1,0.4,0.37,2.0NRT
FIRMS_000900,21.74638,83.84399,20-08-2026,20:10,N21,VIIRS,n,N,326.34,289.81,1.82,0.4,0.37,2.0NRT
FIRMS_000901,21.74702,83.84013,20-08-2026,20:10,N21,VIIRS,n,N,309.34,289.45,3.43,0.4,0.37,2.0NRT
FIRMS_000902,21.74303,83.84335,20-08-2026,20:10,N21,VIIRS,n,N,304.43,288.23,1.82,0.4,0.37,2.0NRT
FIRMS_000903,20.97016,86.00092,20-08-2026,20:10,N21,VIIRS,n,N,312.49,283.12,2.74,0.5,0.41,2.0NRT
FIRMS_000904,20.95068,86.04578,20-08-2026,20:10,N21,VIIRS,n,N,300.59,270.61,1.14,0.5,0.41,2.0NRT
FIRMS_000905,20.94982,86.05055,20-08-2026,20:10,N21,VIIRS,n,N,299.85,268.88,0.86,0.5,0.41,2.0NRT
FIRMS_000906,21.10216,72.6443,20-08-2026,20:10,N21,VIIRS,n,N,305.35,279.48,2.06,0.36,0.57,2.0NRT
FIRMS_000907,19.92169,79.11499,20-08-2026,20:10,N21,VIIRS,n,N,303.53,287.62,0.63,0.43,0.38,2.0NRT
FIRMS_000908,23.68058,86.09518,20-08-2026,20:10,N21,VIIRS,n,N,309.33,288.29,2.25,0.46,0.39,2.0NRT
FIRMS_000909,23.679,86.10411,20-08-2026,20:10,N21,VIIRS,n,N,318.72,289.66,3.68,0.46,0.39,2.0NRT
FIRMS_000910,23.74444,85.50512,20-08-2026,20:10,N21,VIIRS,n,N,305.57,289.87,0.87,0.44,0.38,2.0NRT
FIRMS_000911,23.55139,86.54254,20-08-2026,20:10,N21,VIIRS,n,N,305.38,286.48,1.88,0.49,0.4,2.0NRT
FIRMS_000912,23.69462,85.36964,20-08-2026,20:10,N21,VIIRS,n,N,322.14,291.01,2.69,0.43,0.38,2.0NRT
FIRMS_000913,23.66319,85.5509,20-08-2026,20:10,N21,VIIRS,n,N,305.72,290.82,1.52,0.44,0.38,2.0NRT
FIRMS_000914,23.69721,85.29251,20-08-2026,20:10,N21,VIIRS,n,N,305.06,290.94,1.33,0.43,0.38,2.0NRT
FIRMS_000915,23.69448,85.28766,20-08-2026,20:10,N21,VIIRS,n,N,307.33,291.26,1.44,0.43,0.38,2.0NRT
FIRMS_000916,23.73912,85.00741,20-08-2026,20:10,N21,VIIRS,n,N,310.68,288.69,1.92,0.42,0.38,2.0NRT
FIRMS_000917,23.65031,85.43877,20-08-2026,20:10,N21,VIIRS,n,N,305.48,290.05,1.2,0.44,0.38,2.0NRT
FIRMS_000918,15.3342,76.2842,20-08-2026,20:12,N21,VIIRS,n,N,308.27,290.18,1.35,0.53,0.42,2.0NRT
FIRMS_000919,15.33131,76.28654,20-08-2026,20:12,N21,VIIRS,n,N,307.73,290.18,1.93,0.53,0.42,2.0NRT
FIRMS_000920,15.17873,77.10238,20-08-2026,20:12,N21,VIIRS,n,N,306.46,291.4,1.25,0.48,0.4,2.0NRT
FIRMS_000921,15.17508,77.10185,20-08-2026,20:12,N21,VIIRS,n,N,306.65,291.37,1.02,0.48,0.4,2.0NRT
FIRMS_000922,15.18217,76.66879,20-08-2026,20:12,N21,VIIRS,n,N,310.68,286.69,2.89,0.5,0.41,2.0NRT
FIRMS_000923,15.17657,76.65381,20-08-2026,20:12,N21,VIIRS,n,N,315.11,292.56,3.37,0.5,0.41,2.0NRT
FIRMS_000924,15.17594,76.65845,20-08-2026,20:12,N21,VIIRS,n,N,313.18,291.77,4.29,0.5,0.41,2.0NRT
FIRMS_000925,15.175,76.65512,20-08-2026,20:12,N21,VIIRS,n,N,311.85,292.12,3.48,0.5,0.41,2.0NRT
FIRMS_000926,15.17435,76.65977,20-08-2026,20:12,N21,VIIRS,n,N,304.97,290.84,3.04,0.5,0.41,2.0NRT
FIRMS_000927,13.39201,80.10139,20-08-2026,20:12,N21,VIIRS,n,N,313.52,293.14,2.74,0.38,0.36,2.0NRT
FIRMS_000928,16.35903,81.28316,20-08-2026,20:12,N21,VIIRS,n,N,312.12,291.7,2.97,0.39,0.36,2.0NRT
FIRMS_000929,17.96913,83.15405,20-08-2026,20:12,N21,VIIRS,n,N,305.12,286.79,2.23,0.41,0.37,2.0NRT
FIRMS_000930,17.95719,80.79021,20-08-2026,20:12,N21,VIIRS,n,N,310.95,288.65,1.85,0.39,0.36,2.0NRT
FIRMS_000931,17.95664,80.79382,20-08-2026,20:12,N21,VIIRS,n,N,317.42,286.31,1.85,0.39,0.36,2.0NRT
FIRMS_000932,17.95608,80.79744,20-08-2026,20:12,N21,VIIRS,n,N,305.05,283.97,1.41,0.39,0.36,2.0NRT
FIRMS_000933,18.68787,73.02982,20-08-2026,20:12,N21,VIIRS,n,N,299.67,286.97,2.22,0.63,0.54,2.0NRT
FIRMS_000934,18.6829,73.02922,20-08-2026,20:12,N21,VIIRS,n,N,304.41,290.29,2.22,0.63,0.54,2.0NRT
FIRMS_000935,8.74207,77.59879,20-08-2026,20:14,N21,VIIRS,n,N,303.05,270.13,1.11,0.4,0.37,2.0NRT
FIRMS_000936,8.73869,77.59828,20-08-2026,20:14,N21,VIIRS,n,N,315.6,272.63,1.11,0.4,0.37,2.0NRT
FIRMS_000937,8.73815,77.60192,20-08-2026,20:14,N21,VIIRS,n,N,305.13,271.98,1.11,0.4,0.37,2.0NRT
FIRMS_000938,12.03978,79.0528,20-08-2026,20:14,N21,VIIRS,n,N,296.42,276.78,0.65,0.39,0.36,2.0NRT
FIRMS_000939,9.27709,78.06376,20-08-2026,20:14,N21,VIIRS,n,N,305.94,276.75,0.86,0.4,0.37,2.0NRT
FIRMS_000940,8.74152,77.60243,20-08-2026,20:14,N21,VIIRS,n,N,299.08,268.76,1.11,0.4,0.37,2.0NRT
FIRMS_000941,12.91629,77.42502,20-08-2026,20:14,N21,VIIRS,n,N,301.72,288.99,0.65,0.44,0.38,2.0NRT
FIRMS_000942,12.74548,77.62041,20-08-2026,20:14,N21,VIIRS,n,N,311.39,286.21,1.3,0.43,0.38,2.0NRT
FIRMS_000943,12.68491,76.4514,20-08-2026,20:14,N21,VIIRS,n,N,311.27,282.46,1.91,0.48,0.4,2.0NRT
FIRMS_000944,12.04919,79.05791,20-08-2026,20:14,N21,VIIRS,n,N,307.8,277.73,1.4,0.39,0.36,2.0NRT
FIRMS_000945,29.91009,74.95052,20-08-2026,21:48,N21,VIIRS,n,N,314.37,284.39,4.09,0.76,0.77,2.0NRT
FIRMS_000946,29.9104,74.95412,20-08-2026,21:48,N21,VIIRS,n,N,317.88,284.31,4.68,0.76,0.77,2.0NRT
FIRMS_000947,25.93938,72.19437,20-08-2026,21:50,N21,VIIRS,n,N,309.92,290.38,2.26,0.66,0.73,2.0NRT
FIRMS_000948,9.55699,78.28705,21-08-2026,07:20,N21,VIIRS,n,D,331.02,283.98,2.68,0.56,0.69,2.0NRT
FIRMS_000949,9.91547,77.8808,21-08-2026,07:20,N21,VIIRS,n,D,330.27,297.11,5.53,0.59,0.7,2.0NRT
FIRMS_000950,10.0502,77.95194,21-08-2026,07:20,N21,VIIRS,h,D,367,294.07,13.76,0.58,0.7,2.0NRT
FIRMS_000951,10.02387,77.57968,21-08-2026,07:20,N21,VIIRS,n,D,350.54,297.52,13.65,0.62,0.71,2.0NRT
FIRMS_000952,10.01859,77.58141,21-08-2026,07:20,N21,VIIRS,n,D,343.03,296.89,17.06,0.62,0.71,2.0NRT
FIRMS_000953,10.40672,77.98721,21-08-2026,07:20,N21,VIIRS,n,D,336.6,291.87,3.91,0.57,0.69,2.0NRT
FIRMS_000954,11.71467,79.12849,21-08-2026,07:20,N21,VIIRS,n,D,333.78,294.15,6.81,0.45,0.63,2.0NRT
FIRMS_000955,11.77683,78.67175,21-08-2026,07:20,N21,VIIRS,n,D,345.59,291.44,6.7,0.48,0.65,2.0NRT
FIRMS_000956,11.7761,78.67162,21-08-2026,07:20,N21,VIIRS,n,D,339.85,291.28,5.95,0.48,0.65,2.0NRT
FIRMS_000957,12.3086,79.8354,21-08-2026,07:20,N21,VIIRS,n,D,331.79,291.55,2.32,0.39,0.59,2.0NRT
FIRMS_000958,9.46267,77.93827,21-08-2026,07:20,N21,VIIRS,n,D,334.28,296.67,4.1,0.6,0.7,2.0NRT
FIRMS_000959,13.40486,80.21468,21-08-2026,07:20,N21,VIIRS,n,D,330.46,284.92,3.1,0.35,0.57,2.0NRT
FIRMS_000960,14.6078,79.66063,21-08-2026,07:20,N21,VIIRS,n,D,342.95,294.46,6.46,0.36,0.58,2.0NRT
FIRMS_000961,14.67207,79.82387,21-08-2026,07:20,N21,VIIRS,n,D,330.08,293.88,2.82,0.35,0.57,2.0NRT
FIRMS_000962,14.68743,79.7369,21-08-2026,07:20,N21,VIIRS,n,D,336.25,292.67,3.61,0.36,0.57,2.0NRT
FIRMS_000963,14.6885,79.73643,21-08-2026,07:20,N21,VIIRS,n,D,335.87,291.89,2.77,0.36,0.57,2.0NRT
FIRMS_000964,9.46023,77.93821,21-08-2026,07:20,N21,VIIRS,n,D,336.12,297.78,5.13,0.6,0.7,2.0NRT
FIRMS_000965,14.78502,79.98163,21-08-2026,07:20,N21,VIIRS,n,D,334.18,294.46,2.91,0.34,0.56,2.0NRT
FIRMS_000966,14.75264,79.70685,21-08-2026,07:20,N21,VIIRS,n,D,332.97,291.83,3.81,0.36,0.57,2.0NRT
FIRMS_000967,23.77802,86.21037,21-08-2026,07:22,N21,VIIRS,n,D,333.93,295.58,4.46,0.39,0.36,2.0NRT
FIRMS_000968,14.52584,77.43586,21-08-2026,07:22,N21,VIIRS,h,D,367,290.84,15.67,0.52,0.67,2.0NRT
FIRMS_000969,14.52769,77.43334,21-08-2026,07:22,N21,VIIRS,n,D,338.86,290.86,7.56,0.52,0.67,2.0NRT
FIRMS_000970,15.10624,79.37469,21-08-2026,07:22,N21,VIIRS,n,D,344.85,290.84,6.03,0.37,0.58,2.0NRT
FIRMS_000971,15.81428,80.01816,21-08-2026,07:22,N21,VIIRS,n,D,330.86,294.34,2.83,0.33,0.55,2.0NRT
FIRMS_000972,15.74401,79.29642,21-08-2026,07:22,N21,VIIRS,n,D,350.7,296.12,7.04,0.37,0.58,2.0NRT
FIRMS_000973,16.60639,79.74261,21-08-2026,07:22,N21,VIIRS,n,D,332.67,295.56,2.15,0.33,0.55,2.0NRT
FIRMS_000974,17.49645,82.98081,21-08-2026,07:22,N21,VIIRS,n,D,339.61,295.66,3.86,0.39,0.44,2.0NRT
FIRMS_000975,17.23297,79.42318,21-08-2026,07:22,N21,VIIRS,n,D,333.05,294.1,2.64,0.34,0.56,2.0NRT
FIRMS_000976,22.24823,87.38765,21-08-2026,07:22,N21,VIIRS,n,D,331.95,292.07,3.08,0.38,0.36,2.0NRT
FIRMS_000977,23.48346,87.3627,21-08-2026,07:22,N21,VIIRS,n,D,337.08,297.47,5.06,0.39,0.36,2.0NRT
FIRMS_000978,23.66353,87.1547,21-08-2026,07:22,N21,VIIRS,n,D,340.74,298.79,6.18,0.39,0.36,2.0NRT
FIRMS_000979,23.67512,86.4021,21-08-2026,07:22,N21,VIIRS,n,D,330.3,296.81,5.73,0.38,0.36,2.0NRT
FIRMS_000980,23.67783,86.39777,21-08-2026,07:22,N21,VIIRS,n,D,338.05,296.2,8.01,0.38,0.36,2.0NRT
FIRMS_000981,23.68382,86.39285,21-08-2026,07:22,N21,VIIRS,n,D,330.91,292.82,5.77,0.38,0.36,2.0NRT
FIRMS_000982,23.70941,86.44951,21-08-2026,07:22,N21,VIIRS,n,D,331.8,291.54,3.16,0.38,0.36,2.0NRT
FIRMS_000983,23.7604,86.4017,21-08-2026,07:22,N21,VIIRS,n,D,335.74,293.96,5.92,0.38,0.36,2.0NRT
FIRMS_000984,23.76426,86.40483,21-08-2026,07:22,N21,VIIRS,n,D,342.4,294.13,5.37,0.38,0.36,2.0NRT
FIRMS_000985,23.76754,86.40423,21-08-2026,07:22,N21,VIIRS,n,D,332.34,293.08,2.7,0.38,0.36,2.0NRT
FIRMS_000986,23.77894,86.39065,21-08-2026,07:22,N21,VIIRS,n,D,339.02,293,5.67,0.38,0.36,2.0NRT
FIRMS_000987,23.78723,85.55419,21-08-2026,07:24,N21,VIIRS,l,D,331.56,297.75,5.91,0.39,0.36,2.0NRT
FIRMS_000988,25.79926,94.77165,21-08-2026,07:24,N21,VIIRS,n,D,330.64,292.82,5.49,0.61,0.53,2.0NRT
FIRMS_000989,23.7813,86.20977,21-08-2026,07:24,N21,VIIRS,n,D,339.27,296.76,4.46,0.39,0.36,2.0NRT
FIRMS_000990,23.75637,85.85545,21-08-2026,07:24,N21,VIIRS,l,D,331.17,298.73,9.23,0.39,0.36,2.0NRT
FIRMS_000991,29.04118,75.70134,21-08-2026,07:26,N21,VIIRS,n,D,349.66,291.73,6.91,0.33,0.55,2.0NRT
FIRMS_000992,27.68631,72.68755,21-08-2026,07:26,N21,VIIRS,n,D,335.23,294.36,2.79,0.54,0.68,2.0NRT
FIRMS_000993,26.37232,71.21835,21-08-2026,09:05,N21,VIIRS,n,D,330.16,294.38,2.65,0.4,0.6,2.0NRT
FIRMS_000994,27.43703,70.86094,21-08-2026,09:07,N21,VIIRS,n,D,345.55,300.8,3.58,0.39,0.59,2.0NRT
FIRMS_000995,23.64766,85.43689,21-08-2026,19:49,N21,VIIRS,n,N,313.62,281.92,1.65,0.41,0.37,2.0NRT
FIRMS_000996,23.67986,86.09519,21-08-2026,19:49,N21,VIIRS,n,N,319.22,290.36,4.94,0.4,0.37,2.0NRT
FIRMS_000997,23.73866,86.43509,21-08-2026,19:49,N21,VIIRS,n,N,306.43,264.86,1.37,0.39,0.36,2.0NRT
FIRMS_000998,23.73534,86.4345,21-08-2026,19:49,N21,VIIRS,n,N,304.61,270,1.37,0.39,0.36,2.0NRT
FIRMS_000999,23.72436,86.44046,21-08-2026,19:49,N21,VIIRS,n,N,306.09,278.36,2.41,0.39,0.36,2.0NRT
FIRMS_001000,23.7127,86.45013,21-08-2026,19:49,N21,VIIRS,n,N,316.83,279.57,2.39,0.39,0.36,2.0NRT
FIRMS_001001,23.70938,86.44955,21-08-2026,19:49,N21,VIIRS,n,N,318.48,282.9,2.5,0.39,0.36,2.0NRT
FIRMS_001002,23.68358,86.39426,21-08-2026,19:49,N21,VIIRS,n,N,309.69,287.44,2.39,0.39,0.36,2.0NRT
FIRMS_001003,23.56226,87.08412,21-08-2026,19:49,N21,VIIRS,n,N,315.95,288.09,3.93,0.38,0.36,2.0NRT
FIRMS_001004,23.68155,86.08361,21-08-2026,19:49,N21,VIIRS,n,N,333.34,289.93,3.81,0.4,0.37,2.0NRT
FIRMS_001005,25.5407,91.23618,21-08-2026,19:49,N21,VIIRS,n,N,306.25,287.63,1.3,0.46,0.39,2.0NRT
FIRMS_001006,23.67765,86.08691,21-08-2026,19:49,N21,VIIRS,n,N,310.23,290.24,3.81,0.4,0.37,2.0NRT
FIRMS_001007,23.67513,86.08725,21-08-2026,19:49,N21,VIIRS,n,N,315.89,290.53,4.09,0.4,0.37,2.0NRT
FIRMS_001008,23.6673,86.09382,21-08-2026,19:49,N21,VIIRS,n,N,309.03,290.14,3.18,0.4,0.37,2.0NRT
FIRMS_001009,23.5531,86.53947,21-08-2026,19:49,N21,VIIRS,n,N,305.74,285.35,2.72,0.39,0.36,2.0NRT
FIRMS_001010,23.6559,85.50668,21-08-2026,19:49,N21,VIIRS,n,N,315.01,288.54,1.53,0.41,0.37,2.0NRT
FIRMS_001011,23.64708,85.44088,21-08-2026,19:49,N21,VIIRS,n,N,321.18,283.61,1.65,0.41,0.37,2.0NRT
FIRMS_001012,22.36089,87.01716,21-08-2026,19:51,N21,VIIRS,n,N,311.46,280.02,0.94,0.38,0.36,2.0NRT
FIRMS_001013,22.24465,87.3873,21-08-2026,19:51,N21,VIIRS,n,N,313.65,280.42,1.69,0.38,0.36,2.0NRT
FIRMS_001014,22.0553,88.1225,21-08-2026,19:51,N21,VIIRS,n,N,308.18,281.43,1.3,0.39,0.36,2.0NRT
FIRMS_001015,22.05469,88.12626,21-08-2026,19:51,N21,VIIRS,n,N,310.4,280.81,1.51,0.39,0.36,2.0NRT
FIRMS_001016,18.57163,74.18153,21-08-2026,19:51,N21,VIIRS,n,N,310.06,284.01,2.1,0.54,0.68,2.0NRT
FIRMS_001017,18.80127,74.25323,21-08-2026,19:51,N21,VIIRS,n,N,300.25,277.53,1.25,0.54,0.68,2.0NRT
FIRMS_001018,22.00436,82.67083,21-08-2026,19:51,N21,VIIRS,n,N,309.23,290.14,2.28,0.52,0.41,2.0NRT
FIRMS_001019,22.35731,82.30456,21-08-2026,19:51,N21,VIIRS,n,N,298.19,283.77,1.99,0.55,0.42,2.0NRT
FIRMS_001020,22.37758,87.2785,21-08-2026,19:51,N21,VIIRS,n,N,330.19,281.17,3.97,0.38,0.36,2.0NRT
FIRMS_001021,22.377,87.2822,21-08-2026,19:51,N21,VIIRS,n,N,310.92,280.1,1.55,0.38,0.36,2.0NRT
FIRMS_001022,22.36752,87.29948,21-08-2026,19:51,N21,VIIRS,n,N,316.76,281.16,1.55,0.38,0.36,2.0NRT
FIRMS_001023,22.36423,87.29889,21-08-2026,19:51,N21,VIIRS,n,N,310.36,281.16,1.55,0.38,0.36,2.0NRT
FIRMS_001024,22.36365,87.30258,21-08-2026,19:51,N21,VIIRS,n,N,316.32,281.78,2.29,0.38,0.36,2.0NRT
FIRMS_001025,22.35882,87.29031,21-08-2026,19:51,N21,VIIRS,n,N,307.56,280,1.11,0.38,0.36,2.0NRT
FIRMS_001026,22.35824,87.294,21-08-2026,19:51,N21,VIIRS,n,N,304.88,280.46,0.73,0.38,0.36,2.0NRT
FIRMS_001027,22.36418,87.01775,21-08-2026,19:51,N21,VIIRS,n,N,304.88,279.03,0.94,0.38,0.36,2.0NRT
FIRMS_001028,15.18496,76.67664,21-08-2026,19:53,N21,VIIRS,n,N,314.14,290.49,1.6,0.34,0.56,2.0NRT
FIRMS_001029,15.168,76.37878,21-08-2026,19:53,N21,VIIRS,n,N,310.47,289.63,2.12,0.35,0.57,2.0NRT
FIRMS_001030,15.06977,76.86726,21-08-2026,19:53,N21,VIIRS,n,N,303.67,288.87,1,0.32,0.55,2.0NRT
FIRMS_001031,14.87368,78.0514,21-08-2026,19:53,N21,VIIRS,n,N,299.72,280.11,0.81,0.54,0.51,2.0NRT
FIRMS_001032,15.17816,76.67384,21-08-2026,19:53,N21,VIIRS,n,N,307.54,291.07,1.37,0.34,0.56,2.0NRT
FIRMS_001033,15.17781,76.67696,21-08-2026,19:53,N21,VIIRS,n,N,316.7,291.22,1.37,0.34,0.56,2.0NRT
FIRMS_001034,15.02195,78.01622,21-08-2026,19:53,N21,VIIRS,n,N,304.53,287.99,1.8,0.54,0.51,2.0NRT
FIRMS_001035,15.02365,78.01412,21-08-2026,19:53,N21,VIIRS,n,N,306.23,288,1.89,0.54,0.51,2.0NRT
FIRMS_001036,15.18721,76.65808,21-08-2026,19:53,N21,VIIRS,n,N,305.95,291.46,1.44,0.34,0.56,2.0NRT
FIRMS_001037,15.18097,76.6668,21-08-2026,19:53,N21,VIIRS,n,N,326.66,290.73,3.3,0.34,0.56,2.0NRT
FIRMS_001038,15.18022,76.67299,21-08-2026,19:53,N21,VIIRS,n,N,317.38,291.75,2.05,0.34,0.56,2.0NRT
FIRMS_001039,15.17734,76.65386,21-08-2026,19:53,N21,VIIRS,n,N,317.14,290.91,1.96,0.34,0.56,2.0NRT
FIRMS_001040,15.17696,76.65696,21-08-2026,19:53,N21,VIIRS,n,N,317.6,290.55,1.96,0.34,0.56,2.0NRT
FIRMS_001041,15.17473,76.67556,21-08-2026,19:53,N21,VIIRS,n,N,315.83,290.09,2.05,0.34,0.56,2.0NRT
FIRMS_001042,15.13456,76.70862,21-08-2026,19:53,N21,VIIRS,n,N,308.41,290.28,0.9,0.33,0.56,2.0NRT
FIRMS_001043,15.33372,76.2864,21-08-2026,19:53,N21,VIIRS,n,N,298.59,280.53,0.61,0.36,0.57,2.0NRT
FIRMS_001044,15.3342,76.2795,21-08-2026,19:53,N21,VIIRS,n,N,298.65,283.65,0.52,0.36,0.57,2.0NRT
FIRMS_001045,15.33343,76.28597,21-08-2026,19:53,N21,VIIRS,n,N,296.04,280.46,0.47,0.36,0.57,2.0NRT
FIRMS_001046,15.17971,77.10136,21-08-2026,19:53,N21,VIIRS,n,N,301.43,288.26,2,0.63,0.54,2.0NRT
FIRMS_001047,15.18433,76.66511,21-08-2026,19:53,N21,VIIRS,n,N,307.18,289.77,2.1,0.34,0.56,2.0NRT
FIRMS_001048,15.18398,76.66821,21-08-2026,19:53,N21,VIIRS,n,N,309.62,289.94,3.21,0.34,0.56,2.0NRT
FIRMS_001049,15.18328,76.67441,21-08-2026,19:53,N21,VIIRS,n,N,308.65,291.07,1.37,0.34,0.56,2.0NRT
FIRMS_001050,15.18292,76.67751,21-08-2026,19:53,N21,VIIRS,n,N,315.24,290.85,1.37,0.34,0.56,2.0NRT
FIRMS_001051,10.24649,77.21374,21-08-2026,19:55,N21,VIIRS,n,N,324.08,269.9,4.27,0.53,0.5,2.0NRT
FIRMS_001052,10.08932,77.23553,21-08-2026,19:55,N21,VIIRS,n,N,328.87,274.16,6.03,0.52,0.5,2.0NRT
FIRMS_001053,10.08887,77.23895,21-08-2026,19:55,N21,VIIRS,n,N,301.37,273.74,2.42,0.52,0.5,2.0NRT
FIRMS_001054,10.24561,77.22022,21-08-2026,19:55,N21,VIIRS,n,N,316.46,268.57,4.27,0.53,0.5,2.0NRT
FIRMS_001055,10.24489,77.22552,21-08-2026,19:55,N21,VIIRS,n,N,305.91,268.29,2.37,0.53,0.5,2.0NRT
FIRMS_001056,10.05098,77.95471,21-08-2026,19:55,N21,VIIRS,n,N,305.12,277.48,2.58,0.47,0.48,2.0NRT
FIRMS_001057,10.09406,77.23496,21-08-2026,19:55,N21,VIIRS,n,N,335.92,274.33,6.03,0.52,0.5,2.0NRT
FIRMS_001058,10.09354,77.23885,21-08-2026,19:55,N21,VIIRS,n,N,300.13,273.45,2.42,0.52,0.5,2.0NRT
FIRMS_001059,27.0781,73.81679,21-08-2026,21:29,N21,VIIRS,n,N,303.14,289.48,0.74,0.4,0.6,2.0NRT
FIRMS_001060,24.82004,73.09278,21-08-2026,21:31,N21,VIIRS,n,N,298.63,277.9,0.92,0.41,0.6,2.0NRT
FIRMS_001061,26.25637,74.09545,21-08-2026,21:31,N21,VIIRS,n,N,295.33,268.73,0.37,0.44,0.62,2.0NRT
FIRMS_001062,23.67692,86.3983,22-08-2026,07:03,N21,VIIRS,n,D,332.68,294.29,7.84,0.56,0.43,2.0NRT
FIRMS_001063,23.64585,85.43987,22-08-2026,07:03,N21,VIIRS,n,D,332.83,289.32,8.73,0.42,0.46,2.0NRT
FIRMS_001064,22.37735,87.28273,22-08-2026,07:03,N21,VIIRS,n,D,330.92,293.4,9.32,0.53,0.42,2.0NRT
FIRMS_001065,22.37667,87.27975,22-08-2026,07:03,N21,VIIRS,n,D,338.08,293.11,8.72,0.53,0.42,2.0NRT
FIRMS_001066,23.66378,87.15511,22-08-2026,07:03,N21,VIIRS,n,D,333.81,295.92,6.29,0.51,0.41,2.0NRT
FIRMS_001067,23.66538,87.15651,22-08-2026,07:03,N21,VIIRS,n,D,332.25,296.03,4.52,0.51,0.41,2.0NRT
FIRMS_001068,29.46,76.86426,22-08-2026,07:05,N21,VIIRS,h,D,367,290.49,52.02,0.53,0.67,2.0NRT
FIRMS_001069,29.45864,76.85911,22-08-2026,07:05,N21,VIIRS,n,D,330.26,290.01,30.37,0.53,0.67,2.0NRT
FIRMS_001070,27.1462,88.45207,22-08-2026,07:05,N21,VIIRS,n,D,340.92,295.38,5.8,0.41,0.37,2.0NRT
FIRMS_001071,29.45838,76.86343,22-08-2026,07:05,N21,VIIRS,h,D,367,291.86,44.95,0.53,0.67,2.0NRT
FIRMS_001072,9.18167,78.42713,22-08-2026,08:39,N21,VIIRS,n,D,335.64,295.68,1.39,0.36,0.57,2.0NRT
FIRMS_001073,9.45034,78.84183,22-08-2026,08:41,N21,VIIRS,n,D,352.32,298.5,5.93,0.38,0.59,2.0NRT
FIRMS_001074,9.42338,78.84542,22-08-2026,08:41,N21,VIIRS,n,D,336.06,295.17,3,0.38,0.59,2.0NRT
FIRMS_001075,9.2724,77.87881,22-08-2026,08:41,N21,VIIRS,n,D,331.47,272.12,2.79,0.33,0.55,2.0NRT
FIRMS_001076,21.10395,72.64455,22-08-2026,08:43,N21,VIIRS,n,D,338.21,290.65,5.3,0.43,0.46,2.0NRT
FIRMS_001077,29.45525,76.87004,22-08-2026,08:45,N21,VIIRS,n,D,329.19,292.01,9.06,0.49,0.65,2.0NRT
FIRMS_001078,29.45792,76.86768,22-08-2026,08:45,N21,VIIRS,n,D,352.46,292.96,24.83,0.49,0.65,2.0NRT
FIRMS_001079,29.45823,76.87273,22-08-2026,08:45,N21,VIIRS,n,D,350.27,291.98,24.83,0.49,0.65,2.0NRT
FIRMS_001080,29.45762,76.86265,22-08-2026,08:45,N21,VIIRS,n,D,329.18,292.79,12.13,0.49,0.65,2.0NRT
FIRMS_001081,27.43514,70.78793,22-08-2026,08:45,N21,VIIRS,n,D,340.31,305.64,3.19,0.4,0.44,2.0NRT
FIRMS_001082,27.46791,95.42184,22-08-2026,19:30,N21,VIIRS,n,N,303.96,277.22,0.75,0.42,0.37,2.0NRT
FIRMS_001083,27.90663,95.66188,22-08-2026,19:30,N21,VIIRS,n,N,307.39,292.62,3.67,0.42,0.38,2.0NRT
FIRMS_001084,23.76291,86.40199,22-08-2026,19:32,N21,VIIRS,n,N,314.31,283.6,1.81,0.41,0.45,2.0NRT
FIRMS_001085,23.76242,86.40607,22-08-2026,19:32,N21,VIIRS,n,N,310.94,283.46,1.81,0.41,0.45,2.0NRT
FIRMS_001086,23.78165,86.20951,22-08-2026,19:32,N21,VIIRS,n,N,308.3,283.19,1.8,0.42,0.45,2.0NRT
FIRMS_001087,23.75879,86.40139,22-08-2026,19:32,N21,VIIRS,n,N,311.84,283.66,1.76,0.41,0.45,2.0NRT
FIRMS_001088,23.7583,86.40547,22-08-2026,19:32,N21,VIIRS,n,N,308.8,283.33,1.76,0.41,0.45,2.0NRT
FIRMS_001089,23.77748,86.20891,22-08-2026,19:32,N21,VIIRS,n,N,307.56,283.22,1.8,0.42,0.45,2.0NRT
FIRMS_001090,23.75516,86.39672,22-08-2026,19:32,N21,VIIRS,n,N,306.59,283.74,2.24,0.41,0.45,2.0NRT
FIRMS_001091,23.75273,86.41698,22-08-2026,19:32,N21,VIIRS,n,N,310.47,282.96,1.62,0.41,0.45,2.0NRT
FIRMS_001092,23.73801,86.43526,22-08-2026,19:32,N21,VIIRS,n,N,321.21,282.21,1.76,0.41,0.45,2.0NRT
FIRMS_001093,23.73849,86.43127,22-08-2026,19:32,N21,VIIRS,n,N,305.03,281.43,1.76,0.41,0.45,2.0NRT
FIRMS_001094,23.73438,86.43067,22-08-2026,19:32,N21,VIIRS,n,N,304.46,281.98,1.76,0.41,0.45,2.0NRT
FIRMS_001095,23.73342,86.43871,22-08-2026,19:32,N21,VIIRS,n,N,304.54,282.81,1.14,0.41,0.45,2.0NRT
FIRMS_001096,23.7768,85.99547,22-08-2026,19:32,N21,VIIRS,n,N,299.36,276.54,0.83,0.44,0.46,2.0NRT
FIRMS_001097,23.72473,86.44157,22-08-2026,19:32,N21,VIIRS,n,N,305.43,282.04,1.93,0.41,0.45,2.0NRT
FIRMS_001098,23.7721,85.99903,22-08-2026,19:32,N21,VIIRS,n,N,295.9,272.08,0.33,0.44,0.46,2.0NRT
FIRMS_001099,23.72299,86.42089,22-08-2026,19:32,N21,VIIRS,n,N,307,283.06,1.36,0.41,0.45,2.0NRT
FIRMS_001100,23.71888,86.42031,22-08-2026,19:32,N21,VIIRS,n,N,306.78,282.13,1.36,0.41,0.45,2.0NRT
FIRMS_001101,23.71651,86.44041,22-08-2026,19:32,N21,VIIRS,n,N,305.07,281.79,2.13,0.41,0.45,2.0NRT
FIRMS_001102,23.71429,86.42374,22-08-2026,19:32,N21,VIIRS,n,N,308.97,282.45,2.23,0.41,0.45,2.0NRT
FIRMS_001103,23.71099,86.45187,22-08-2026,19:32,N21,VIIRS,n,N,316.91,282.31,2.74,0.41,0.45,2.0NRT
FIRMS_001104,23.75422,85.85241,22-08-2026,19:32,N21,VIIRS,n,N,313.16,283.22,1.81,0.45,0.47,2.0NRT
FIRMS_001105,23.68464,86.39088,22-08-2026,19:32,N21,VIIRS,n,N,309.15,280.8,1.83,0.41,0.45,2.0NRT
FIRMS_001106,25.54005,91.23735,22-08-2026,19:32,N21,VIIRS,n,N,298.55,280.35,0.48,0.4,0.37,2.0NRT
FIRMS_001107,24.12137,86.86515,22-08-2026,19:32,N21,VIIRS,n,N,302.81,281.78,0.37,0.39,0.44,2.0NRT
FIRMS_001108,24.11378,86.86015,22-08-2026,19:32,N21,VIIRS,n,N,315.62,282.24,2.06,0.39,0.44,2.0NRT
FIRMS_001109,23.8035,86.32822,22-08-2026,19:32,N21,VIIRS,n,N,322.66,283.66,2.73,0.42,0.45,2.0NRT
FIRMS_001110,23.80397,86.32408,22-08-2026,19:32,N21,VIIRS,n,N,318.77,283.04,2.73,0.42,0.45,2.0NRT
FIRMS_001111,23.80303,86.33231,22-08-2026,19:32,N21,VIIRS,n,N,315.43,283.14,2.69,0.42,0.45,2.0NRT
FIRMS_001112,23.79657,86.35204,22-08-2026,19:32,N21,VIIRS,n,N,321.86,283.16,4,0.42,0.45,2.0NRT
FIRMS_001113,23.77953,86.39101,22-08-2026,19:32,N21,VIIRS,n,N,321.81,283.06,2.34,0.41,0.45,2.0NRT
FIRMS_001114,23.77999,86.38698,22-08-2026,19:32,N21,VIIRS,n,N,305.25,282.07,2.34,0.41,0.45,2.0NRT
FIRMS_001115,23.78133,86.38822,22-08-2026,19:32,N21,VIIRS,n,N,307.36,282.54,1.36,0.41,0.45,2.0NRT
FIRMS_001116,23.78085,86.39223,22-08-2026,19:32,N21,VIIRS,n,N,312.07,283.04,1.36,0.41,0.45,2.0NRT
FIRMS_001117,23.77721,86.38763,22-08-2026,19:32,N21,VIIRS,n,N,321.98,283.63,2.26,0.41,0.45,2.0NRT
FIRMS_001118,23.77917,86.37136,22-08-2026,19:32,N21,VIIRS,n,N,304.31,282.56,1.09,0.41,0.45,2.0NRT
FIRMS_001119,23.77673,86.39163,22-08-2026,19:32,N21,VIIRS,n,N,304.84,283.2,2.26,0.41,0.45,2.0NRT
FIRMS_001120,23.77603,86.36266,22-08-2026,19:32,N21,VIIRS,n,N,307.98,282.62,1.14,0.42,0.45,2.0NRT
FIRMS_001121,23.77553,86.36674,22-08-2026,19:32,N21,VIIRS,n,N,306.45,282.87,1.14,0.41,0.45,2.0NRT
FIRMS_001122,23.77189,86.36209,22-08-2026,19:32,N21,VIIRS,n,N,303.78,282.53,0.79,0.42,0.45,2.0NRT
FIRMS_001123,23.7714,86.36617,22-08-2026,19:32,N21,VIIRS,n,N,305.57,283.03,0.79,0.41,0.45,2.0NRT
FIRMS_001124,23.76703,86.40255,22-08-2026,19:32,N21,VIIRS,n,N,317.39,283.71,1.81,0.41,0.45,2.0NRT
FIRMS_001125,23.76654,86.40663,22-08-2026,19:32,N21,VIIRS,n,N,314.25,283.42,1.81,0.41,0.45,2.0NRT
FIRMS_001126,23.76388,86.39387,22-08-2026,19:32,N21,VIIRS,n,N,307.45,284.08,3.06,0.41,0.45,2.0NRT
FIRMS_001127,23.68417,86.39498,22-08-2026,19:32,N21,VIIRS,n,N,313.06,280.8,1.83,0.41,0.45,2.0NRT
FIRMS_001128,23.67959,86.3984,22-08-2026,19:32,N21,VIIRS,n,N,306.08,278.54,1.17,0.41,0.45,2.0NRT
FIRMS_001129,23.67594,86.39375,22-08-2026,19:32,N21,VIIRS,n,N,300.5,277.19,0.43,0.41,0.45,2.0NRT
FIRMS_001130,23.67548,86.39777,22-08-2026,19:32,N21,VIIRS,n,N,310.03,277.49,1.28,0.41,0.45,2.0NRT
FIRMS_001131,23.67502,86.40179,22-08-2026,19:32,N21,VIIRS,n,N,305.32,276.58,1.28,0.41,0.45,2.0NRT
FIRMS_001132,23.67658,86.39794,22-08-2026,19:32,N21,VIIRS,n,N,313.83,277.05,1.76,0.41,0.45,2.0NRT
FIRMS_001133,23.67609,86.40195,22-08-2026,19:32,N21,VIIRS,n,N,304.23,275.82,1.76,0.41,0.45,2.0NRT
FIRMS_001134,23.616,86.79124,22-08-2026,19:32,N21,VIIRS,n,N,295.4,268,0.82,0.39,0.44,2.0NRT
FIRMS_001135,23.68847,86.08707,22-08-2026,19:32,N21,VIIRS,n,N,304.31,280.98,1.1,0.43,0.46,2.0NRT
FIRMS_001136,23.67586,86.08545,22-08-2026,19:32,N21,VIIRS,n,N,305.7,282.55,1.83,0.43,0.46,2.0NRT
FIRMS_001137,23.66648,86.09274,22-08-2026,19:32,N21,VIIRS,n,N,303.66,282.02,1.05,0.43,0.46,2.0NRT
FIRMS_001138,23.82208,84.5723,22-08-2026,19:32,N21,VIIRS,n,N,300.45,271.34,1.33,0.54,0.51,2.0NRT
FIRMS_001139,23.65716,85.50877,22-08-2026,19:32,N21,VIIRS,n,N,305.01,280.24,1.5,0.47,0.47,2.0NRT
FIRMS_001140,23.64755,85.43784,22-08-2026,19:32,N21,VIIRS,n,N,327.96,283.15,5.55,0.47,0.48,2.0NRT
FIRMS_001141,23.60728,85.67543,22-08-2026,19:32,N21,VIIRS,n,N,305.11,281.7,1.5,0.45,0.47,2.0NRT
FIRMS_001142,23.66484,84.99831,22-08-2026,19:32,N21,VIIRS,n,N,307.18,279.12,1.88,0.5,0.49,2.0NRT
FIRMS_001143,22.87479,86.06349,22-08-2026,19:32,N21,VIIRS,n,N,310.39,278.8,1.19,0.42,0.45,2.0NRT
FIRMS_001144,22.79656,86.20597,22-08-2026,19:32,N21,VIIRS,n,N,303.93,278.65,1.51,0.41,0.45,2.0NRT
FIRMS_001145,22.79196,86.20944,22-08-2026,19:32,N21,VIIRS,n,N,304.11,279.24,1.56,0.41,0.45,2.0NRT
FIRMS_001146,22.79764,86.09138,22-08-2026,19:32,N21,VIIRS,n,N,299.01,274.78,1.16,0.42,0.45,2.0NRT
FIRMS_001147,22.58739,85.90622,22-08-2026,19:32,N21,VIIRS,n,N,295.89,270.98,0.5,0.43,0.46,2.0NRT
FIRMS_001148,22.57158,85.89577,22-08-2026,19:32,N21,VIIRS,n,N,304.16,280.21,1.74,0.43,0.46,2.0NRT
FIRMS_001149,20.97333,86.00673,22-08-2026,19:32,N21,VIIRS,n,N,303.25,276.26,1.48,0.4,0.44,2.0NRT
FIRMS_001150,20.96878,86.01003,22-08-2026,19:32,N21,VIIRS,n,N,321.97,275.97,1.48,0.4,0.44,2.0NRT
FIRMS_001151,20.95187,86.04675,22-08-2026,19:32,N21,VIIRS,n,N,310.45,275.47,2.11,0.4,0.44,2.0NRT
FIRMS_001152,20.86294,84.98755,22-08-2026,19:32,N21,VIIRS,n,N,302.98,277.99,1.6,0.46,0.47,2.0NRT
FIRMS_001153,10.59398,78.44864,22-08-2026,19:36,N21,VIIRS,n,N,308.07,288.38,1.01,0.47,0.64,2.0NRT
FIRMS_001154,10.08148,77.23804,22-08-2026,19:36,N21,VIIRS,n,N,303.41,288.31,1.61,0.56,0.69,2.0NRT
FIRMS_001155,10.0775,77.2383,22-08-2026,19:36,N21,VIIRS,n,N,302.68,288.38,1.41,0.56,0.69,2.0NRT
FIRMS_001156,26.25694,74.09481,22-08-2026,21:12,N21,VIIRS,n,N,309.59,293.38,1.3,0.45,0.47,2.0NRT
FIRMS_001157,24.9345,74.6351,22-08-2026,21:12,N21,VIIRS,n,N,305.76,292.62,1.22,0.51,0.49,2.0NRT
FIRMS_001158,24.93308,74.63296,22-08-2026,21:12,N21,VIIRS,n,N,307.26,292.86,1.44,0.51,0.5,2.0NRT
FIRMS_001159,24.66185,74.63312,22-08-2026,21:12,N21,VIIRS,n,N,307.91,292.76,2.01,0.52,0.5,2.0NRT
FIRMS_001160,24.6572,73.87634,22-08-2026,21:12,N21,VIIRS,n,N,304.12,293.14,1.08,0.47,0.47,2.0NRT
FIRMS_001161,23.40824,72.41575,22-08-2026,21:14,N21,VIIRS,n,N,303.37,292.03,0.72,0.4,0.44,2.0NRT
FIRMS_001162,21.43299,72.97752,22-08-2026,21:14,N21,VIIRS,n,N,310.47,291.75,2.15,0.47,0.48,2.0NRT
FIRMS_001163,21.43188,72.97569,22-08-2026,21:14,N21,VIIRS,n,N,307.25,291.64,1.58,0.47,0.48,2.0NRT
FIRMS_001164,21.1023,72.63681,22-08-2026,21:14,N21,VIIRS,n,N,321.2,289.79,3,0.46,0.47,2.0NRT
FIRMS_001165,9.62576,77.42727,22-08-2026,21:16,N21,VIIRS,n,N,295.09,280.75,3.12,0.78,0.78,2.0NRT
FIRMS_001166,28.08151,95.72957,23-08-2026,06:46,N21,VIIRS,n,D,337.37,296.07,3.99,0.39,0.36,2.0NRT
FIRMS_001167,27.96467,96.95645,23-08-2026,06:46,N21,VIIRS,n,D,331.24,296.94,10.19,0.41,0.37,2.0NRT
FIRMS_001168,10.66683,78.1728,23-08-2026,08:22,N21,VIIRS,n,D,335.13,300.09,2.35,0.52,0.42,2.0NRT
FIRMS_001169,11.0347,77.14651,23-08-2026,08:22,N21,VIIRS,n,D,335.06,298.72,3.86,0.47,0.4,2.0NRT
FIRMS_001170,8.42499,77.62149,23-08-2026,08:22,N21,VIIRS,l,D,336.79,307.22,8.42,0.46,0.39,2.0NRT
FIRMS_001171,8.44418,77.65283,23-08-2026,08:22,N21,VIIRS,l,D,338.54,309.99,6.03,0.46,0.39,2.0NRT
FIRMS_001172,8.73994,77.59967,23-08-2026,08:22,N21,VIIRS,n,D,336.65,302.47,3.45,0.47,0.39,2.0NRT
FIRMS_001173,8.8975,77.86558,23-08-2026,08:22,N21,VIIRS,n,D,347.98,302.76,7.04,0.48,0.4,2.0NRT
FIRMS_001174,8.90116,77.86504,23-08-2026,08:22,N21,VIIRS,n,D,342.45,302.95,7.04,0.48,0.4,2.0NRT
FIRMS_001175,8.90054,77.86071,23-08-2026,08:22,N21,VIIRS,n,D,349.93,302.74,7.04,0.48,0.4,2.0NRT
FIRMS_001176,8.89992,77.85637,23-08-2026,08:22,N21,VIIRS,n,D,346.67,302.13,6.53,0.48,0.4,2.0NRT
FIRMS_001177,8.90481,77.86451,23-08-2026,08:22,N21,VIIRS,n,D,338.87,303.44,3.82,0.48,0.4,2.0NRT
FIRMS_001178,8.90419,77.86017,23-08-2026,08:22,N21,VIIRS,n,D,346.76,303.21,3.82,0.48,0.4,2.0NRT
FIRMS_001179,8.90358,77.85583,23-08-2026,08:22,N21,VIIRS,n,D,348.69,302.48,9.02,0.48,0.4,2.0NRT
FIRMS_001180,9.2187,77.62897,23-08-2026,08:22,N21,VIIRS,n,D,339.64,307.61,10.49,0.47,0.4,2.0NRT
FIRMS_001181,9.193,77.37519,23-08-2026,08:22,N21,VIIRS,n,D,336.48,302.74,3.7,0.46,0.39,2.0NRT
FIRMS_001182,9.22068,77.46474,23-08-2026,08:22,N21,VIIRS,n,D,338.5,307.26,3.71,0.46,0.39,2.0NRT
FIRMS_001183,9.28461,77.43481,23-08-2026,08:22,N21,VIIRS,n,D,335.92,303.08,1.94,0.46,0.39,2.0NRT
FIRMS_001184,9.2728,77.32723,23-08-2026,08:22,N21,VIIRS,n,D,332.55,300.12,3.22,0.46,0.39,2.0NRT
FIRMS_001185,9.91635,78.2001,23-08-2026,08:22,N21,VIIRS,n,D,341.27,302.38,14.59,0.52,0.41,2.0NRT
FIRMS_001186,10.10984,77.73901,23-08-2026,08:22,N21,VIIRS,n,D,332.03,289.06,3,0.49,0.4,2.0NRT
FIRMS_001187,8.9486,77.96073,23-08-2026,08:22,N21,VIIRS,n,D,336.94,303.48,4,0.49,0.4,2.0NRT
FIRMS_001188,9.44357,78.05501,23-08-2026,08:22,N21,VIIRS,n,D,341.41,303.99,12.43,0.5,0.41,2.0NRT
FIRMS_001189,9.90945,78.20588,23-08-2026,08:22,N21,VIIRS,n,D,336.58,302.09,12.59,0.52,0.41,2.0NRT
FIRMS_001190,9.89958,77.78525,23-08-2026,08:22,N21,VIIRS,n,D,339.16,303.59,13.81,0.49,0.4,2.0NRT
FIRMS_001191,15.36111,78.60121,23-08-2026,08:24,N21,VIIRS,n,D,337.47,292.24,4.05,0.43,0.46,2.0NRT
FIRMS_001192,16.113,78.21188,23-08-2026,08:24,N21,VIIRS,n,D,331.67,288.08,3.53,0.41,0.45,2.0NRT
FIRMS_001193,14.26653,79.79261,23-08-2026,08:24,N21,VIIRS,n,D,333.38,284.37,2.2,0.49,0.49,2.0NRT
FIRMS_001194,21.10555,72.64699,23-08-2026,08:26,N21,VIIRS,n,D,341.5,294.7,6.06,0.39,0.36,2.0NRT
FIRMS_001195,22.92903,70.10583,23-08-2026,08:26,N21,VIIRS,n,D,337.17,303.9,7.97,0.39,0.36,2.0NRT
FIRMS_001196,29.45938,76.8674,23-08-2026,08:28,N21,VIIRS,n,D,332.56,293.24,3.56,0.5,0.49,2.0NRT
FIRMS_001197,29.47683,76.85993,23-08-2026,08:28,N21,VIIRS,n,D,341.77,293.84,11.04,0.5,0.49,2.0NRT
FIRMS_001198,23.54908,87.2466,23-08-2026,19:13,N21,VIIRS,n,N,298.31,277.37,1.92,0.36,0.58,2.0NRT
FIRMS_001199,22.37616,87.27859,23-08-2026,19:13,N21,VIIRS,n,N,325.24,283.28,4.3,0.35,0.57,2.0NRT
FIRMS_001200,22.3645,87.0169,23-08-2026,19:13,N21,VIIRS,n,N,310.71,278.18,1.1,0.36,0.58,2.0NRT
FIRMS_001201,22.35921,87.01627,23-08-2026,19:13,N21,VIIRS,n,N,303.4,277.71,1.1,0.36,0.58,2.0NRT
FIRMS_001202,27.53554,95.39848,23-08-2026,19:13,N21,VIIRS,n,N,302.84,279.41,0.28,0.43,0.38,2.0NRT
FIRMS_001203,22.24316,87.38877,23-08-2026,19:13,N21,VIIRS,n,N,306.4,285.23,1.74,0.34,0.56,2.0NRT
FIRMS_001204,22.37584,87.28196,23-08-2026,19:13,N21,VIIRS,n,N,305.92,282.73,2.63,0.35,0.57,2.0NRT
FIRMS_001205,22.36402,87.01662,23-08-2026,19:13,N21,VIIRS,n,N,312.78,278.07,2.27,0.36,0.58,2.0NRT
FIRMS_001206,24.11502,86.86157,23-08-2026,19:13,N21,VIIRS,n,N,301.13,267.96,1.18,0.39,0.59,2.0NRT
FIRMS_001207,24.11958,86.35051,23-08-2026,19:13,N21,VIIRS,n,N,302.42,282.55,1.21,0.42,0.61,2.0NRT
FIRMS_001208,23.78184,86.38814,23-08-2026,19:13,N21,VIIRS,n,N,296.29,281.44,1.27,0.41,0.61,2.0NRT
FIRMS_001209,23.7815,86.39215,23-08-2026,19:13,N21,VIIRS,n,N,302.41,282.18,1.27,0.41,0.61,2.0NRT
FIRMS_001210,23.77752,86.38899,23-08-2026,19:13,N21,VIIRS,n,N,314.19,281.5,1.9,0.41,0.61,2.0NRT
FIRMS_001211,23.77716,86.39299,23-08-2026,19:13,N21,VIIRS,n,N,300.96,280.75,1.9,0.41,0.61,2.0NRT
FIRMS_001212,23.76707,86.37955,23-08-2026,19:13,N21,VIIRS,n,N,301.3,282.87,1.8,0.41,0.61,2.0NRT
FIRMS_001213,23.7649,86.40394,23-08-2026,19:13,N21,VIIRS,n,N,305.66,281.22,0.73,0.41,0.61,2.0NRT
FIRMS_001214,23.7541,86.39857,23-08-2026,19:13,N21,VIIRS,n,N,300.5,281.19,1.4,0.41,0.61,2.0NRT
FIRMS_001215,23.75265,86.41494,23-08-2026,19:13,N21,VIIRS,n,N,300.55,280.09,1.31,0.41,0.61,2.0NRT
FIRMS_001216,23.73973,86.43378,23-08-2026,19:13,N21,VIIRS,n,N,308.15,281.62,1.43,0.41,0.61,2.0NRT
FIRMS_001217,23.73451,86.42915,23-08-2026,19:13,N21,VIIRS,n,N,300.72,279.93,1.86,0.41,0.61,2.0NRT
FIRMS_001218,23.73416,86.43314,23-08-2026,19:13,N21,VIIRS,n,N,310.8,280.59,2.99,0.41,0.61,2.0NRT
FIRMS_001219,23.72406,86.41985,23-08-2026,19:13,N21,VIIRS,n,N,301.15,278.41,1.28,0.41,0.61,2.0NRT
FIRMS_001220,23.72372,86.42384,23-08-2026,19:13,N21,VIIRS,n,N,299.81,278.08,1.41,0.41,0.61,2.0NRT
FIRMS_001221,23.72231,86.44004,23-08-2026,19:13,N21,VIIRS,n,N,307.72,280.41,1.38,0.41,0.61,2.0NRT
FIRMS_001222,23.71639,86.44345,23-08-2026,19:13,N21,VIIRS,n,N,302.59,280.95,1.38,0.41,0.61,2.0NRT
FIRMS_001223,23.71256,86.42266,23-08-2026,19:13,N21,VIIRS,n,N,304.64,278.41,1.87,0.41,0.61,2.0NRT
FIRMS_001224,23.71013,86.4509,23-08-2026,19:13,N21,VIIRS,n,N,313.27,280.99,2.59,0.41,0.61,2.0NRT
FIRMS_001225,23.68113,86.39481,23-08-2026,19:13,N21,VIIRS,n,N,304.32,281.36,1.89,0.41,0.61,2.0NRT
FIRMS_001226,23.67522,86.39812,23-08-2026,19:13,N21,VIIRS,n,N,310.65,282.19,1.89,0.41,0.61,2.0NRT
FIRMS_001227,23.61102,87.14495,23-08-2026,19:13,N21,VIIRS,n,N,296.59,282.12,1.75,0.37,0.58,2.0NRT
FIRMS_001228,23.6107,87.14855,23-08-2026,19:13,N21,VIIRS,n,N,296.84,282.29,2.08,0.37,0.58,2.0NRT
FIRMS_001229,23.68246,86.39201,23-08-2026,19:13,N21,VIIRS,n,N,301.55,280.19,2.7,0.41,0.61,2.0NRT
FIRMS_001230,23.68209,86.39613,23-08-2026,19:13,N21,VIIRS,n,N,302.18,280.93,1.68,0.41,0.61,2.0NRT
FIRMS_001231,23.67651,86.39543,23-08-2026,19:13,N21,VIIRS,n,N,302.59,281.37,1.87,0.41,0.61,2.0NRT
FIRMS_001232,23.67615,86.39944,23-08-2026,19:13,N21,VIIRS,n,N,309.56,281.61,1.87,0.41,0.61,2.0NRT
FIRMS_001233,23.56032,87.24065,23-08-2026,19:13,N21,VIIRS,n,N,314.83,279.56,2.5,0.36,0.58,2.0NRT
FIRMS_001234,23.55503,87.2401,23-08-2026,19:13,N21,VIIRS,n,N,311.8,278.82,1.65,0.36,0.58,2.0NRT
FIRMS_001235,31.2488,76.9297,23-08-2026,20:53,N21,VIIRS,n,N,300.72,290.7,0.38,0.45,0.39,2.0NRT
FIRMS_001236,29.47537,76.8596,23-08-2026,20:53,N21,VIIRS,n,N,306.94,292.43,0.83,0.47,0.4,2.0NRT
FIRMS_001237,29.45843,76.89032,23-08-2026,20:53,N21,VIIRS,n,N,307.74,291.53,0.61,0.47,0.4,2.0NRT
FIRMS_001238,29.45481,76.86952,23-08-2026,20:53,N21,VIIRS,n,N,332.79,292.29,4.23,0.47,0.4,2.0NRT
FIRMS_001239,29.35825,76.95921,23-08-2026,20:53,N21,VIIRS,n,N,307.37,290.96,1.47,0.48,0.4,2.0NRT
FIRMS_001240,29.12311,75.77846,23-08-2026,20:53,N21,VIIRS,n,N,310.56,291.34,2.22,0.43,0.38,2.0NRT
FIRMS_001241,24.81994,73.09312,23-08-2026,20:53,N21,VIIRS,n,N,315.29,294.73,1.72,0.39,0.36,2.0NRT
FIRMS_001242,24.65842,73.87619,23-08-2026,20:53,N21,VIIRS,n,N,309.35,294.33,1.25,0.41,0.37,2.0NRT
FIRMS_001243,24.69098,73.00512,23-08-2026,20:53,N21,VIIRS,n,N,304.11,293.03,0.98,0.39,0.36,2.0NRT
FIRMS_001244,24.68829,73.00064,23-08-2026,20:53,N21,VIIRS,n,N,305.3,292.89,0.98,0.39,0.36,2.0NRT
FIRMS_001245,23.3138,70.48741,23-08-2026,20:53,N21,VIIRS,n,N,307.62,294.43,1.24,0.39,0.36,2.0NRT
FIRMS_001246,22.57408,70.22664,23-08-2026,20:53,N21,VIIRS,n,N,303.8,292.27,1.72,0.39,0.36,2.0NRT
FIRMS_001247,23.7934,86.34972,23-08-2026,20:55,N21,VIIRS,n,N,300.21,269.16,1.44,0.73,0.76,2.0NRT
FIRMS_001248,23.76575,86.40074,23-08-2026,20:55,N21,VIIRS,n,N,300.08,268.31,2.42,0.74,0.76,2.0NRT
FIRMS_001249,23.75898,86.39871,23-08-2026,20:55,N21,VIIRS,n,N,299.33,268.99,2.42,0.74,0.76,2.0NRT
FIRMS_001250,23.67958,86.39573,23-08-2026,20:55,N21,VIIRS,n,N,302.14,272.16,4.46,0.74,0.76,2.0NRT
FIRMS_001251,26.25788,74.09489,23-08-2026,20:55,N21,VIIRS,n,N,310.07,292.99,1.23,0.41,0.37,2.0NRT
FIRMS_001252,25.94286,72.19045,23-08-2026,20:55,N21,VIIRS,n,N,307.37,294.51,0.97,0.38,0.36,2.0NRT
FIRMS_001253,24.93355,74.63254,23-08-2026,20:55,N21,VIIRS,n,N,311.44,291.35,1.37,0.43,0.38,2.0NRT
FIRMS_001254,19.93539,73.71249,23-08-2026,20:55,N21,VIIRS,n,N,301.45,290.77,0.55,0.45,0.39,2.0NRT
FIRMS_001255,19.04779,73.11804,23-08-2026,20:55,N21,VIIRS,n,N,307.42,292.09,1.71,0.44,0.38,2.0NRT
FIRMS_001256,19.04974,73.11978,23-08-2026,20:55,N21,VIIRS,n,N,305.42,292.19,1.5,0.44,0.38,2.0NRT
FIRMS_001257,23.76476,86.40518,23-08-2026,20:55,N21,VIIRS,n,N,301.18,267.33,2.22,0.74,0.76,2.0NRT
FIRMS_001258,23.80548,86.33092,23-08-2026,20:55,N21,VIIRS,n,N,299.17,268.63,1.82,0.73,0.76,2.0NRT
FIRMS_001259,23.77993,86.34556,23-08-2026,20:55,N21,VIIRS,n,N,297.78,268.37,1.34,0.73,0.76,2.0NRT
FIRMS_001260,21.10867,72.64659,23-08-2026,20:55,N21,VIIRS,n,N,303.22,290.55,2.23,0.4,0.37,2.0NRT
FIRMS_001261,21.10531,72.64595,23-08-2026,20:55,N21,VIIRS,n,N,338.88,293.86,3.85,0.4,0.37,2.0NRT
FIRMS_001262,21.1066,72.63825,23-08-2026,20:55,N21,VIIRS,n,N,305.43,292.27,1.31,0.4,0.37,2.0NRT
FIRMS_001263,21.10596,72.6421,23-08-2026,20:55,N21,VIIRS,n,N,309.75,292.21,3.85,0.4,0.37,2.0NRT
FIRMS_001264,21.10467,72.6498,23-08-2026,20:55,N21,VIIRS,n,N,306.47,291.48,3.09,0.4,0.37,2.0NRT
FIRMS_001265,21.10388,72.63377,23-08-2026,20:55,N21,VIIRS,n,N,303.36,290.85,1.31,0.4,0.37,2.0NRT
FIRMS_001266,21.10324,72.63761,23-08-2026,20:55,N21,VIIRS,n,N,310.96,291.45,1.31,0.4,0.37,2.0NRT
FIRMS_001267,21.10195,72.64531,23-08-2026,20:55,N21,VIIRS,n,N,303.51,289.49,3.85,0.4,0.37,2.0NRT
FIRMS_001268,27.28774,73.83964,23-08-2026,20:55,N21,VIIRS,n,N,308.69,293.64,1.09,0.4,0.37,2.0NRT
FIRMS_001269,26.87672,73.51546,23-08-2026,20:55,N21,VIIRS,n,N,306.5,293.53,1.63,0.39,0.36,2.0NRT
FIRMS_001270,23.8,86.32664,23-08-2026,20:55,N21,VIIRS,n,N,300.61,268.36,3.28,0.73,0.76,2.0NRT
FIRMS_001271,11.13734,77.35052,23-08-2026,20:57,N21,VIIRS,n,N,308.69,287.11,1.5,0.34,0.56,2.0NRT
FIRMS_001272,10.07067,77.25338,23-08-2026,20:57,N21,VIIRS,n,N,296.24,284.9,1.7,0.35,0.57,2.0NRT
FIRMS_001273,10.06989,77.25764,23-08-2026,20:57,N21,VIIRS,n,N,295.88,283.55,1.09,0.35,0.57,2.0NRT
FIRMS_001274,9.13882,78.25266,24-08-2026,08:03,N21,VIIRS,l,D,338.62,298.43,6.03,0.39,0.36,2.0NRT
FIRMS_001275,10.44382,79.63159,24-08-2026,08:03,N21,VIIRS,n,D,332.01,288.22,3.01,0.39,0.36,2.0NRT
FIRMS_001276,9.04358,78.21024,24-08-2026,08:03,N21,VIIRS,l,D,332.46,295.91,3.33,0.39,0.36,2.0NRT
FIRMS_001277,10.44329,79.62807,24-08-2026,08:03,N21,VIIRS,n,D,335.68,288.58,3.01,0.39,0.36,2.0NRT
FIRMS_001278,10.44661,79.62756,24-08-2026,08:03,N21,VIIRS,n,D,332.75,289.12,3.01,0.39,0.36,2.0NRT
FIRMS_001279,15.17561,76.65761,24-08-2026,08:05,N21,VIIRS,n,D,342.81,296.54,8.73,0.39,0.36,2.0NRT
FIRMS_001280,15.18392,76.6673,24-08-2026,08:05,N21,VIIRS,l,D,336.44,295.62,5.39,0.39,0.36,2.0NRT
FIRMS_001281,31.30223,75.0976,24-08-2026,08:09,N21,VIIRS,n,D,331.03,300.39,2.69,0.4,0.37,2.0NRT
FIRMS_001282,31.99993,78.53543,24-08-2026,08:09,N21,VIIRS,n,D,342.79,306.47,20.93,0.54,0.42,2.0NRT
FIRMS_001283,22.37808,87.27341,24-08-2026,18:53,N21,VIIRS,n,N,305.13,284.62,3.57,0.71,0.75,2.0NRT
FIRMS_001284,22.37762,87.28032,24-08-2026,18:53,N21,VIIRS,n,N,313.01,284.39,3.57,0.71,0.75,2.0NRT
FIRMS_001285,22.36239,87.29989,24-08-2026,18:53,N21,VIIRS,n,N,303.55,284.66,2.58,0.71,0.75,2.0NRT
FIRMS_001286,22.36675,87.01879,24-08-2026,18:53,N21,VIIRS,n,N,301.37,284.57,1.66,0.74,0.76,2.0NRT
FIRMS_001287,22.37821,87.27383,24-08-2026,18:53,N21,VIIRS,n,N,305.16,284.54,4.15,0.71,0.75,2.0NRT
FIRMS_001288,22.37771,87.28072,24-08-2026,18:53,N21,VIIRS,n,N,313.4,284.51,4.8,0.71,0.75,2.0NRT
FIRMS_001289,22.36235,87.30032,24-08-2026,18:53,N21,VIIRS,n,N,303.61,284.88,2.75,0.71,0.75,2.0NRT
FIRMS_001290,23.5561,87.23985,24-08-2026,20:34,N21,VIIRS,n,N,302.88,277.95,1,0.43,0.62,2.0NRT
FIRMS_001291,31.32664,76.89409,24-08-2026,20:34,N21,VIIRS,n,N,303.53,291.91,0.76,0.4,0.37,2.0NRT
FIRMS_001292,31.25072,76.92702,24-08-2026,20:34,N21,VIIRS,n,N,304.62,291.29,0.46,0.4,0.37,2.0NRT
FIRMS_001293,29.12299,75.77946,24-08-2026,20:34,N21,VIIRS,n,N,309.56,295.69,0.55,0.41,0.37,2.0NRT
FIRMS_001294,26.25869,74.09478,24-08-2026,20:34,N21,VIIRS,n,N,306.44,293.61,1.29,0.44,0.38,2.0NRT
FIRMS_001295,23.66204,87.15504,24-08-2026,20:34,N21,VIIRS,n,N,306.74,277.33,2.54,0.42,0.61,2.0NRT
FIRMS_001296,23.69767,85.35781,24-08-2026,20:34,N21,VIIRS,n,N,302.44,286.23,1.08,0.32,0.55,2.0NRT
FIRMS_001297,25.94196,72.19294,24-08-2026,20:34,N21,VIIRS,n,N,305.95,294.78,1.97,0.53,0.42,2.0NRT
FIRMS_001298,23.6974,85.3561,24-08-2026,20:34,N21,VIIRS,n,N,298.78,286.16,0.9,0.32,0.55,2.0NRT
FIRMS_001299,22.37958,87.27782,24-08-2026,20:34,N21,VIIRS,n,N,319.11,288.07,3.83,0.45,0.63,2.0NRT
FIRMS_001300,22.37859,87.28209,24-08-2026,20:34,N21,VIIRS,n,N,315.76,288.26,3.83,0.45,0.63,2.0NRT
FIRMS_001301,22.36792,87.30201,24-08-2026,20:34,N21,VIIRS,n,N,304.48,287.91,1.87,0.46,0.63,2.0NRT
FIRMS_001302,22.37782,87.28007,24-08-2026,20:34,N21,VIIRS,n,N,329.41,288.78,6.44,0.45,0.63,2.0NRT
FIRMS_001303,22.37879,87.27578,24-08-2026,20:34,N21,VIIRS,n,N,304.5,288,3.39,0.45,0.63,2.0NRT
FIRMS_001304,22.3673,87.3,24-08-2026,20:34,N21,VIIRS,n,N,308.18,288.31,2.55,0.46,0.63,2.0NRT
FIRMS_001305,22.36633,87.30431,24-08-2026,20:34,N21,VIIRS,n,N,305.57,287.65,1.78,0.46,0.63,2.0NRT
FIRMS_001306,22.36615,87.01677,24-08-2026,20:34,N21,VIIRS,n,N,304.84,285.86,2.41,0.44,0.62,2.0NRT
FIRMS_001307,21.10295,72.64854,24-08-2026,20:36,N21,VIIRS,n,N,306.06,287.19,5.21,0.45,0.39,2.0NRT
FIRMS_001308,21.1012,72.63512,24-08-2026,20:36,N21,VIIRS,n,N,343.9,286.91,6.84,0.45,0.39,2.0NRT
FIRMS_001309,21.1006,72.63942,24-08-2026,20:36,N21,VIIRS,n,N,303.78,284.69,6.84,0.45,0.39,2.0NRT
FIRMS_001310,20.91008,71.45858,24-08-2026,20:36,N21,VIIRS,n,N,304.73,291.81,1.97,0.51,0.41,2.0NRT
FIRMS_001311,19.93503,73.71155,24-08-2026,20:36,N21,VIIRS,n,N,317.95,290.33,2.2,0.4,0.37,2.0NRT
FIRMS_001312,22.93522,69.69798,24-08-2026,20:36,N21,VIIRS,n,N,309.2,293.68,1.47,0.45,0.47,2.0NRT
FIRMS_001313,22.93092,69.6974,24-08-2026,20:36,N21,VIIRS,n,N,305.22,293.62,1.29,0.45,0.47,2.0NRT
FIRMS_001314,23.31523,70.48663,24-08-2026,20:36,N21,VIIRS,n,N,306.28,294.42,1.6,0.41,0.45,2.0NRT
FIRMS_001315,22.34392,69.86665,24-08-2026,20:36,N21,VIIRS,n,N,339.9,293.84,7.01,0.43,0.46,2.0NRT
FIRMS_001316,22.3444,69.86245,24-08-2026,20:36,N21,VIIRS,n,N,308.11,293.06,2.37,0.44,0.46,2.0NRT
FIRMS_001317,22.34343,69.87085,24-08-2026,20:36,N21,VIIRS,n,N,313.73,293.41,7.01,0.43,0.46,2.0NRT
FIRMS_001318,22.34017,69.86192,24-08-2026,20:36,N21,VIIRS,n,N,307.83,293.93,3.82,0.44,0.46,2.0NRT
FIRMS_001319,22.33969,69.86611,24-08-2026,20:36,N21,VIIRS,n,N,315.85,294.07,2.69,0.43,0.46,2.0NRT
FIRMS_001320,22.33921,69.8703,24-08-2026,20:36,N21,VIIRS,n,N,309.15,293.54,2.69,0.43,0.46,2.0NRT
FIRMS_001321,21.11155,72.63502,24-08-2026,20:36,N21,VIIRS,n,N,306.84,285.95,2.62,0.45,0.39,2.0NRT
FIRMS_001322,21.11185,72.63676,24-08-2026,20:36,N21,VIIRS,n,N,305.79,286.44,2.38,0.45,0.39,2.0NRT
FIRMS_001323,21.1071,72.6448,24-08-2026,20:36,N21,VIIRS,n,N,333.63,286.64,5.21,0.45,0.39,2.0NRT
FIRMS_001324,21.1083,72.63621,24-08-2026,20:36,N21,VIIRS,n,N,314.67,287.72,1.32,0.45,0.39,2.0NRT
FIRMS_001325,21.1077,72.6405,24-08-2026,20:36,N21,VIIRS,n,N,305.03,286.38,1.32,0.45,0.39,2.0NRT
FIRMS_001326,21.10649,72.64909,24-08-2026,20:36,N21,VIIRS,n,N,309.21,287.92,5.21,0.45,0.39,2.0NRT
FIRMS_001327,21.10355,72.64426,24-08-2026,20:36,N21,VIIRS,n,N,333.39,286.73,5.21,0.45,0.39,2.0NRT
FIRMS_001328,21.10475,72.63566,24-08-2026,20:36,N21,VIIRS,n,N,311.84,286.77,1.32,0.45,0.39,2.0NRT
FIRMS_001329,21.10415,72.63996,24-08-2026,20:36,N21,VIIRS,n,N,305.3,285.08,1.32,0.45,0.39,2.0NRT
FIRMS_001330,15.14153,76.96049,25-08-2026,07:46,N21,VIIRS,n,D,331.71,289.56,1.82,0.41,0.45,2.0NRT
FIRMS_001331,28.70671,76.85614,25-08-2026,20:14,N21,VIIRS,n,N,306.17,283.28,1.35,0.39,0.44,2.0NRT
FIRMS_001332,18.69251,73.03823,25-08-2026,20:17,N21,VIIRS,n,N,306.34,291.2,3.2,0.49,0.49,2.0NRT
FIRMS_001333,18.69194,73.04287,25-08-2026,20:17,N21,VIIRS,n,N,307.97,291.16,2.48,0.49,0.49,2.0NRT
FIRMS_001334,18.67913,73.0365,25-08-2026,20:17,N21,VIIRS,n,N,304.98,290.52,4,0.49,0.49,2.0NRT
FIRMS_001335,17.46485,80.65231,25-08-2026,20:17,N21,VIIRS,n,N,308.11,286.21,1.05,0.39,0.36,2.0NRT
FIRMS_001336,15.68491,78.45717,25-08-2026,20:17,N21,VIIRS,n,N,305.93,291.89,2.33,0.39,0.36,2.0NRT
FIRMS_001337,15.65657,73.98945,25-08-2026,20:17,N21,VIIRS,n,N,298.34,286.54,1.7,0.39,0.44,2.0NRT
FIRMS_001338,15.17786,77.10236,25-08-2026,20:17,N21,VIIRS,n,N,309.04,292.29,1.05,0.41,0.37,2.0NRT
FIRMS_001339,15.22395,76.76291,25-08-2026,20:17,N21,VIIRS,n,N,305.15,292.43,1.23,0.42,0.38,2.0NRT
FIRMS_001340,15.17445,77.10182,25-08-2026,20:17,N21,VIIRS,n,N,308.87,292.14,1.05,0.41,0.37,2.0NRT
FIRMS_001341,15.02173,78.0117,25-08-2026,20:17,N21,VIIRS,n,N,302.82,285.54,0.71,0.39,0.36,2.0NRT
FIRMS_001342,15.02118,78.01533,25-08-2026,20:17,N21,VIIRS,n,N,305.27,286.28,0.71,0.39,0.36,2.0NRT
FIRMS_001343,15.18715,76.6579,25-08-2026,20:17,N21,VIIRS,n,N,302.1,288.92,2.19,0.43,0.38,2.0NRT
FIRMS_001344,15.18253,76.66524,25-08-2026,20:17,N21,VIIRS,n,N,319.43,286.59,2.35,0.43,0.38,2.0NRT
FIRMS_001345,15.18196,76.66917,25-08-2026,20:17,N21,VIIRS,n,N,306.06,287.83,2.35,0.43,0.38,2.0NRT
FIRMS_001346,15.17503,76.69223,25-08-2026,20:17,N21,VIIRS,n,N,311.77,290.27,2.07,0.42,0.38,2.0NRT
FIRMS_001347,15.17676,76.65635,25-08-2026,20:17,N21,VIIRS,n,N,320.65,291.17,2.56,0.43,0.38,2.0NRT
FIRMS_001348,15.17734,76.65241,25-08-2026,20:17,N21,VIIRS,n,N,311.91,290.79,3.24,0.43,0.38,2.0NRT
FIRMS_001349,15.17156,76.69174,25-08-2026,20:17,N21,VIIRS,n,N,316.27,291.73,2.76,0.42,0.38,2.0NRT
FIRMS_001350,15.1733,76.65583,25-08-2026,20:17,N21,VIIRS,n,N,308.24,290.83,2.56,0.43,0.38,2.0NRT
FIRMS_001351,21.31093,81.59187,25-08-2026,20:17,N21,VIIRS,n,N,307.1,290.05,1.29,0.39,0.36,2.0NRT
FIRMS_001352,18.80414,74.25832,25-08-2026,20:17,N21,VIIRS,n,N,314.73,290.13,1.88,0.41,0.45,2.0NRT
FIRMS_001353,21.19608,81.41749,25-08-2026,20:17,N21,VIIRS,n,N,317.2,289.77,1.76,0.39,0.36,2.0NRT
FIRMS_001354,21.19365,81.39023,25-08-2026,20:17,N21,VIIRS,n,N,312.39,290.55,1.27,0.39,0.36,2.0NRT
FIRMS_001355,21.19034,81.38962,25-08-2026,20:17,N21,VIIRS,n,N,306.42,289.59,1.27,0.39,0.36,2.0NRT
FIRMS_001356,21.18644,81.39273,25-08-2026,20:17,N21,VIIRS,n,N,307.39,290.17,2.81,0.39,0.36,2.0NRT
FIRMS_001357,21.18432,81.38468,25-08-2026,20:17,N21,VIIRS,n,N,308.6,290.35,1.61,0.39,0.36,2.0NRT
FIRMS_001358,21.18102,81.38407,25-08-2026,20:17,N21,VIIRS,n,N,309.56,290.28,2.19,0.39,0.36,2.0NRT
FIRMS_001359,21.19039,81.19882,25-08-2026,20:17,N21,VIIRS,n,N,308.46,290.78,1.32,0.39,0.36,2.0NRT
FIRMS_001360,26.75887,83.20107,25-08-2026,20:17,N21,VIIRS,n,N,310.96,289.53,1.19,0.4,0.37,2.0NRT
FIRMS_001361,25.94452,72.18851,25-08-2026,20:17,N21,VIIRS,n,N,300.18,277.97,0.85,0.34,0.56,2.0NRT
FIRMS_001362,23.55735,87.24048,25-08-2026,20:17,N21,VIIRS,n,N,308.03,279.43,1.85,0.43,0.46,2.0NRT
FIRMS_001363,22.37963,87.27699,25-08-2026,20:17,N21,VIIRS,n,N,300.96,278.05,1.96,0.46,0.47,2.0NRT
FIRMS_001364,22.37453,87.28033,25-08-2026,20:17,N21,VIIRS,n,N,298.06,274.56,1.31,0.46,0.47,2.0NRT
FIRMS_001365,23.16651,82.34164,25-08-2026,20:17,N21,VIIRS,n,N,303.04,266.14,0.75,0.4,0.37,2.0NRT
FIRMS_001366,23.16381,82.33716,25-08-2026,20:17,N21,VIIRS,n,N,304.82,266.63,1.46,0.4,0.37,2.0NRT
FIRMS_001367,23.16317,82.34101,25-08-2026,20:17,N21,VIIRS,n,N,299.79,265.73,0.75,0.4,0.37,2.0NRT
FIRMS_001368,22.35787,82.30326,25-08-2026,20:17,N21,VIIRS,n,N,311.19,264.88,1.31,0.4,0.37,2.0NRT
FIRMS_001369,21.74682,83.84542,25-08-2026,20:17,N21,VIIRS,n,N,303.7,279.88,2.91,0.46,0.39,2.0NRT
FIRMS_001370,21.73116,82.21548,25-08-2026,20:17,N21,VIIRS,n,N,306.81,287.73,1.19,0.4,0.37,2.0NRT
FIRMS_001371,21.37509,81.68103,25-08-2026,20:17,N21,VIIRS,n,N,314.57,290.19,3.85,0.39,0.36,2.0NRT
FIRMS_001372,21.37116,81.68417,25-08-2026,20:17,N21,VIIRS,n,N,308.19,289.83,2.32,0.39,0.36,2.0NRT
FIRMS_001373,21.37453,81.64227,25-08-2026,20:17,N21,VIIRS,n,N,309,289.59,2.78,0.39,0.36,2.0NRT
FIRMS_001374,21.36512,81.67917,25-08-2026,20:17,N21,VIIRS,n,N,306.52,289.6,1.98,0.39,0.36,2.0NRT
FIRMS_001375,21.24484,81.76915,25-08-2026,20:17,N21,VIIRS,n,N,304.63,289.61,1.21,0.4,0.37,2.0NRT
FIRMS_001376,10.77575,78.88298,25-08-2026,20:19,N21,VIIRS,n,N,305.38,283.61,1.6,0.39,0.36,2.0NRT
FIRMS_001377,12.2171,79.00295,25-08-2026,20:19,N21,VIIRS,n,N,299.01,272.29,0.9,0.39,0.36,2.0NRT
FIRMS_001378,12.91749,79.11784,25-08-2026,20:19,N21,VIIRS,n,N,304.36,281.42,0.7,0.39,0.36,2.0NRT
FIRMS_001379,20.91191,71.45881,25-08-2026,20:19,N21,VIIRS,n,N,305.05,290.37,0.96,0.33,0.55,2.0NRT
FIRMS_001380,19.82038,79.23856,25-08-2026,20:19,N21,VIIRS,n,N,322.73,286.31,1.6,0.39,0.36,2.0NRT
FIRMS_001381,17.95628,80.79455,25-08-2026,20:19,N21,VIIRS,n,N,329.1,292.45,5.23,0.39,0.36,2.0NRT
FIRMS_001382,17.95747,80.7872,25-08-2026,20:19,N21,VIIRS,n,N,309.77,291.44,3.33,0.39,0.36,2.0NRT
